год,регион,отрасль,показатель,значение,единица_измерения,источник,ссылка,год_число,период,полнота,регион_норм,уровень_агрегации,текст_для_rag
2025 (апр-июнь),Забайкальский край,труд,уровень безработицы,4.2,%,EastRussia (обзор соц.-экон. показателей ДФО),https://eastrussia.ru/news/na-dalnem-vostoke-snizilis-otpusknye-tseny-na-krasnuyu-ikru/,2025,Q2,высокая,Забайкальский край,регион_ДФО,В 2025 году (Q2) в регионе Забайкальский край показатель «уровень безработицы» в отрасли «труд» составил 4.2 %. Источник: EastRussia (обзор соц.-экон. показателей ДФО).
2025 (апр-июнь),Амурская область,труд,уровень безработицы (самый низкий в ДФО),1.1,%,EastRussia,https://eastrussia.ru/news/na-dalnem-vostoke-snizilis-otpusknye-tseny-na-krasnuyu-ikru/,2025,Q2,высокая,Амурская область,регион_ДФО,В 2025 году (Q2) в регионе Амурская область показатель «уровень безработицы (самый низкий в ДФО)» в отрасли «труд» составил 1.1 %. Источник: EastRussia.
2025 (апр-июнь),Хабаровский край,труд,уровень безработицы,1.2,%,EastRussia,https://eastrussia.ru/news/na-dalnem-vostoke-snizilis-otpusknye-tseny-na-krasnuyu-ikru/,2025,Q2,высокая,Хабаровский край,регион_ДФО,В 2025 году (Q2) в регионе Хабаровский край показатель «уровень безработицы» в отрасли «труд» составил 1.2 %. Источник: EastRussia.
2025 (апр-июнь),РФ (справочно),труд,общероссийский уровень безработицы,2.2,%,EastRussia (со ссылкой на Росстат),https://eastrussia.ru/news/na-dalnem-vostoke-snizilis-otpusknye-tseny-na-krasnuyu-ikru/,2025,Q2,высокая,Российская Федерация,РФ,В 2025 году (Q2) в регионе Российская Федерация показатель «общероссийский уровень безработицы» в отрасли «труд» составил 2.2 %. Источник: EastRussia (со ссылкой на Росстат).
"2025 (декабрь, г/г)",Бурятия,труд,рост среднемесячной заработной платы,14.6,% г/г,EastRussia,https://eastrussia.ru/news/yubileynyy-pyatyy-mamafest-proshel-v-khabarovske/,2025,Dec,высокая,Республика Бурятия,регион_ДФО,В 2025 году (Dec) в регионе Республика Бурятия показатель «рост среднемесячной заработной платы» в отрасли «труд» составил 14.6 % г/г. Источник: EastRussia.
"2025 (декабрь, г/г)",Еврейская АО,труд,рост среднемесячной заработной платы,13.8,% г/г,EastRussia,https://eastrussia.ru/news/yubileynyy-pyatyy-mamafest-proshel-v-khabarovske/,2025,Dec,высокая,Еврейская автономная область,регион_ДФО,В 2025 году (Dec) в регионе Еврейская автономная область показатель «рост среднемесячной заработной платы» в отрасли «труд» составил 13.8 % г/г. Источник: EastRussia.
"2025 (декабрь, г/г)",Камчатский край,труд,рост среднемесячной заработной платы,13.0,% г/г,EastRussia,https://eastrussia.ru/news/yubileynyy-pyatyy-mamafest-proshel-v-khabarovske/,2025,Dec,высокая,Камчатский край,регион_ДФО,В 2025 году (Dec) в регионе Камчатский край показатель «рост среднемесячной заработной платы» в отрасли «труд» составил 13.0 % г/г. Источник: EastRussia.
"2025 (декабрь, г/г)",Хабаровский край,труд,рост среднемесячной заработной платы,10.8,% г/г,EastRussia,https://eastrussia.ru/news/yubileynyy-pyatyy-mamafest-proshel-v-khabarovske/,2025,Dec,высокая,Хабаровский край,регион_ДФО,В 2025 году (Dec) в регионе Хабаровский край показатель «рост среднемесячной заработной платы» в отрасли «труд» составил 10.8 % г/г. Источник: EastRussia.
"2025 (декабрь, г/г)",Амурская область,труд,рост среднемесячной заработной платы,10.3,% г/г,EastRussia,https://eastrussia.ru/news/yubileynyy-pyatyy-mamafest-proshel-v-khabarovske/,2025,Dec,высокая,Амурская область,регион_ДФО,В 2025 году (Dec) в регионе Амурская область показатель «рост среднемесячной заработной платы» в отрасли «труд» составил 10.3 % г/г. Источник: EastRussia.
"2025 (декабрь, г/г)",Приморский край,труд,рост среднемесячной заработной платы (наименьший темп в ДФО),2.6,% г/г,EastRussia,https://eastrussia.ru/news/yubileynyy-pyatyy-mamafest-proshel-v-khabarovske/,2025,Dec,высокая,Приморский край,регион_ДФО,В 2025 году (Dec) в регионе Приморский край показатель «рост среднемесячной заработной платы (наименьший темп в ДФО)» в отрасли «труд» составил 2.6 % г/г. Источник: EastRussia.
"2025 (декабрь, г/г)",РФ (справочно),труд,общероссийский рост заработной платы,8.1,% г/г,EastRussia,https://eastrussia.ru/news/yubileynyy-pyatyy-mamafest-proshel-v-khabarovske/,2025,Dec,высокая,Российская Федерация,РФ,В 2025 году (Dec) в регионе Российская Федерация показатель «общероссийский рост заработной платы» в отрасли «труд» составил 8.1 % г/г. Источник: EastRussia.
январь-март 2024,Республика Саха (Якутия),промышленность,индекс промышленного производства (январь-март 2024 к январю-марту 2023),"108,9",% к соотв. периоду пред. года,Амурстат / Росстат (мониторинг соц.-экон. развития регионов ДФО),https://28.rosstat.gov.ru/storage//2024/05-03/35mLvBNi/2024_new1.pdf,2024,Q1,высокая,Республика Саха (Якутия),регион_ДФО,"В 2024 году (Q1) в регионе Республика Саха (Якутия) показатель «индекс промышленного производства (январь-март 2024 к январю-марту 2023)» в отрасли «промышленность» составил 108,9 % к соотв. периоду пред. года. Источник: Амурстат / Росстат (мониторинг соц.-экон. развития регионов ДФО)."
январь-март 2024,Камчатский край,промышленность,индекс промышленного производства (январь-март 2024 к январю-марту 2023),"108,3",% к соотв. периоду пред. года,Амурстат / Росстат (мониторинг соц.-экон. развития регионов ДФО),https://28.rosstat.gov.ru/storage//2024/05-03/35mLvBNi/2024_new1.pdf,2024,Q1,высокая,Камчатский край,регион_ДФО,"В 2024 году (Q1) в регионе Камчатский край показатель «индекс промышленного производства (январь-март 2024 к январю-марту 2023)» в отрасли «промышленность» составил 108,3 % к соотв. периоду пред. года. Источник: Амурстат / Росстат (мониторинг соц.-экон. развития регионов ДФО)."
январь-март 2024,Приморский край,промышленность,индекс промышленного производства (январь-март 2024 к январю-марту 2023),"108,5",% к соотв. периоду пред. года,Амурстат / Росстат (мониторинг соц.-экон. развития регионов ДФО),https://28.rosstat.gov.ru/storage//2024/05-03/35mLvBNi/2024_new1.pdf,2024,Q1,высокая,Приморский край,регион_ДФО,"В 2024 году (Q1) в регионе Приморский край показатель «индекс промышленного производства (январь-март 2024 к январю-марту 2023)» в отрасли «промышленность» составил 108,5 % к соотв. периоду пред. года. Источник: Амурстат / Росстат (мониторинг соц.-экон. развития регионов ДФО)."
январь-март 2024,Хабаровский край,промышленность,индекс промышленного производства (январь-март 2024 к январю-марту 2023),"101,4",% к соотв. периоду пред. года,Амурстат / Росстат (мониторинг соц.-экон. развития регионов ДФО),https://28.rosstat.gov.ru/storage//2024/05-03/35mLvBNi/2024_new1.pdf,2024,Q1,высокая,Хабаровский край,регион_ДФО,"В 2024 году (Q1) в регионе Хабаровский край показатель «индекс промышленного производства (январь-март 2024 к январю-марту 2023)» в отрасли «промышленность» составил 101,4 % к соотв. периоду пред. года. Источник: Амурстат / Росстат (мониторинг соц.-экон. развития регионов ДФО)."
январь-март 2024,Амурская область,промышленность,индекс промышленного производства (январь-март 2024 к январю-марту 2023),"102,9",% к соотв. периоду пред. года,Амурстат / Росстат (мониторинг соц.-экон. развития регионов ДФО),https://28.rosstat.gov.ru/storage//2024/05-03/35mLvBNi/2024_new1.pdf,2024,Q1,высокая,Амурская область,регион_ДФО,"В 2024 году (Q1) в регионе Амурская область показатель «индекс промышленного производства (январь-март 2024 к январю-марту 2023)» в отрасли «промышленность» составил 102,9 % к соотв. периоду пред. года. Источник: Амурстат / Росстат (мониторинг соц.-экон. развития регионов ДФО)."
январь-март 2024,Магаданская область,промышленность,индекс промышленного производства (январь-март 2024 к январю-марту 2023),"102,8",% к соотв. периоду пред. года,Амурстат / Росстат (мониторинг соц.-экон. развития регионов ДФО),https://28.rosstat.gov.ru/storage//2024/05-03/35mLvBNi/2024_new1.pdf,2024,Q1,высокая,Магаданская область,регион_ДФО,"В 2024 году (Q1) в регионе Магаданская область показатель «индекс промышленного производства (январь-март 2024 к январю-марту 2023)» в отрасли «промышленность» составил 102,8 % к соотв. периоду пред. года. Источник: Амурстат / Росстат (мониторинг соц.-экон. развития регионов ДФО)."
январь-март 2024,Сахалинская область,промышленность,индекс промышленного производства (январь-март 2024 к январю-марту 2023),"100,1",% к соотв. периоду пред. года,Амурстат / Росстат (мониторинг соц.-экон. развития регионов ДФО),https://28.rosstat.gov.ru/storage//2024/05-03/35mLvBNi/2024_new1.pdf,2024,Q1,высокая,Сахалинская область,регион_ДФО,"В 2024 году (Q1) в регионе Сахалинская область показатель «индекс промышленного производства (январь-март 2024 к январю-марту 2023)» в отрасли «промышленность» составил 100,1 % к соотв. периоду пред. года. Источник: Амурстат / Росстат (мониторинг соц.-экон. развития регионов ДФО)."
январь-март 2024,Еврейская автономная область,промышленность,индекс промышленного производства (январь-март 2024 к январю-марту 2023),"92,5",% к соотв. периоду пред. года,Амурстат / Росстат (мониторинг соц.-экон. развития регионов ДФО),https://28.rosstat.gov.ru/storage//2024/05-03/35mLvBNi/2024_new1.pdf,2024,Q1,высокая,Еврейская автономная область,регион_ДФО,"В 2024 году (Q1) в регионе Еврейская автономная область показатель «индекс промышленного производства (январь-март 2024 к январю-марту 2023)» в отрасли «промышленность» составил 92,5 % к соотв. периоду пред. года. Источник: Амурстат / Росстат (мониторинг соц.-экон. развития регионов ДФО)."
январь-март 2024,Чукотский автономный округ,промышленность,индекс промышленного производства (январь-март 2024 к январю-марту 2023),"114,2",% к соотв. периоду пред. года,Амурстат / Росстат (мониторинг соц.-экон. развития регионов ДФО),https://28.rosstat.gov.ru/storage//2024/05-03/35mLvBNi/2024_new1.pdf,2024,Q1,высокая,Чукотский автономный округ,регион_ДФО,"В 2024 году (Q1) в регионе Чукотский автономный округ показатель «индекс промышленного производства (январь-март 2024 к январю-марту 2023)» в отрасли «промышленность» составил 114,2 % к соотв. периоду пред. года. Источник: Амурстат / Росстат (мониторинг соц.-экон. развития регионов ДФО)."
январь-март 2024,Забайкальский край,промышленность,индекс промышленного производства (январь-март 2024 к январю-марту 2023),"101,5",% к соотв. периоду пред. года,Амурстат / Росстат (мониторинг соц.-экон. развития регионов ДФО),https://28.rosstat.gov.ru/storage//2024/05-03/35mLvBNi/2024_new1.pdf,2024,Q1,высокая,Забайкальский край,регион_ДФО,"В 2024 году (Q1) в регионе Забайкальский край показатель «индекс промышленного производства (январь-март 2024 к январю-марту 2023)» в отрасли «промышленность» составил 101,5 % к соотв. периоду пред. года. Источник: Амурстат / Росстат (мониторинг соц.-экон. развития регионов ДФО)."
январь-март 2024,Республика Бурятия,промышленность,индекс промышленного производства (январь-март 2024 к январю-марту 2023),"108,2",% к соотв. периоду пред. года,Амурстат / Росстат (мониторинг соц.-экон. развития регионов ДФО),https://28.rosstat.gov.ru/storage//2024/05-03/35mLvBNi/2024_new1.pdf,2024,Q1,высокая,Республика Бурятия,регион_ДФО,"В 2024 году (Q1) в регионе Республика Бурятия показатель «индекс промышленного производства (январь-март 2024 к январю-марту 2023)» в отрасли «промышленность» составил 108,2 % к соотв. периоду пред. года. Источник: Амурстат / Росстат (мониторинг соц.-экон. развития регионов ДФО)."
январь-июнь 2024,Республика Саха (Якутия),промышленность,индекс промышленного производства (январь-июнь 2024 к январю-июню 2023),"109,5",% к соотв. периоду пред. года,Амурстат / Росстат (мониторинг соц.-экон. развития регионов ДФО),https://28.rosstat.gov.ru/storage//2024/08-01/KJ3ZsxOl/2024_new1.pdf,2024,H1,высокая,Республика Саха (Якутия),регион_ДФО,"В 2024 году (H1) в регионе Республика Саха (Якутия) показатель «индекс промышленного производства (январь-июнь 2024 к январю-июню 2023)» в отрасли «промышленность» составил 109,5 % к соотв. периоду пред. года. Источник: Амурстат / Росстат (мониторинг соц.-экон. развития регионов ДФО)."
январь-июнь 2024,Камчатский край,промышленность,индекс промышленного производства (январь-июнь 2024 к январю-июню 2023),"104,9",% к соотв. периоду пред. года,Амурстат / Росстат (мониторинг соц.-экон. развития регионов ДФО),https://28.rosstat.gov.ru/storage//2024/08-01/KJ3ZsxOl/2024_new1.pdf,2024,H1,высокая,Камчатский край,регион_ДФО,"В 2024 году (H1) в регионе Камчатский край показатель «индекс промышленного производства (январь-июнь 2024 к январю-июню 2023)» в отрасли «промышленность» составил 104,9 % к соотв. периоду пред. года. Источник: Амурстат / Росстат (мониторинг соц.-экон. развития регионов ДФО)."
январь-июнь 2024,Приморский край,промышленность,индекс промышленного производства (январь-июнь 2024 к январю-июню 2023),"101,3",% к соотв. периоду пред. года,Амурстат / Росстат (мониторинг соц.-экон. развития регионов ДФО),https://28.rosstat.gov.ru/storage//2024/08-01/KJ3ZsxOl/2024_new1.pdf,2024,H1,высокая,Приморский край,регион_ДФО,"В 2024 году (H1) в регионе Приморский край показатель «индекс промышленного производства (январь-июнь 2024 к январю-июню 2023)» в отрасли «промышленность» составил 101,3 % к соотв. периоду пред. года. Источник: Амурстат / Росстат (мониторинг соц.-экон. развития регионов ДФО)."
январь-июнь 2024,Хабаровский край,промышленность,индекс промышленного производства (январь-июнь 2024 к январю-июню 2023),"107,9",% к соотв. периоду пред. года,Амурстат / Росстат (мониторинг соц.-экон. развития регионов ДФО),https://28.rosstat.gov.ru/storage//2024/08-01/KJ3ZsxOl/2024_new1.pdf,2024,H1,высокая,Хабаровский край,регион_ДФО,"В 2024 году (H1) в регионе Хабаровский край показатель «индекс промышленного производства (январь-июнь 2024 к январю-июню 2023)» в отрасли «промышленность» составил 107,9 % к соотв. периоду пред. года. Источник: Амурстат / Росстат (мониторинг соц.-экон. развития регионов ДФО)."
январь-июнь 2024,Амурская область,промышленность,индекс промышленного производства (январь-июнь 2024 к январю-июню 2023),"102,5",% к соотв. периоду пред. года,Амурстат / Росстат (мониторинг соц.-экон. развития регионов ДФО),https://28.rosstat.gov.ru/storage//2024/08-01/KJ3ZsxOl/2024_new1.pdf,2024,H1,высокая,Амурская область,регион_ДФО,"В 2024 году (H1) в регионе Амурская область показатель «индекс промышленного производства (январь-июнь 2024 к январю-июню 2023)» в отрасли «промышленность» составил 102,5 % к соотв. периоду пред. года. Источник: Амурстат / Росстат (мониторинг соц.-экон. развития регионов ДФО)."
январь-июнь 2024,Магаданская область,промышленность,индекс промышленного производства (январь-июнь 2024 к январю-июню 2023),"106,5",% к соотв. периоду пред. года,Амурстат / Росстат (мониторинг соц.-экон. развития регионов ДФО),https://28.rosstat.gov.ru/storage//2024/08-01/KJ3ZsxOl/2024_new1.pdf,2024,H1,высокая,Магаданская область,регион_ДФО,"В 2024 году (H1) в регионе Магаданская область показатель «индекс промышленного производства (январь-июнь 2024 к январю-июню 2023)» в отрасли «промышленность» составил 106,5 % к соотв. периоду пред. года. Источник: Амурстат / Росстат (мониторинг соц.-экон. развития регионов ДФО)."
январь-июнь 2024,Сахалинская область,промышленность,индекс промышленного производства (январь-июнь 2024 к январю-июню 2023),"95,6",% к соотв. периоду пред. года,Амурстат / Росстат (мониторинг соц.-экон. развития регионов ДФО),https://28.rosstat.gov.ru/storage//2024/08-01/KJ3ZsxOl/2024_new1.pdf,2024,H1,высокая,Сахалинская область,регион_ДФО,"В 2024 году (H1) в регионе Сахалинская область показатель «индекс промышленного производства (январь-июнь 2024 к январю-июню 2023)» в отрасли «промышленность» составил 95,6 % к соотв. периоду пред. года. Источник: Амурстат / Росстат (мониторинг соц.-экон. развития регионов ДФО)."
январь-июнь 2024,Еврейская автономная область,промышленность,индекс промышленного производства (январь-июнь 2024 к январю-июню 2023),"94,2",% к соотв. периоду пред. года,Амурстат / Росстат (мониторинг соц.-экон. развития регионов ДФО),https://28.rosstat.gov.ru/storage//2024/08-01/KJ3ZsxOl/2024_new1.pdf,2024,H1,высокая,Еврейская автономная область,регион_ДФО,"В 2024 году (H1) в регионе Еврейская автономная область показатель «индекс промышленного производства (январь-июнь 2024 к январю-июню 2023)» в отрасли «промышленность» составил 94,2 % к соотв. периоду пред. года. Источник: Амурстат / Росстат (мониторинг соц.-экон. развития регионов ДФО)."
январь-июнь 2024,Чукотский автономный округ,промышленность,индекс промышленного производства (январь-июнь 2024 к январю-июню 2023),"106,3",% к соотв. периоду пред. года,Амурстат / Росстат (мониторинг соц.-экон. развития регионов ДФО),https://28.rosstat.gov.ru/storage//2024/08-01/KJ3ZsxOl/2024_new1.pdf,2024,H1,высокая,Чукотский автономный округ,регион_ДФО,"В 2024 году (H1) в регионе Чукотский автономный округ показатель «индекс промышленного производства (январь-июнь 2024 к январю-июню 2023)» в отрасли «промышленность» составил 106,3 % к соотв. периоду пред. года. Источник: Амурстат / Росстат (мониторинг соц.-экон. развития регионов ДФО)."
январь-июнь 2024,Забайкальский край,промышленность,индекс промышленного производства (январь-июнь 2024 к январю-июню 2023),"102,2",% к соотв. периоду пред. года,Амурстат / Росстат (мониторинг соц.-экон. развития регионов ДФО),https://28.rosstat.gov.ru/storage//2024/08-01/KJ3ZsxOl/2024_new1.pdf,2024,H1,высокая,Забайкальский край,регион_ДФО,"В 2024 году (H1) в регионе Забайкальский край показатель «индекс промышленного производства (январь-июнь 2024 к январю-июню 2023)» в отрасли «промышленность» составил 102,2 % к соотв. периоду пред. года. Источник: Амурстат / Росстат (мониторинг соц.-экон. развития регионов ДФО)."
январь-июнь 2024,Республика Бурятия,промышленность,индекс промышленного производства (январь-июнь 2024 к январю-июню 2023),"115,1",% к соотв. периоду пред. года,Амурстат / Росстат (мониторинг соц.-экон. развития регионов ДФО),https://28.rosstat.gov.ru/storage//2024/08-01/KJ3ZsxOl/2024_new1.pdf,2024,H1,высокая,Республика Бурятия,регион_ДФО,"В 2024 году (H1) в регионе Республика Бурятия показатель «индекс промышленного производства (январь-июнь 2024 к январю-июню 2023)» в отрасли «промышленность» составил 115,1 % к соотв. периоду пред. года. Источник: Амурстат / Росстат (мониторинг соц.-экон. развития регионов ДФО)."
январь-август 2024,Республика Саха (Якутия),промышленность,индекс промышленного производства (январь-август 2024 к январю-августу 2023),"108,9",% к соотв. периоду пред. года,Амурстат / Росстат (мониторинг соц.-экон. развития регионов ДФО),https://28.rosstat.gov.ru/storage//2024/10-07/K5f2aBl9/2024_new1.pdf,2024,8M,высокая,Республика Саха (Якутия),регион_ДФО,"В 2024 году (8M) в регионе Республика Саха (Якутия) показатель «индекс промышленного производства (январь-август 2024 к январю-августу 2023)» в отрасли «промышленность» составил 108,9 % к соотв. периоду пред. года. Источник: Амурстат / Росстат (мониторинг соц.-экон. развития регионов ДФО)."
январь-август 2024,Камчатский край,промышленность,индекс промышленного производства (январь-август 2024 к январю-августу 2023),"81,6",% к соотв. периоду пред. года,Амурстат / Росстат (мониторинг соц.-экон. развития регионов ДФО),https://28.rosstat.gov.ru/storage//2024/10-07/K5f2aBl9/2024_new1.pdf,2024,8M,высокая,Камчатский край,регион_ДФО,"В 2024 году (8M) в регионе Камчатский край показатель «индекс промышленного производства (январь-август 2024 к январю-августу 2023)» в отрасли «промышленность» составил 81,6 % к соотв. периоду пред. года. Источник: Амурстат / Росстат (мониторинг соц.-экон. развития регионов ДФО)."
январь-август 2024,Приморский край,промышленность,индекс промышленного производства (январь-август 2024 к январю-августу 2023),"101,0",% к соотв. периоду пред. года,Амурстат / Росстат (мониторинг соц.-экон. развития регионов ДФО),https://28.rosstat.gov.ru/storage//2024/10-07/K5f2aBl9/2024_new1.pdf,2024,8M,высокая,Приморский край,регион_ДФО,"В 2024 году (8M) в регионе Приморский край показатель «индекс промышленного производства (январь-август 2024 к январю-августу 2023)» в отрасли «промышленность» составил 101,0 % к соотв. периоду пред. года. Источник: Амурстат / Росстат (мониторинг соц.-экон. развития регионов ДФО)."
январь-август 2024,Хабаровский край,промышленность,индекс промышленного производства (январь-август 2024 к январю-августу 2023),"103,8",% к соотв. периоду пред. года,Амурстат / Росстат (мониторинг соц.-экон. развития регионов ДФО),https://28.rosstat.gov.ru/storage//2024/10-07/K5f2aBl9/2024_new1.pdf,2024,8M,высокая,Хабаровский край,регион_ДФО,"В 2024 году (8M) в регионе Хабаровский край показатель «индекс промышленного производства (январь-август 2024 к январю-августу 2023)» в отрасли «промышленность» составил 103,8 % к соотв. периоду пред. года. Источник: Амурстат / Росстат (мониторинг соц.-экон. развития регионов ДФО)."
январь-август 2024,Амурская область,промышленность,индекс промышленного производства (январь-август 2024 к январю-августу 2023),"97,2",% к соотв. периоду пред. года,Амурстат / Росстат (мониторинг соц.-экон. развития регионов ДФО),https://28.rosstat.gov.ru/storage//2024/10-07/K5f2aBl9/2024_new1.pdf,2024,8M,высокая,Амурская область,регион_ДФО,"В 2024 году (8M) в регионе Амурская область показатель «индекс промышленного производства (январь-август 2024 к январю-августу 2023)» в отрасли «промышленность» составил 97,2 % к соотв. периоду пред. года. Источник: Амурстат / Росстат (мониторинг соц.-экон. развития регионов ДФО)."
январь-август 2024,Магаданская область,промышленность,индекс промышленного производства (январь-август 2024 к январю-августу 2023),"104,2",% к соотв. периоду пред. года,Амурстат / Росстат (мониторинг соц.-экон. развития регионов ДФО),https://28.rosstat.gov.ru/storage//2024/10-07/K5f2aBl9/2024_new1.pdf,2024,8M,высокая,Магаданская область,регион_ДФО,"В 2024 году (8M) в регионе Магаданская область показатель «индекс промышленного производства (январь-август 2024 к январю-августу 2023)» в отрасли «промышленность» составил 104,2 % к соотв. периоду пред. года. Источник: Амурстат / Росстат (мониторинг соц.-экон. развития регионов ДФО)."
январь-август 2024,Сахалинская область,промышленность,индекс промышленного производства (январь-август 2024 к январю-августу 2023),"96,6",% к соотв. периоду пред. года,Амурстат / Росстат (мониторинг соц.-экон. развития регионов ДФО),https://28.rosstat.gov.ru/storage//2024/10-07/K5f2aBl9/2024_new1.pdf,2024,8M,высокая,Сахалинская область,регион_ДФО,"В 2024 году (8M) в регионе Сахалинская область показатель «индекс промышленного производства (январь-август 2024 к январю-августу 2023)» в отрасли «промышленность» составил 96,6 % к соотв. периоду пред. года. Источник: Амурстат / Росстат (мониторинг соц.-экон. развития регионов ДФО)."
январь-август 2024,Еврейская автономная область,промышленность,индекс промышленного производства (январь-август 2024 к январю-августу 2023),"92,7",% к соотв. периоду пред. года,Амурстат / Росстат (мониторинг соц.-экон. развития регионов ДФО),https://28.rosstat.gov.ru/storage//2024/10-07/K5f2aBl9/2024_new1.pdf,2024,8M,высокая,Еврейская автономная область,регион_ДФО,"В 2024 году (8M) в регионе Еврейская автономная область показатель «индекс промышленного производства (январь-август 2024 к январю-августу 2023)» в отрасли «промышленность» составил 92,7 % к соотв. периоду пред. года. Источник: Амурстат / Росстат (мониторинг соц.-экон. развития регионов ДФО)."
январь-август 2024,Чукотский автономный округ,промышленность,индекс промышленного производства (январь-август 2024 к январю-августу 2023),"105,9",% к соотв. периоду пред. года,Амурстат / Росстат (мониторинг соц.-экон. развития регионов ДФО),https://28.rosstat.gov.ru/storage//2024/10-07/K5f2aBl9/2024_new1.pdf,2024,8M,высокая,Чукотский автономный округ,регион_ДФО,"В 2024 году (8M) в регионе Чукотский автономный округ показатель «индекс промышленного производства (январь-август 2024 к январю-августу 2023)» в отрасли «промышленность» составил 105,9 % к соотв. периоду пред. года. Источник: Амурстат / Росстат (мониторинг соц.-экон. развития регионов ДФО)."
январь-август 2024,Забайкальский край,промышленность,индекс промышленного производства (январь-август 2024 к январю-августу 2023),"102,1",% к соотв. периоду пред. года,Амурстат / Росстат (мониторинг соц.-экон. развития регионов ДФО),https://28.rosstat.gov.ru/storage//2024/10-07/K5f2aBl9/2024_new1.pdf,2024,8M,высокая,Забайкальский край,регион_ДФО,"В 2024 году (8M) в регионе Забайкальский край показатель «индекс промышленного производства (январь-август 2024 к январю-августу 2023)» в отрасли «промышленность» составил 102,1 % к соотв. периоду пред. года. Источник: Амурстат / Росстат (мониторинг соц.-экон. развития регионов ДФО)."
январь-август 2024,Республика Бурятия,промышленность,индекс промышленного производства (январь-август 2024 к январю-августу 2023),"111,3",% к соотв. периоду пред. года,Амурстат / Росстат (мониторинг соц.-экон. развития регионов ДФО),https://28.rosstat.gov.ru/storage//2024/10-07/K5f2aBl9/2024_new1.pdf,2024,8M,высокая,Республика Бурятия,регион_ДФО,"В 2024 году (8M) в регионе Республика Бурятия показатель «индекс промышленного производства (январь-август 2024 к январю-августу 2023)» в отрасли «промышленность» составил 111,3 % к соотв. периоду пред. года. Источник: Амурстат / Росстат (мониторинг соц.-экон. развития регионов ДФО)."
январь-октябрь 2024,Республика Саха (Якутия),промышленность,индекс промышленного производства (январь-октябрь 2024 к январю-октябрю 2023),"109,7",% к соотв. периоду пред. года,Амурстат / Росстат (мониторинг соц.-экон. развития регионов ДФО),https://28.rosstat.gov.ru/storage/mediabank/2024_new1.pdf,2024,10M,высокая,Республика Саха (Якутия),регион_ДФО,"В 2024 году (10M) в регионе Республика Саха (Якутия) показатель «индекс промышленного производства (январь-октябрь 2024 к январю-октябрю 2023)» в отрасли «промышленность» составил 109,7 % к соотв. периоду пред. года. Источник: Амурстат / Росстат (мониторинг соц.-экон. развития регионов ДФО)."
январь-октябрь 2024,Камчатский край,промышленность,индекс промышленного производства (январь-октябрь 2024 к январю-октябрю 2023),"82,5",% к соотв. периоду пред. года,Амурстат / Росстат (мониторинг соц.-экон. развития регионов ДФО),https://28.rosstat.gov.ru/storage/mediabank/2024_new1.pdf,2024,10M,высокая,Камчатский край,регион_ДФО,"В 2024 году (10M) в регионе Камчатский край показатель «индекс промышленного производства (январь-октябрь 2024 к январю-октябрю 2023)» в отрасли «промышленность» составил 82,5 % к соотв. периоду пред. года. Источник: Амурстат / Росстат (мониторинг соц.-экон. развития регионов ДФО)."
январь-октябрь 2024,Приморский край,промышленность,индекс промышленного производства (январь-октябрь 2024 к январю-октябрю 2023),"105,3",% к соотв. периоду пред. года,Амурстат / Росстат (мониторинг соц.-экон. развития регионов ДФО),https://28.rosstat.gov.ru/storage/mediabank/2024_new1.pdf,2024,10M,высокая,Приморский край,регион_ДФО,"В 2024 году (10M) в регионе Приморский край показатель «индекс промышленного производства (январь-октябрь 2024 к январю-октябрю 2023)» в отрасли «промышленность» составил 105,3 % к соотв. периоду пред. года. Источник: Амурстат / Росстат (мониторинг соц.-экон. развития регионов ДФО)."
январь-октябрь 2024,Хабаровский край,промышленность,индекс промышленного производства (январь-октябрь 2024 к январю-октябрю 2023),"106,4",% к соотв. периоду пред. года,Амурстат / Росстат (мониторинг соц.-экон. развития регионов ДФО),https://28.rosstat.gov.ru/storage/mediabank/2024_new1.pdf,2024,10M,высокая,Хабаровский край,регион_ДФО,"В 2024 году (10M) в регионе Хабаровский край показатель «индекс промышленного производства (январь-октябрь 2024 к январю-октябрю 2023)» в отрасли «промышленность» составил 106,4 % к соотв. периоду пред. года. Источник: Амурстат / Росстат (мониторинг соц.-экон. развития регионов ДФО)."
январь-октябрь 2024,Амурская область,промышленность,индекс промышленного производства (январь-октябрь 2024 к январю-октябрю 2023),"96,4",% к соотв. периоду пред. года,Амурстат / Росстат (мониторинг соц.-экон. развития регионов ДФО),https://28.rosstat.gov.ru/storage/mediabank/2024_new1.pdf,2024,10M,высокая,Амурская область,регион_ДФО,"В 2024 году (10M) в регионе Амурская область показатель «индекс промышленного производства (январь-октябрь 2024 к январю-октябрю 2023)» в отрасли «промышленность» составил 96,4 % к соотв. периоду пред. года. Источник: Амурстат / Росстат (мониторинг соц.-экон. развития регионов ДФО)."
январь-октябрь 2024,Магаданская область,промышленность,индекс промышленного производства (январь-октябрь 2024 к январю-октябрю 2023),"103,5",% к соотв. периоду пред. года,Амурстат / Росстат (мониторинг соц.-экон. развития регионов ДФО),https://28.rosstat.gov.ru/storage/mediabank/2024_new1.pdf,2024,10M,высокая,Магаданская область,регион_ДФО,"В 2024 году (10M) в регионе Магаданская область показатель «индекс промышленного производства (январь-октябрь 2024 к январю-октябрю 2023)» в отрасли «промышленность» составил 103,5 % к соотв. периоду пред. года. Источник: Амурстат / Росстат (мониторинг соц.-экон. развития регионов ДФО)."
январь-октябрь 2024,Сахалинская область,промышленность,индекс промышленного производства (январь-октябрь 2024 к январю-октябрю 2023),"97,1",% к соотв. периоду пред. года,Амурстат / Росстат (мониторинг соц.-экон. развития регионов ДФО),https://28.rosstat.gov.ru/storage/mediabank/2024_new1.pdf,2024,10M,высокая,Сахалинская область,регион_ДФО,"В 2024 году (10M) в регионе Сахалинская область показатель «индекс промышленного производства (январь-октябрь 2024 к январю-октябрю 2023)» в отрасли «промышленность» составил 97,1 % к соотв. периоду пред. года. Источник: Амурстат / Росстат (мониторинг соц.-экон. развития регионов ДФО)."
январь-октябрь 2024,Еврейская автономная область,промышленность,индекс промышленного производства (январь-октябрь 2024 к январю-октябрю 2023),"94,1",% к соотв. периоду пред. года,Амурстат / Росстат (мониторинг соц.-экон. развития регионов ДФО),https://28.rosstat.gov.ru/storage/mediabank/2024_new1.pdf,2024,10M,высокая,Еврейская автономная область,регион_ДФО,"В 2024 году (10M) в регионе Еврейская автономная область показатель «индекс промышленного производства (январь-октябрь 2024 к январю-октябрю 2023)» в отрасли «промышленность» составил 94,1 % к соотв. периоду пред. года. Источник: Амурстат / Росстат (мониторинг соц.-экон. развития регионов ДФО)."
январь-октябрь 2024,Чукотский автономный округ,промышленность,индекс промышленного производства (январь-октябрь 2024 к январю-октябрю 2023),"104,1",% к соотв. периоду пред. года,Амурстат / Росстат (мониторинг соц.-экон. развития регионов ДФО),https://28.rosstat.gov.ru/storage/mediabank/2024_new1.pdf,2024,10M,высокая,Чукотский автономный округ,регион_ДФО,"В 2024 году (10M) в регионе Чукотский автономный округ показатель «индекс промышленного производства (январь-октябрь 2024 к январю-октябрю 2023)» в отрасли «промышленность» составил 104,1 % к соотв. периоду пред. года. Источник: Амурстат / Росстат (мониторинг соц.-экон. развития регионов ДФО)."
январь-октябрь 2024,Забайкальский край,промышленность,индекс промышленного производства (январь-октябрь 2024 к январю-октябрю 2023),"101,5",% к соотв. периоду пред. года,Амурстат / Росстат (мониторинг соц.-экон. развития регионов ДФО),https://28.rosstat.gov.ru/storage/mediabank/2024_new1.pdf,2024,10M,высокая,Забайкальский край,регион_ДФО,"В 2024 году (10M) в регионе Забайкальский край показатель «индекс промышленного производства (январь-октябрь 2024 к январю-октябрю 2023)» в отрасли «промышленность» составил 101,5 % к соотв. периоду пред. года. Источник: Амурстат / Росстат (мониторинг соц.-экон. развития регионов ДФО)."
январь-октябрь 2024,Республика Бурятия,промышленность,индекс промышленного производства (январь-октябрь 2024 к январю-октябрю 2023),"108,7",% к соотв. периоду пред. года,Амурстат / Росстат (мониторинг соц.-экон. развития регионов ДФО),https://28.rosstat.gov.ru/storage/mediabank/2024_new1.pdf,2024,10M,высокая,Республика Бурятия,регион_ДФО,"В 2024 году (10M) в регионе Республика Бурятия показатель «индекс промышленного производства (январь-октябрь 2024 к январю-октябрю 2023)» в отрасли «промышленность» составил 108,7 % к соотв. периоду пред. года. Источник: Амурстат / Росстат (мониторинг соц.-экон. развития регионов ДФО)."
январь-ноябрь 2023,Республика Саха (Якутия),промышленность,индекс промышленного производства (январь-ноябрь 2023 к январю-ноябрю 2022),"100,3",% к соотв. периоду пред. года,Амурстат / Росстат (мониторинг соц.-экон. развития регионов ДФО),https://28.rosstat.gov.ru/storage//2024/01-10/oPAfYBi6/2024_new1.pdf,2023,11M,высокая,Республика Саха (Якутия),регион_ДФО,"В 2023 году (11M) в регионе Республика Саха (Якутия) показатель «индекс промышленного производства (январь-ноябрь 2023 к январю-ноябрю 2022)» в отрасли «промышленность» составил 100,3 % к соотв. периоду пред. года. Источник: Амурстат / Росстат (мониторинг соц.-экон. развития регионов ДФО)."
январь-ноябрь 2023,Камчатский край,промышленность,индекс промышленного производства (январь-ноябрь 2023 к январю-ноябрю 2022),"131,7",% к соотв. периоду пред. года,Амурстат / Росстат (мониторинг соц.-экон. развития регионов ДФО),https://28.rosstat.gov.ru/storage//2024/01-10/oPAfYBi6/2024_new1.pdf,2023,11M,высокая,Камчатский край,регион_ДФО,"В 2023 году (11M) в регионе Камчатский край показатель «индекс промышленного производства (январь-ноябрь 2023 к январю-ноябрю 2022)» в отрасли «промышленность» составил 131,7 % к соотв. периоду пред. года. Источник: Амурстат / Росстат (мониторинг соц.-экон. развития регионов ДФО)."
январь-ноябрь 2023,Приморский край,промышленность,индекс промышленного производства (январь-ноябрь 2023 к январю-ноябрю 2022),"93,5",% к соотв. периоду пред. года,Амурстат / Росстат (мониторинг соц.-экон. развития регионов ДФО),https://28.rosstat.gov.ru/storage//2024/01-10/oPAfYBi6/2024_new1.pdf,2023,11M,высокая,Приморский край,регион_ДФО,"В 2023 году (11M) в регионе Приморский край показатель «индекс промышленного производства (январь-ноябрь 2023 к январю-ноябрю 2022)» в отрасли «промышленность» составил 93,5 % к соотв. периоду пред. года. Источник: Амурстат / Росстат (мониторинг соц.-экон. развития регионов ДФО)."
январь-ноябрь 2023,Хабаровский край,промышленность,индекс промышленного производства (январь-ноябрь 2023 к январю-ноябрю 2022),"96,0",% к соотв. периоду пред. года,Амурстат / Росстат (мониторинг соц.-экон. развития регионов ДФО),https://28.rosstat.gov.ru/storage//2024/01-10/oPAfYBi6/2024_new1.pdf,2023,11M,высокая,Хабаровский край,регион_ДФО,"В 2023 году (11M) в регионе Хабаровский край показатель «индекс промышленного производства (январь-ноябрь 2023 к январю-ноябрю 2022)» в отрасли «промышленность» составил 96,0 % к соотв. периоду пред. года. Источник: Амурстат / Росстат (мониторинг соц.-экон. развития регионов ДФО)."
январь-ноябрь 2023,Амурская область,промышленность,индекс промышленного производства (январь-ноябрь 2023 к январю-ноябрю 2022),"94,8",% к соотв. периоду пред. года,Амурстат / Росстат (мониторинг соц.-экон. развития регионов ДФО),https://28.rosstat.gov.ru/storage//2024/01-10/oPAfYBi6/2024_new1.pdf,2023,11M,высокая,Амурская область,регион_ДФО,"В 2023 году (11M) в регионе Амурская область показатель «индекс промышленного производства (январь-ноябрь 2023 к январю-ноябрю 2022)» в отрасли «промышленность» составил 94,8 % к соотв. периоду пред. года. Источник: Амурстат / Росстат (мониторинг соц.-экон. развития регионов ДФО)."
январь-ноябрь 2023,Магаданская область,промышленность,индекс промышленного производства (январь-ноябрь 2023 к январю-ноябрю 2022),"92,7",% к соотв. периоду пред. года,Амурстат / Росстат (мониторинг соц.-экон. развития регионов ДФО),https://28.rosstat.gov.ru/storage//2024/01-10/oPAfYBi6/2024_new1.pdf,2023,11M,высокая,Магаданская область,регион_ДФО,"В 2023 году (11M) в регионе Магаданская область показатель «индекс промышленного производства (январь-ноябрь 2023 к январю-ноябрю 2022)» в отрасли «промышленность» составил 92,7 % к соотв. периоду пред. года. Источник: Амурстат / Росстат (мониторинг соц.-экон. развития регионов ДФО)."
январь-ноябрь 2023,Сахалинская область,промышленность,индекс промышленного производства (январь-ноябрь 2023 к январю-ноябрю 2022),"117,6",% к соотв. периоду пред. года,Амурстат / Росстат (мониторинг соц.-экон. развития регионов ДФО),https://28.rosstat.gov.ru/storage//2024/01-10/oPAfYBi6/2024_new1.pdf,2023,11M,высокая,Сахалинская область,регион_ДФО,"В 2023 году (11M) в регионе Сахалинская область показатель «индекс промышленного производства (январь-ноябрь 2023 к январю-ноябрю 2022)» в отрасли «промышленность» составил 117,6 % к соотв. периоду пред. года. Источник: Амурстат / Росстат (мониторинг соц.-экон. развития регионов ДФО)."
январь-ноябрь 2023,Еврейская автономная область,промышленность,индекс промышленного производства (январь-ноябрь 2023 к январю-ноябрю 2022),"94,2",% к соотв. периоду пред. года,Амурстат / Росстат (мониторинг соц.-экон. развития регионов ДФО),https://28.rosstat.gov.ru/storage//2024/01-10/oPAfYBi6/2024_new1.pdf,2023,11M,высокая,Еврейская автономная область,регион_ДФО,"В 2023 году (11M) в регионе Еврейская автономная область показатель «индекс промышленного производства (январь-ноябрь 2023 к январю-ноябрю 2022)» в отрасли «промышленность» составил 94,2 % к соотв. периоду пред. года. Источник: Амурстат / Росстат (мониторинг соц.-экон. развития регионов ДФО)."
январь-ноябрь 2023,Чукотский автономный округ,промышленность,индекс промышленного производства (январь-ноябрь 2023 к январю-ноябрю 2022),"106,8",% к соотв. периоду пред. года,Амурстат / Росстат (мониторинг соц.-экон. развития регионов ДФО),https://28.rosstat.gov.ru/storage//2024/01-10/oPAfYBi6/2024_new1.pdf,2023,11M,высокая,Чукотский автономный округ,регион_ДФО,"В 2023 году (11M) в регионе Чукотский автономный округ показатель «индекс промышленного производства (январь-ноябрь 2023 к январю-ноябрю 2022)» в отрасли «промышленность» составил 106,8 % к соотв. периоду пред. года. Источник: Амурстат / Росстат (мониторинг соц.-экон. развития регионов ДФО)."
январь-ноябрь 2023,Забайкальский край,промышленность,индекс промышленного производства (январь-ноябрь 2023 к январю-ноябрю 2022),"101,9",% к соотв. периоду пред. года,Амурстат / Росстат (мониторинг соц.-экон. развития регионов ДФО),https://28.rosstat.gov.ru/storage//2024/01-10/oPAfYBi6/2024_new1.pdf,2023,11M,высокая,Забайкальский край,регион_ДФО,"В 2023 году (11M) в регионе Забайкальский край показатель «индекс промышленного производства (январь-ноябрь 2023 к январю-ноябрю 2022)» в отрасли «промышленность» составил 101,9 % к соотв. периоду пред. года. Источник: Амурстат / Росстат (мониторинг соц.-экон. развития регионов ДФО)."
январь-ноябрь 2023,Республика Бурятия,промышленность,индекс промышленного производства (январь-ноябрь 2023 к январю-ноябрю 2022),"96,8",% к соотв. периоду пред. года,Амурстат / Росстат (мониторинг соц.-экон. развития регионов ДФО),https://28.rosstat.gov.ru/storage//2024/01-10/oPAfYBi6/2024_new1.pdf,2023,11M,высокая,Республика Бурятия,регион_ДФО,"В 2023 году (11M) в регионе Республика Бурятия показатель «индекс промышленного производства (январь-ноябрь 2023 к январю-ноябрю 2022)» в отрасли «промышленность» составил 96,8 % к соотв. периоду пред. года. Источник: Амурстат / Росстат (мониторинг соц.-экон. развития регионов ДФО)."
январь-март 2023,Республика Саха (Якутия),промышленность,индекс промышленного производства (январь-март 2023 к январю-марту 2022),"103,7",% к соотв. периоду пред. года,Амурстат / Росстат (мониторинг соц.-экон. развития регионов ДФО),https://28.rosstat.gov.ru/storage//2023/05-04/dD8ByBdb/new1_2023.pdf,2023,Q1,высокая,Республика Саха (Якутия),регион_ДФО,"В 2023 году (Q1) в регионе Республика Саха (Якутия) показатель «индекс промышленного производства (январь-март 2023 к январю-марту 2022)» в отрасли «промышленность» составил 103,7 % к соотв. периоду пред. года. Источник: Амурстат / Росстат (мониторинг соц.-экон. развития регионов ДФО)."
январь-март 2023,Камчатский край,промышленность,индекс промышленного производства (январь-март 2023 к январю-марту 2022),"115,8",% к соотв. периоду пред. года,Амурстат / Росстат (мониторинг соц.-экон. развития регионов ДФО),https://28.rosstat.gov.ru/storage//2023/05-04/dD8ByBdb/new1_2023.pdf,2023,Q1,высокая,Камчатский край,регион_ДФО,"В 2023 году (Q1) в регионе Камчатский край показатель «индекс промышленного производства (январь-март 2023 к январю-марту 2022)» в отрасли «промышленность» составил 115,8 % к соотв. периоду пред. года. Источник: Амурстат / Росстат (мониторинг соц.-экон. развития регионов ДФО)."
январь-март 2023,Приморский край,промышленность,индекс промышленного производства (январь-март 2023 к январю-марту 2022),"85,6",% к соотв. периоду пред. года,Амурстат / Росстат (мониторинг соц.-экон. развития регионов ДФО),https://28.rosstat.gov.ru/storage//2023/05-04/dD8ByBdb/new1_2023.pdf,2023,Q1,высокая,Приморский край,регион_ДФО,"В 2023 году (Q1) в регионе Приморский край показатель «индекс промышленного производства (январь-март 2023 к январю-марту 2022)» в отрасли «промышленность» составил 85,6 % к соотв. периоду пред. года. Источник: Амурстат / Росстат (мониторинг соц.-экон. развития регионов ДФО)."
январь-март 2023,Хабаровский край,промышленность,индекс промышленного производства (январь-март 2023 к январю-марту 2022),"98,1",% к соотв. периоду пред. года,Амурстат / Росстат (мониторинг соц.-экон. развития регионов ДФО),https://28.rosstat.gov.ru/storage//2023/05-04/dD8ByBdb/new1_2023.pdf,2023,Q1,высокая,Хабаровский край,регион_ДФО,"В 2023 году (Q1) в регионе Хабаровский край показатель «индекс промышленного производства (январь-март 2023 к январю-марту 2022)» в отрасли «промышленность» составил 98,1 % к соотв. периоду пред. года. Источник: Амурстат / Росстат (мониторинг соц.-экон. развития регионов ДФО)."
январь-март 2023,Амурская область,промышленность,индекс промышленного производства (январь-март 2023 к январю-марту 2022),"99,3",% к соотв. периоду пред. года,Амурстат / Росстат (мониторинг соц.-экон. развития регионов ДФО),https://28.rosstat.gov.ru/storage//2023/05-04/dD8ByBdb/new1_2023.pdf,2023,Q1,высокая,Амурская область,регион_ДФО,"В 2023 году (Q1) в регионе Амурская область показатель «индекс промышленного производства (январь-март 2023 к январю-марту 2022)» в отрасли «промышленность» составил 99,3 % к соотв. периоду пред. года. Источник: Амурстат / Росстат (мониторинг соц.-экон. развития регионов ДФО)."
январь-март 2023,Магаданская область,промышленность,индекс промышленного производства (январь-март 2023 к январю-марту 2022),"95,8",% к соотв. периоду пред. года,Амурстат / Росстат (мониторинг соц.-экон. развития регионов ДФО),https://28.rosstat.gov.ru/storage//2023/05-04/dD8ByBdb/new1_2023.pdf,2023,Q1,высокая,Магаданская область,регион_ДФО,"В 2023 году (Q1) в регионе Магаданская область показатель «индекс промышленного производства (январь-март 2023 к январю-марту 2022)» в отрасли «промышленность» составил 95,8 % к соотв. периоду пред. года. Источник: Амурстат / Росстат (мониторинг соц.-экон. развития регионов ДФО)."
январь-март 2023,Сахалинская область,промышленность,индекс промышленного производства (январь-март 2023 к январю-марту 2022),"89,8",% к соотв. периоду пред. года,Амурстат / Росстат (мониторинг соц.-экон. развития регионов ДФО),https://28.rosstat.gov.ru/storage//2023/05-04/dD8ByBdb/new1_2023.pdf,2023,Q1,высокая,Сахалинская область,регион_ДФО,"В 2023 году (Q1) в регионе Сахалинская область показатель «индекс промышленного производства (январь-март 2023 к январю-марту 2022)» в отрасли «промышленность» составил 89,8 % к соотв. периоду пред. года. Источник: Амурстат / Росстат (мониторинг соц.-экон. развития регионов ДФО)."
январь-март 2023,Еврейская автономная область,промышленность,индекс промышленного производства (январь-март 2023 к январю-марту 2022),"103,7",% к соотв. периоду пред. года,Амурстат / Росстат (мониторинг соц.-экон. развития регионов ДФО),https://28.rosstat.gov.ru/storage//2023/05-04/dD8ByBdb/new1_2023.pdf,2023,Q1,высокая,Еврейская автономная область,регион_ДФО,"В 2023 году (Q1) в регионе Еврейская автономная область показатель «индекс промышленного производства (январь-март 2023 к январю-марту 2022)» в отрасли «промышленность» составил 103,7 % к соотв. периоду пред. года. Источник: Амурстат / Росстат (мониторинг соц.-экон. развития регионов ДФО)."
январь-март 2023,Чукотский автономный округ,промышленность,индекс промышленного производства (январь-март 2023 к январю-марту 2022),"98,3",% к соотв. периоду пред. года,Амурстат / Росстат (мониторинг соц.-экон. развития регионов ДФО),https://28.rosstat.gov.ru/storage//2023/05-04/dD8ByBdb/new1_2023.pdf,2023,Q1,высокая,Чукотский автономный округ,регион_ДФО,"В 2023 году (Q1) в регионе Чукотский автономный округ показатель «индекс промышленного производства (январь-март 2023 к январю-марту 2022)» в отрасли «промышленность» составил 98,3 % к соотв. периоду пред. года. Источник: Амурстат / Росстат (мониторинг соц.-экон. развития регионов ДФО)."
январь-март 2023,Забайкальский край,промышленность,индекс промышленного производства (январь-март 2023 к январю-марту 2022),"103,3",% к соотв. периоду пред. года,Амурстат / Росстат (мониторинг соц.-экон. развития регионов ДФО),https://28.rosstat.gov.ru/storage//2023/05-04/dD8ByBdb/new1_2023.pdf,2023,Q1,высокая,Забайкальский край,регион_ДФО,"В 2023 году (Q1) в регионе Забайкальский край показатель «индекс промышленного производства (январь-март 2023 к январю-марту 2022)» в отрасли «промышленность» составил 103,3 % к соотв. периоду пред. года. Источник: Амурстат / Росстат (мониторинг соц.-экон. развития регионов ДФО)."
январь-март 2023,Республика Бурятия,промышленность,индекс промышленного производства (январь-март 2023 к январю-марту 2022),"95,8",% к соотв. периоду пред. года,Амурстат / Росстат (мониторинг соц.-экон. развития регионов ДФО),https://28.rosstat.gov.ru/storage//2023/05-04/dD8ByBdb/new1_2023.pdf,2023,Q1,высокая,Республика Бурятия,регион_ДФО,"В 2023 году (Q1) в регионе Республика Бурятия показатель «индекс промышленного производства (январь-март 2023 к январю-марту 2022)» в отрасли «промышленность» составил 95,8 % к соотв. периоду пред. года. Источник: Амурстат / Росстат (мониторинг соц.-экон. развития регионов ДФО)."
февраль 2024,Республика Саха (Якутия),труд,среднемесячная номинальная начисленная зарплата (февраль 2024),"108958,4",руб.,Амурстат / Росстат (мониторинг соц.-экон. развития регионов ДФО),https://28.rosstat.gov.ru/storage//2024/05-03/35mLvBNi/2024_new1.pdf,2024,Feb,высокая,Республика Саха (Якутия),регион_ДФО,"В 2024 году (Feb) в регионе Республика Саха (Якутия) показатель «среднемесячная номинальная начисленная зарплата (февраль 2024)» в отрасли «труд» составил 108958,4 руб. Источник: Амурстат / Росстат (мониторинг соц.-экон. развития регионов ДФО)."
февраль 2024,Камчатский край,труд,среднемесячная номинальная начисленная зарплата (февраль 2024),"112099,7",руб.,Амурстат / Росстат (мониторинг соц.-экон. развития регионов ДФО),https://28.rosstat.gov.ru/storage//2024/05-03/35mLvBNi/2024_new1.pdf,2024,Feb,высокая,Камчатский край,регион_ДФО,"В 2024 году (Feb) в регионе Камчатский край показатель «среднемесячная номинальная начисленная зарплата (февраль 2024)» в отрасли «труд» составил 112099,7 руб. Источник: Амурстат / Росстат (мониторинг соц.-экон. развития регионов ДФО)."
февраль 2024,Приморский край,труд,среднемесячная номинальная начисленная зарплата (февраль 2024),"75076,3",руб.,Амурстат / Росстат (мониторинг соц.-экон. развития регионов ДФО),https://28.rosstat.gov.ru/storage//2024/05-03/35mLvBNi/2024_new1.pdf,2024,Feb,высокая,Приморский край,регион_ДФО,"В 2024 году (Feb) в регионе Приморский край показатель «среднемесячная номинальная начисленная зарплата (февраль 2024)» в отрасли «труд» составил 75076,3 руб. Источник: Амурстат / Росстат (мониторинг соц.-экон. развития регионов ДФО)."
февраль 2024,Хабаровский край,труд,среднемесячная номинальная начисленная зарплата (февраль 2024),"75167,0",руб.,Амурстат / Росстат (мониторинг соц.-экон. развития регионов ДФО),https://28.rosstat.gov.ru/storage//2024/05-03/35mLvBNi/2024_new1.pdf,2024,Feb,высокая,Хабаровский край,регион_ДФО,"В 2024 году (Feb) в регионе Хабаровский край показатель «среднемесячная номинальная начисленная зарплата (февраль 2024)» в отрасли «труд» составил 75167,0 руб. Источник: Амурстат / Росстат (мониторинг соц.-экон. развития регионов ДФО)."
февраль 2024,Амурская область,труд,среднемесячная номинальная начисленная зарплата (февраль 2024),"74947,5",руб.,Амурстат / Росстат (мониторинг соц.-экон. развития регионов ДФО),https://28.rosstat.gov.ru/storage//2024/05-03/35mLvBNi/2024_new1.pdf,2024,Feb,высокая,Амурская область,регион_ДФО,"В 2024 году (Feb) в регионе Амурская область показатель «среднемесячная номинальная начисленная зарплата (февраль 2024)» в отрасли «труд» составил 74947,5 руб. Источник: Амурстат / Росстат (мониторинг соц.-экон. развития регионов ДФО)."
февраль 2024,Магаданская область,труд,среднемесячная номинальная начисленная зарплата (февраль 2024),"150357,8",руб.,Амурстат / Росстат (мониторинг соц.-экон. развития регионов ДФО),https://28.rosstat.gov.ru/storage//2024/05-03/35mLvBNi/2024_new1.pdf,2024,Feb,высокая,Магаданская область,регион_ДФО,"В 2024 году (Feb) в регионе Магаданская область показатель «среднемесячная номинальная начисленная зарплата (февраль 2024)» в отрасли «труд» составил 150357,8 руб. Источник: Амурстат / Росстат (мониторинг соц.-экон. развития регионов ДФО)."
февраль 2024,Сахалинская область,труд,среднемесячная номинальная начисленная зарплата (февраль 2024),"134069,0",руб.,Амурстат / Росстат (мониторинг соц.-экон. развития регионов ДФО),https://28.rosstat.gov.ru/storage//2024/05-03/35mLvBNi/2024_new1.pdf,2024,Feb,высокая,Сахалинская область,регион_ДФО,"В 2024 году (Feb) в регионе Сахалинская область показатель «среднемесячная номинальная начисленная зарплата (февраль 2024)» в отрасли «труд» составил 134069,0 руб. Источник: Амурстат / Росстат (мониторинг соц.-экон. развития регионов ДФО)."
февраль 2024,Еврейская автономная область,труд,среднемесячная номинальная начисленная зарплата (февраль 2024),"66927,9",руб.,Амурстат / Росстат (мониторинг соц.-экон. развития регионов ДФО),https://28.rosstat.gov.ru/storage//2024/05-03/35mLvBNi/2024_new1.pdf,2024,Feb,высокая,Еврейская автономная область,регион_ДФО,"В 2024 году (Feb) в регионе Еврейская автономная область показатель «среднемесячная номинальная начисленная зарплата (февраль 2024)» в отрасли «труд» составил 66927,9 руб. Источник: Амурстат / Росстат (мониторинг соц.-экон. развития регионов ДФО)."
февраль 2024,Чукотский автономный округ,труд,среднемесячная номинальная начисленная зарплата (февраль 2024),"162543,0",руб.,Амурстат / Росстат (мониторинг соц.-экон. развития регионов ДФО),https://28.rosstat.gov.ru/storage//2024/05-03/35mLvBNi/2024_new1.pdf,2024,Feb,высокая,Чукотский автономный округ,регион_ДФО,"В 2024 году (Feb) в регионе Чукотский автономный округ показатель «среднемесячная номинальная начисленная зарплата (февраль 2024)» в отрасли «труд» составил 162543,0 руб. Источник: Амурстат / Росстат (мониторинг соц.-экон. развития регионов ДФО)."
февраль 2024,Забайкальский край,труд,среднемесячная номинальная начисленная зарплата (февраль 2024),"71526,2",руб.,Амурстат / Росстат (мониторинг соц.-экон. развития регионов ДФО),https://28.rosstat.gov.ru/storage//2024/05-03/35mLvBNi/2024_new1.pdf,2024,Feb,высокая,Забайкальский край,регион_ДФО,"В 2024 году (Feb) в регионе Забайкальский край показатель «среднемесячная номинальная начисленная зарплата (февраль 2024)» в отрасли «труд» составил 71526,2 руб. Источник: Амурстат / Росстат (мониторинг соц.-экон. развития регионов ДФО)."
февраль 2024,Республика Бурятия,труд,среднемесячная номинальная начисленная зарплата (февраль 2024),"63363,2",руб.,Амурстат / Росстат (мониторинг соц.-экон. развития регионов ДФО),https://28.rosstat.gov.ru/storage//2024/05-03/35mLvBNi/2024_new1.pdf,2024,Feb,высокая,Республика Бурятия,регион_ДФО,"В 2024 году (Feb) в регионе Республика Бурятия показатель «среднемесячная номинальная начисленная зарплата (февраль 2024)» в отрасли «труд» составил 63363,2 руб. Источник: Амурстат / Росстат (мониторинг соц.-экон. развития регионов ДФО)."
май 2024,Республика Саха (Якутия),труд,среднемесячная номинальная начисленная зарплата (май 2024),"138666,7",руб.,Амурстат / Росстат (мониторинг соц.-экон. развития регионов ДФО),https://28.rosstat.gov.ru/storage//2024/08-01/KJ3ZsxOl/2024_new1.pdf,2024,May,высокая,Республика Саха (Якутия),регион_ДФО,"В 2024 году (May) в регионе Республика Саха (Якутия) показатель «среднемесячная номинальная начисленная зарплата (май 2024)» в отрасли «труд» составил 138666,7 руб. Источник: Амурстат / Росстат (мониторинг соц.-экон. развития регионов ДФО)."
май 2024,Камчатский край,труд,среднемесячная номинальная начисленная зарплата (май 2024),"157067,1",руб.,Амурстат / Росстат (мониторинг соц.-экон. развития регионов ДФО),https://28.rosstat.gov.ru/storage//2024/08-01/KJ3ZsxOl/2024_new1.pdf,2024,May,высокая,Камчатский край,регион_ДФО,"В 2024 году (May) в регионе Камчатский край показатель «среднемесячная номинальная начисленная зарплата (май 2024)» в отрасли «труд» составил 157067,1 руб. Источник: Амурстат / Росстат (мониторинг соц.-экон. развития регионов ДФО)."
май 2024,Приморский край,труд,среднемесячная номинальная начисленная зарплата (май 2024),"85332,3",руб.,Амурстат / Росстат (мониторинг соц.-экон. развития регионов ДФО),https://28.rosstat.gov.ru/storage//2024/08-01/KJ3ZsxOl/2024_new1.pdf,2024,May,высокая,Приморский край,регион_ДФО,"В 2024 году (May) в регионе Приморский край показатель «среднемесячная номинальная начисленная зарплата (май 2024)» в отрасли «труд» составил 85332,3 руб. Источник: Амурстат / Росстат (мониторинг соц.-экон. развития регионов ДФО)."
май 2024,Хабаровский край,труд,среднемесячная номинальная начисленная зарплата (май 2024),"83411,0",руб.,Амурстат / Росстат (мониторинг соц.-экон. развития регионов ДФО),https://28.rosstat.gov.ru/storage//2024/08-01/KJ3ZsxOl/2024_new1.pdf,2024,May,высокая,Хабаровский край,регион_ДФО,"В 2024 году (May) в регионе Хабаровский край показатель «среднемесячная номинальная начисленная зарплата (май 2024)» в отрасли «труд» составил 83411,0 руб. Источник: Амурстат / Росстат (мониторинг соц.-экон. развития регионов ДФО)."
май 2024,Амурская область,труд,среднемесячная номинальная начисленная зарплата (май 2024),"86899,9",руб.,Амурстат / Росстат (мониторинг соц.-экон. развития регионов ДФО),https://28.rosstat.gov.ru/storage//2024/08-01/KJ3ZsxOl/2024_new1.pdf,2024,May,высокая,Амурская область,регион_ДФО,"В 2024 году (May) в регионе Амурская область показатель «среднемесячная номинальная начисленная зарплата (май 2024)» в отрасли «труд» составил 86899,9 руб. Источник: Амурстат / Росстат (мониторинг соц.-экон. развития регионов ДФО)."
май 2024,Магаданская область,труд,среднемесячная номинальная начисленная зарплата (май 2024),"152829,4",руб.,Амурстат / Росстат (мониторинг соц.-экон. развития регионов ДФО),https://28.rosstat.gov.ru/storage//2024/08-01/KJ3ZsxOl/2024_new1.pdf,2024,May,высокая,Магаданская область,регион_ДФО,"В 2024 году (May) в регионе Магаданская область показатель «среднемесячная номинальная начисленная зарплата (май 2024)» в отрасли «труд» составил 152829,4 руб. Источник: Амурстат / Росстат (мониторинг соц.-экон. развития регионов ДФО)."
май 2024,Сахалинская область,труд,среднемесячная номинальная начисленная зарплата (май 2024),"134250,0",руб.,Амурстат / Росстат (мониторинг соц.-экон. развития регионов ДФО),https://28.rosstat.gov.ru/storage//2024/08-01/KJ3ZsxOl/2024_new1.pdf,2024,May,высокая,Сахалинская область,регион_ДФО,"В 2024 году (May) в регионе Сахалинская область показатель «среднемесячная номинальная начисленная зарплата (май 2024)» в отрасли «труд» составил 134250,0 руб. Источник: Амурстат / Росстат (мониторинг соц.-экон. развития регионов ДФО)."
май 2024,Еврейская автономная область,труд,среднемесячная номинальная начисленная зарплата (май 2024),"77505,6",руб.,Амурстат / Росстат (мониторинг соц.-экон. развития регионов ДФО),https://28.rosstat.gov.ru/storage//2024/08-01/KJ3ZsxOl/2024_new1.pdf,2024,May,высокая,Еврейская автономная область,регион_ДФО,"В 2024 году (May) в регионе Еврейская автономная область показатель «среднемесячная номинальная начисленная зарплата (май 2024)» в отрасли «труд» составил 77505,6 руб. Источник: Амурстат / Росстат (мониторинг соц.-экон. развития регионов ДФО)."
май 2024,Чукотский автономный округ,труд,среднемесячная номинальная начисленная зарплата (май 2024),"194469,0",руб.,Амурстат / Росстат (мониторинг соц.-экон. развития регионов ДФО),https://28.rosstat.gov.ru/storage//2024/08-01/KJ3ZsxOl/2024_new1.pdf,2024,May,высокая,Чукотский автономный округ,регион_ДФО,"В 2024 году (May) в регионе Чукотский автономный округ показатель «среднемесячная номинальная начисленная зарплата (май 2024)» в отрасли «труд» составил 194469,0 руб. Источник: Амурстат / Росстат (мониторинг соц.-экон. развития регионов ДФО)."
май 2024,Забайкальский край,труд,среднемесячная номинальная начисленная зарплата (май 2024),"83387,4",руб.,Амурстат / Росстат (мониторинг соц.-экон. развития регионов ДФО),https://28.rosstat.gov.ru/storage//2024/08-01/KJ3ZsxOl/2024_new1.pdf,2024,May,высокая,Забайкальский край,регион_ДФО,"В 2024 году (May) в регионе Забайкальский край показатель «среднемесячная номинальная начисленная зарплата (май 2024)» в отрасли «труд» составил 83387,4 руб. Источник: Амурстат / Росстат (мониторинг соц.-экон. развития регионов ДФО)."
май 2024,Республика Бурятия,труд,среднемесячная номинальная начисленная зарплата (май 2024),"73984,4",руб.,Амурстат / Росстат (мониторинг соц.-экон. развития регионов ДФО),https://28.rosstat.gov.ru/storage//2024/08-01/KJ3ZsxOl/2024_new1.pdf,2024,May,высокая,Республика Бурятия,регион_ДФО,"В 2024 году (May) в регионе Республика Бурятия показатель «среднемесячная номинальная начисленная зарплата (май 2024)» в отрасли «труд» составил 73984,4 руб. Источник: Амурстат / Росстат (мониторинг соц.-экон. развития регионов ДФО)."
июль 2024,Республика Саха (Якутия),труд,среднемесячная номинальная начисленная зарплата (июль 2024),"115590,7",руб.,Амурстат / Росстат (мониторинг соц.-экон. развития регионов ДФО),https://28.rosstat.gov.ru/storage//2024/10-07/K5f2aBl9/2024_new1.pdf,2024,Jul,высокая,Республика Саха (Якутия),регион_ДФО,"В 2024 году (Jul) в регионе Республика Саха (Якутия) показатель «среднемесячная номинальная начисленная зарплата (июль 2024)» в отрасли «труд» составил 115590,7 руб. Источник: Амурстат / Росстат (мониторинг соц.-экон. развития регионов ДФО)."
июль 2024,Камчатский край,труд,среднемесячная номинальная начисленная зарплата (июль 2024),"118589,5",руб.,Амурстат / Росстат (мониторинг соц.-экон. развития регионов ДФО),https://28.rosstat.gov.ru/storage//2024/10-07/K5f2aBl9/2024_new1.pdf,2024,Jul,высокая,Камчатский край,регион_ДФО,"В 2024 году (Jul) в регионе Камчатский край показатель «среднемесячная номинальная начисленная зарплата (июль 2024)» в отрасли «труд» составил 118589,5 руб. Источник: Амурстат / Росстат (мониторинг соц.-экон. развития регионов ДФО)."
июль 2024,Приморский край,труд,среднемесячная номинальная начисленная зарплата (июль 2024),"83785,5",руб.,Амурстат / Росстат (мониторинг соц.-экон. развития регионов ДФО),https://28.rosstat.gov.ru/storage//2024/10-07/K5f2aBl9/2024_new1.pdf,2024,Jul,высокая,Приморский край,регион_ДФО,"В 2024 году (Jul) в регионе Приморский край показатель «среднемесячная номинальная начисленная зарплата (июль 2024)» в отрасли «труд» составил 83785,5 руб. Источник: Амурстат / Росстат (мониторинг соц.-экон. развития регионов ДФО)."
июль 2024,Хабаровский край,труд,среднемесячная номинальная начисленная зарплата (июль 2024),"84891,0",руб.,Амурстат / Росстат (мониторинг соц.-экон. развития регионов ДФО),https://28.rosstat.gov.ru/storage//2024/10-07/K5f2aBl9/2024_new1.pdf,2024,Jul,высокая,Хабаровский край,регион_ДФО,"В 2024 году (Jul) в регионе Хабаровский край показатель «среднемесячная номинальная начисленная зарплата (июль 2024)» в отрасли «труд» составил 84891,0 руб. Источник: Амурстат / Росстат (мониторинг соц.-экон. развития регионов ДФО)."
июль 2024,Амурская область,труд,среднемесячная номинальная начисленная зарплата (июль 2024),"83623,3",руб.,Амурстат / Росстат (мониторинг соц.-экон. развития регионов ДФО),https://28.rosstat.gov.ru/storage//2024/10-07/K5f2aBl9/2024_new1.pdf,2024,Jul,высокая,Амурская область,регион_ДФО,"В 2024 году (Jul) в регионе Амурская область показатель «среднемесячная номинальная начисленная зарплата (июль 2024)» в отрасли «труд» составил 83623,3 руб. Источник: Амурстат / Росстат (мониторинг соц.-экон. развития регионов ДФО)."
июль 2024,Магаданская область,труд,среднемесячная номинальная начисленная зарплата (июль 2024),"143367,2",руб.,Амурстат / Росстат (мониторинг соц.-экон. развития регионов ДФО),https://28.rosstat.gov.ru/storage//2024/10-07/K5f2aBl9/2024_new1.pdf,2024,Jul,высокая,Магаданская область,регион_ДФО,"В 2024 году (Jul) в регионе Магаданская область показатель «среднемесячная номинальная начисленная зарплата (июль 2024)» в отрасли «труд» составил 143367,2 руб. Источник: Амурстат / Росстат (мониторинг соц.-экон. развития регионов ДФО)."
июль 2024,Сахалинская область,труд,среднемесячная номинальная начисленная зарплата (июль 2024),"129795,0",руб.,Амурстат / Росстат (мониторинг соц.-экон. развития регионов ДФО),https://28.rosstat.gov.ru/storage//2024/10-07/K5f2aBl9/2024_new1.pdf,2024,Jul,высокая,Сахалинская область,регион_ДФО,"В 2024 году (Jul) в регионе Сахалинская область показатель «среднемесячная номинальная начисленная зарплата (июль 2024)» в отрасли «труд» составил 129795,0 руб. Источник: Амурстат / Росстат (мониторинг соц.-экон. развития регионов ДФО)."
июль 2024,Еврейская автономная область,труд,среднемесячная номинальная начисленная зарплата (июль 2024),"79021,3",руб.,Амурстат / Росстат (мониторинг соц.-экон. развития регионов ДФО),https://28.rosstat.gov.ru/storage//2024/10-07/K5f2aBl9/2024_new1.pdf,2024,Jul,высокая,Еврейская автономная область,регион_ДФО,"В 2024 году (Jul) в регионе Еврейская автономная область показатель «среднемесячная номинальная начисленная зарплата (июль 2024)» в отрасли «труд» составил 79021,3 руб. Источник: Амурстат / Росстат (мониторинг соц.-экон. развития регионов ДФО)."
июль 2024,Чукотский автономный округ,труд,среднемесячная номинальная начисленная зарплата (июль 2024),"181435,0",руб.,Амурстат / Росстат (мониторинг соц.-экон. развития регионов ДФО),https://28.rosstat.gov.ru/storage//2024/10-07/K5f2aBl9/2024_new1.pdf,2024,Jul,высокая,Чукотский автономный округ,регион_ДФО,"В 2024 году (Jul) в регионе Чукотский автономный округ показатель «среднемесячная номинальная начисленная зарплата (июль 2024)» в отрасли «труд» составил 181435,0 руб. Источник: Амурстат / Росстат (мониторинг соц.-экон. развития регионов ДФО)."
июль 2024,Забайкальский край,труд,среднемесячная номинальная начисленная зарплата (июль 2024),"80592,4",руб.,Амурстат / Росстат (мониторинг соц.-экон. развития регионов ДФО),https://28.rosstat.gov.ru/storage//2024/10-07/K5f2aBl9/2024_new1.pdf,2024,Jul,высокая,Забайкальский край,регион_ДФО,"В 2024 году (Jul) в регионе Забайкальский край показатель «среднемесячная номинальная начисленная зарплата (июль 2024)» в отрасли «труд» составил 80592,4 руб. Источник: Амурстат / Росстат (мониторинг соц.-экон. развития регионов ДФО)."
июль 2024,Республика Бурятия,труд,среднемесячная номинальная начисленная зарплата (июль 2024),"68998,8",руб.,Амурстат / Росстат (мониторинг соц.-экон. развития регионов ДФО),https://28.rosstat.gov.ru/storage//2024/10-07/K5f2aBl9/2024_new1.pdf,2024,Jul,высокая,Республика Бурятия,регион_ДФО,"В 2024 году (Jul) в регионе Республика Бурятия показатель «среднемесячная номинальная начисленная зарплата (июль 2024)» в отрасли «труд» составил 68998,8 руб. Источник: Амурстат / Росстат (мониторинг соц.-экон. развития регионов ДФО)."
сентябрь 2024,Республика Саха (Якутия),труд,среднемесячная номинальная начисленная зарплата (сентябрь 2024),"116898,9",руб.,Амурстат / Росстат (мониторинг соц.-экон. развития регионов ДФО),https://28.rosstat.gov.ru/storage/mediabank/2024_new1.pdf,2024,Sep,высокая,Республика Саха (Якутия),регион_ДФО,"В 2024 году (Sep) в регионе Республика Саха (Якутия) показатель «среднемесячная номинальная начисленная зарплата (сентябрь 2024)» в отрасли «труд» составил 116898,9 руб. Источник: Амурстат / Росстат (мониторинг соц.-экон. развития регионов ДФО)."
сентябрь 2024,Камчатский край,труд,среднемесячная номинальная начисленная зарплата (сентябрь 2024),"137593,0",руб.,Амурстат / Росстат (мониторинг соц.-экон. развития регионов ДФО),https://28.rosstat.gov.ru/storage/mediabank/2024_new1.pdf,2024,Sep,высокая,Камчатский край,регион_ДФО,"В 2024 году (Sep) в регионе Камчатский край показатель «среднемесячная номинальная начисленная зарплата (сентябрь 2024)» в отрасли «труд» составил 137593,0 руб. Источник: Амурстат / Росстат (мониторинг соц.-экон. развития регионов ДФО)."
сентябрь 2024,Приморский край,труд,среднемесячная номинальная начисленная зарплата (сентябрь 2024),"80868,3",руб.,Амурстат / Росстат (мониторинг соц.-экон. развития регионов ДФО),https://28.rosstat.gov.ru/storage/mediabank/2024_new1.pdf,2024,Sep,высокая,Приморский край,регион_ДФО,"В 2024 году (Sep) в регионе Приморский край показатель «среднемесячная номинальная начисленная зарплата (сентябрь 2024)» в отрасли «труд» составил 80868,3 руб. Источник: Амурстат / Росстат (мониторинг соц.-экон. развития регионов ДФО)."
сентябрь 2024,Хабаровский край,труд,среднемесячная номинальная начисленная зарплата (сентябрь 2024),"83986,0",руб.,Амурстат / Росстат (мониторинг соц.-экон. развития регионов ДФО),https://28.rosstat.gov.ru/storage/mediabank/2024_new1.pdf,2024,Sep,высокая,Хабаровский край,регион_ДФО,"В 2024 году (Sep) в регионе Хабаровский край показатель «среднемесячная номинальная начисленная зарплата (сентябрь 2024)» в отрасли «труд» составил 83986,0 руб. Источник: Амурстат / Росстат (мониторинг соц.-экон. развития регионов ДФО)."
сентябрь 2024,Амурская область,труд,среднемесячная номинальная начисленная зарплата (сентябрь 2024),"83315,6",руб.,Амурстат / Росстат (мониторинг соц.-экон. развития регионов ДФО),https://28.rosstat.gov.ru/storage/mediabank/2024_new1.pdf,2024,Sep,высокая,Амурская область,регион_ДФО,"В 2024 году (Sep) в регионе Амурская область показатель «среднемесячная номинальная начисленная зарплата (сентябрь 2024)» в отрасли «труд» составил 83315,6 руб. Источник: Амурстат / Росстат (мониторинг соц.-экон. развития регионов ДФО)."
сентябрь 2024,Магаданская область,труд,среднемесячная номинальная начисленная зарплата (сентябрь 2024),"132048,9",руб.,Амурстат / Росстат (мониторинг соц.-экон. развития регионов ДФО),https://28.rosstat.gov.ru/storage/mediabank/2024_new1.pdf,2024,Sep,высокая,Магаданская область,регион_ДФО,"В 2024 году (Sep) в регионе Магаданская область показатель «среднемесячная номинальная начисленная зарплата (сентябрь 2024)» в отрасли «труд» составил 132048,9 руб. Источник: Амурстат / Росстат (мониторинг соц.-экон. развития регионов ДФО)."
сентябрь 2024,Сахалинская область,труд,среднемесячная номинальная начисленная зарплата (сентябрь 2024),"123349,0",руб.,Амурстат / Росстат (мониторинг соц.-экон. развития регионов ДФО),https://28.rosstat.gov.ru/storage/mediabank/2024_new1.pdf,2024,Sep,высокая,Сахалинская область,регион_ДФО,"В 2024 году (Sep) в регионе Сахалинская область показатель «среднемесячная номинальная начисленная зарплата (сентябрь 2024)» в отрасли «труд» составил 123349,0 руб. Источник: Амурстат / Росстат (мониторинг соц.-экон. развития регионов ДФО)."
сентябрь 2024,Еврейская автономная область,труд,среднемесячная номинальная начисленная зарплата (сентябрь 2024),"73316,0",руб.,Амурстат / Росстат (мониторинг соц.-экон. развития регионов ДФО),https://28.rosstat.gov.ru/storage/mediabank/2024_new1.pdf,2024,Sep,высокая,Еврейская автономная область,регион_ДФО,"В 2024 году (Sep) в регионе Еврейская автономная область показатель «среднемесячная номинальная начисленная зарплата (сентябрь 2024)» в отрасли «труд» составил 73316,0 руб. Источник: Амурстат / Росстат (мониторинг соц.-экон. развития регионов ДФО)."
сентябрь 2024,Чукотский автономный округ,труд,среднемесячная номинальная начисленная зарплата (сентябрь 2024),"170017,0",руб.,Амурстат / Росстат (мониторинг соц.-экон. развития регионов ДФО),https://28.rosstat.gov.ru/storage/mediabank/2024_new1.pdf,2024,Sep,высокая,Чукотский автономный округ,регион_ДФО,"В 2024 году (Sep) в регионе Чукотский автономный округ показатель «среднемесячная номинальная начисленная зарплата (сентябрь 2024)» в отрасли «труд» составил 170017,0 руб. Источник: Амурстат / Росстат (мониторинг соц.-экон. развития регионов ДФО)."
сентябрь 2024,Забайкальский край,труд,среднемесячная номинальная начисленная зарплата (сентябрь 2024),"81793,1",руб.,Амурстат / Росстат (мониторинг соц.-экон. развития регионов ДФО),https://28.rosstat.gov.ru/storage/mediabank/2024_new1.pdf,2024,Sep,высокая,Забайкальский край,регион_ДФО,"В 2024 году (Sep) в регионе Забайкальский край показатель «среднемесячная номинальная начисленная зарплата (сентябрь 2024)» в отрасли «труд» составил 81793,1 руб. Источник: Амурстат / Росстат (мониторинг соц.-экон. развития регионов ДФО)."
сентябрь 2024,Республика Бурятия,труд,среднемесячная номинальная начисленная зарплата (сентябрь 2024),"69916,9",руб.,Амурстат / Росстат (мониторинг соц.-экон. развития регионов ДФО),https://28.rosstat.gov.ru/storage/mediabank/2024_new1.pdf,2024,Sep,высокая,Республика Бурятия,регион_ДФО,"В 2024 году (Sep) в регионе Республика Бурятия показатель «среднемесячная номинальная начисленная зарплата (сентябрь 2024)» в отрасли «труд» составил 69916,9 руб. Источник: Амурстат / Росстат (мониторинг соц.-экон. развития регионов ДФО)."
январь-май 2024,Республика Бурятия,промышленность,индекс промышленного производства (январь-май 2024 к январю-маю 2023),"115,7",% к соотв. периоду пред. года,"Хабаровскстат (бюллетень ""Промышленное производство"")",https://27.rosstat.gov.ru/storage/mediabank/ИАМ Хаб.край(1).pdf,2024,5M,высокая,Республика Бурятия,регион_ДФО,"В 2024 году (5M) в регионе Республика Бурятия показатель «индекс промышленного производства (январь-май 2024 к январю-маю 2023)» в отрасли «промышленность» составил 115,7 % к соотв. периоду пред. года. Источник: Хабаровскстат (бюллетень ""Промышленное производство"")."
январь-май 2024,Республика Саха (Якутия),промышленность,индекс промышленного производства (январь-май 2024 к январю-маю 2023),"110,0",% к соотв. периоду пред. года,"Хабаровскстат (бюллетень ""Промышленное производство"")",https://27.rosstat.gov.ru/storage/mediabank/ИАМ Хаб.край(1).pdf,2024,5M,высокая,Республика Саха (Якутия),регион_ДФО,"В 2024 году (5M) в регионе Республика Саха (Якутия) показатель «индекс промышленного производства (январь-май 2024 к январю-маю 2023)» в отрасли «промышленность» составил 110,0 % к соотв. периоду пред. года. Источник: Хабаровскстат (бюллетень ""Промышленное производство"")."
январь-май 2024,Чукотский автономный округ,промышленность,индекс промышленного производства (январь-май 2024 к январю-маю 2023),"107,8",% к соотв. периоду пред. года,"Хабаровскстат (бюллетень ""Промышленное производство"")",https://27.rosstat.gov.ru/storage/mediabank/ИАМ Хаб.край(1).pdf,2024,5M,высокая,Чукотский автономный округ,регион_ДФО,"В 2024 году (5M) в регионе Чукотский автономный округ показатель «индекс промышленного производства (январь-май 2024 к январю-маю 2023)» в отрасли «промышленность» составил 107,8 % к соотв. периоду пред. года. Источник: Хабаровскстат (бюллетень ""Промышленное производство"")."
январь-май 2024,Хабаровский край,промышленность,индекс промышленного производства (январь-май 2024 к январю-маю 2023),"106,6",% к соотв. периоду пред. года,"Хабаровскстат (бюллетень ""Промышленное производство"")",https://27.rosstat.gov.ru/storage/mediabank/ИАМ Хаб.край(1).pdf,2024,5M,высокая,Хабаровский край,регион_ДФО,"В 2024 году (5M) в регионе Хабаровский край показатель «индекс промышленного производства (январь-май 2024 к январю-маю 2023)» в отрасли «промышленность» составил 106,6 % к соотв. периоду пред. года. Источник: Хабаровскстат (бюллетень ""Промышленное производство"")."
январь-май 2024,Амурская область,промышленность,индекс промышленного производства (январь-май 2024 к январю-маю 2023),"105,9",% к соотв. периоду пред. года,"Хабаровскстат (бюллетень ""Промышленное производство"")",https://27.rosstat.gov.ru/storage/mediabank/ИАМ Хаб.край(1).pdf,2024,5M,высокая,Амурская область,регион_ДФО,"В 2024 году (5M) в регионе Амурская область показатель «индекс промышленного производства (январь-май 2024 к январю-маю 2023)» в отрасли «промышленность» составил 105,9 % к соотв. периоду пред. года. Источник: Хабаровскстат (бюллетень ""Промышленное производство"")."
январь-май 2024,Приморский край,промышленность,индекс промышленного производства (январь-май 2024 к январю-маю 2023),"105,5",% к соотв. периоду пред. года,"Хабаровскстат (бюллетень ""Промышленное производство"")",https://27.rosstat.gov.ru/storage/mediabank/ИАМ Хаб.край(1).pdf,2024,5M,высокая,Приморский край,регион_ДФО,"В 2024 году (5M) в регионе Приморский край показатель «индекс промышленного производства (январь-май 2024 к январю-маю 2023)» в отрасли «промышленность» составил 105,5 % к соотв. периоду пред. года. Источник: Хабаровскстат (бюллетень ""Промышленное производство"")."
январь-май 2024,Магаданская область,промышленность,индекс промышленного производства (январь-май 2024 к январю-маю 2023),"104,4",% к соотв. периоду пред. года,"Хабаровскстат (бюллетень ""Промышленное производство"")",https://27.rosstat.gov.ru/storage/mediabank/ИАМ Хаб.край(1).pdf,2024,5M,высокая,Магаданская область,регион_ДФО,"В 2024 году (5M) в регионе Магаданская область показатель «индекс промышленного производства (январь-май 2024 к январю-маю 2023)» в отрасли «промышленность» составил 104,4 % к соотв. периоду пред. года. Источник: Хабаровскстат (бюллетень ""Промышленное производство"")."
январь-май 2024,Камчатский край,промышленность,индекс промышленного производства (январь-май 2024 к январю-маю 2023),"104,1",% к соотв. периоду пред. года,"Хабаровскстат (бюллетень ""Промышленное производство"")",https://27.rosstat.gov.ru/storage/mediabank/ИАМ Хаб.край(1).pdf,2024,5M,высокая,Камчатский край,регион_ДФО,"В 2024 году (5M) в регионе Камчатский край показатель «индекс промышленного производства (январь-май 2024 к январю-маю 2023)» в отрасли «промышленность» составил 104,1 % к соотв. периоду пред. года. Источник: Хабаровскстат (бюллетень ""Промышленное производство"")."
январь-май 2024,Забайкальский край,промышленность,индекс промышленного производства (январь-май 2024 к январю-маю 2023),"102,4",% к соотв. периоду пред. года,"Хабаровскстат (бюллетень ""Промышленное производство"")",https://27.rosstat.gov.ru/storage/mediabank/ИАМ Хаб.край(1).pdf,2024,5M,высокая,Забайкальский край,регион_ДФО,"В 2024 году (5M) в регионе Забайкальский край показатель «индекс промышленного производства (январь-май 2024 к январю-маю 2023)» в отрасли «промышленность» составил 102,4 % к соотв. периоду пред. года. Источник: Хабаровскстат (бюллетень ""Промышленное производство"")."
январь-май 2024,Сахалинская область,промышленность,индекс промышленного производства (январь-май 2024 к январю-маю 2023),"97,8",% к соотв. периоду пред. года,"Хабаровскстат (бюллетень ""Промышленное производство"")",https://27.rosstat.gov.ru/storage/mediabank/ИАМ Хаб.край(1).pdf,2024,5M,высокая,Сахалинская область,регион_ДФО,"В 2024 году (5M) в регионе Сахалинская область показатель «индекс промышленного производства (январь-май 2024 к январю-маю 2023)» в отрасли «промышленность» составил 97,8 % к соотв. периоду пред. года. Источник: Хабаровскстат (бюллетень ""Промышленное производство"")."
январь-май 2024,Еврейская автономная область,промышленность,индекс промышленного производства (январь-май 2024 к январю-маю 2023),"94,4",% к соотв. периоду пред. года,"Хабаровскстат (бюллетень ""Промышленное производство"")",https://27.rosstat.gov.ru/storage/mediabank/ИАМ Хаб.край(1).pdf,2024,5M,высокая,Еврейская автономная область,регион_ДФО,"В 2024 году (5M) в регионе Еврейская автономная область показатель «индекс промышленного производства (январь-май 2024 к январю-маю 2023)» в отрасли «промышленность» составил 94,4 % к соотв. периоду пред. года. Источник: Хабаровскстат (бюллетень ""Промышленное производство"")."
январь-сентябрь 2024,Республика Бурятия,промышленность,индекс промышленного производства (январь-сентябрь 2024 к январю-сентябрю 2023),"111,6",% к соотв. периоду пред. года,"Хабаровскстат (бюллетень ""Промышленное производство"")",https://27.rosstat.gov.ru/storage/mediabank/ИАМ январь-сентябрь 2024+(1).pdf,2024,9M,высокая,Республика Бурятия,регион_ДФО,"В 2024 году (9M) в регионе Республика Бурятия показатель «индекс промышленного производства (январь-сентябрь 2024 к январю-сентябрю 2023)» в отрасли «промышленность» составил 111,6 % к соотв. периоду пред. года. Источник: Хабаровскстат (бюллетень ""Промышленное производство"")."
январь-сентябрь 2024,Республика Саха (Якутия),промышленность,индекс промышленного производства (январь-сентябрь 2024 к январю-сентябрю 2023),"108,6",% к соотв. периоду пред. года,"Хабаровскстат (бюллетень ""Промышленное производство"")",https://27.rosstat.gov.ru/storage/mediabank/ИАМ январь-сентябрь 2024+(1).pdf,2024,9M,высокая,Республика Саха (Якутия),регион_ДФО,"В 2024 году (9M) в регионе Республика Саха (Якутия) показатель «индекс промышленного производства (январь-сентябрь 2024 к январю-сентябрю 2023)» в отрасли «промышленность» составил 108,6 % к соотв. периоду пред. года. Источник: Хабаровскстат (бюллетень ""Промышленное производство"")."
январь-сентябрь 2024,Хабаровский край,промышленность,индекс промышленного производства (январь-сентябрь 2024 к январю-сентябрю 2023),"105,4",% к соотв. периоду пред. года,"Хабаровскстат (бюллетень ""Промышленное производство"")",https://27.rosstat.gov.ru/storage/mediabank/ИАМ январь-сентябрь 2024+(1).pdf,2024,9M,высокая,Хабаровский край,регион_ДФО,"В 2024 году (9M) в регионе Хабаровский край показатель «индекс промышленного производства (январь-сентябрь 2024 к январю-сентябрю 2023)» в отрасли «промышленность» составил 105,4 % к соотв. периоду пред. года. Источник: Хабаровскстат (бюллетень ""Промышленное производство"")."
январь-сентябрь 2024,Магаданская область,промышленность,индекс промышленного производства (январь-сентябрь 2024 к январю-сентябрю 2023),"103,8",% к соотв. периоду пред. года,"Хабаровскстат (бюллетень ""Промышленное производство"")",https://27.rosstat.gov.ru/storage/mediabank/ИАМ январь-сентябрь 2024+(1).pdf,2024,9M,высокая,Магаданская область,регион_ДФО,"В 2024 году (9M) в регионе Магаданская область показатель «индекс промышленного производства (январь-сентябрь 2024 к январю-сентябрю 2023)» в отрасли «промышленность» составил 103,8 % к соотв. периоду пред. года. Источник: Хабаровскстат (бюллетень ""Промышленное производство"")."
январь-сентябрь 2024,Чукотский автономный округ,промышленность,индекс промышленного производства (январь-сентябрь 2024 к январю-сентябрю 2023),"103,5",% к соотв. периоду пред. года,"Хабаровскстат (бюллетень ""Промышленное производство"")",https://27.rosstat.gov.ru/storage/mediabank/ИАМ январь-сентябрь 2024+(1).pdf,2024,9M,высокая,Чукотский автономный округ,регион_ДФО,"В 2024 году (9M) в регионе Чукотский автономный округ показатель «индекс промышленного производства (январь-сентябрь 2024 к январю-сентябрю 2023)» в отрасли «промышленность» составил 103,5 % к соотв. периоду пред. года. Источник: Хабаровскстат (бюллетень ""Промышленное производство"")."
январь-сентябрь 2024,Приморский край,промышленность,индекс промышленного производства (январь-сентябрь 2024 к январю-сентябрю 2023),"102,7",% к соотв. периоду пред. года,"Хабаровскстат (бюллетень ""Промышленное производство"")",https://27.rosstat.gov.ru/storage/mediabank/ИАМ январь-сентябрь 2024+(1).pdf,2024,9M,высокая,Приморский край,регион_ДФО,"В 2024 году (9M) в регионе Приморский край показатель «индекс промышленного производства (январь-сентябрь 2024 к январю-сентябрю 2023)» в отрасли «промышленность» составил 102,7 % к соотв. периоду пред. года. Источник: Хабаровскстат (бюллетень ""Промышленное производство"")."
январь-сентябрь 2024,Забайкальский край,промышленность,индекс промышленного производства (январь-сентябрь 2024 к январю-сентябрю 2023),"101,7",% к соотв. периоду пред. года,"Хабаровскстат (бюллетень ""Промышленное производство"")",https://27.rosstat.gov.ru/storage/mediabank/ИАМ январь-сентябрь 2024+(1).pdf,2024,9M,высокая,Забайкальский край,регион_ДФО,"В 2024 году (9M) в регионе Забайкальский край показатель «индекс промышленного производства (январь-сентябрь 2024 к январю-сентябрю 2023)» в отрасли «промышленность» составил 101,7 % к соотв. периоду пред. года. Источник: Хабаровскстат (бюллетень ""Промышленное производство"")."
январь-сентябрь 2024,Сахалинская область,промышленность,индекс промышленного производства (январь-сентябрь 2024 к январю-сентябрю 2023),"97,1",% к соотв. периоду пред. года,"Хабаровскстат (бюллетень ""Промышленное производство"")",https://27.rosstat.gov.ru/storage/mediabank/ИАМ январь-сентябрь 2024+(1).pdf,2024,9M,высокая,Сахалинская область,регион_ДФО,"В 2024 году (9M) в регионе Сахалинская область показатель «индекс промышленного производства (январь-сентябрь 2024 к январю-сентябрю 2023)» в отрасли «промышленность» составил 97,1 % к соотв. периоду пред. года. Источник: Хабаровскстат (бюллетень ""Промышленное производство"")."
январь-сентябрь 2024,Амурская область,промышленность,индекс промышленного производства (январь-сентябрь 2024 к январю-сентябрю 2023),"96,5",% к соотв. периоду пред. года,"Хабаровскстат (бюллетень ""Промышленное производство"")",https://27.rosstat.gov.ru/storage/mediabank/ИАМ январь-сентябрь 2024+(1).pdf,2024,9M,высокая,Амурская область,регион_ДФО,"В 2024 году (9M) в регионе Амурская область показатель «индекс промышленного производства (январь-сентябрь 2024 к январю-сентябрю 2023)» в отрасли «промышленность» составил 96,5 % к соотв. периоду пред. года. Источник: Хабаровскстат (бюллетень ""Промышленное производство"")."
январь-сентябрь 2024,Еврейская автономная область,промышленность,индекс промышленного производства (январь-сентябрь 2024 к январю-сентябрю 2023),"93,6",% к соотв. периоду пред. года,"Хабаровскстат (бюллетень ""Промышленное производство"")",https://27.rosstat.gov.ru/storage/mediabank/ИАМ январь-сентябрь 2024+(1).pdf,2024,9M,высокая,Еврейская автономная область,регион_ДФО,"В 2024 году (9M) в регионе Еврейская автономная область показатель «индекс промышленного производства (январь-сентябрь 2024 к январю-сентябрю 2023)» в отрасли «промышленность» составил 93,6 % к соотв. периоду пред. года. Источник: Хабаровскстат (бюллетень ""Промышленное производство"")."
январь-сентябрь 2024,Камчатский край,промышленность,индекс промышленного производства (январь-сентябрь 2024 к январю-сентябрю 2023),"81,5",% к соотв. периоду пред. года,"Хабаровскстат (бюллетень ""Промышленное производство"")",https://27.rosstat.gov.ru/storage/mediabank/ИАМ январь-сентябрь 2024+(1).pdf,2024,9M,высокая,Камчатский край,регион_ДФО,"В 2024 году (9M) в регионе Камчатский край показатель «индекс промышленного производства (январь-сентябрь 2024 к январю-сентябрю 2023)» в отрасли «промышленность» составил 81,5 % к соотв. периоду пред. года. Источник: Хабаровскстат (бюллетень ""Промышленное производство"")."
январь-ноябрь 2024,Республика Саха (Якутия),промышленность,индекс промышленного производства (январь-ноябрь 2024 к январю-ноябрю 2023),"108,5",% к соотв. периоду пред. года,"Хабаровскстат (бюллетень ""Промышленное производство"")",https://27.rosstat.gov.ru/storage/mediabank/ИАМ январь-ноябрь 2024.pdf,2024,11M,высокая,Республика Саха (Якутия),регион_ДФО,"В 2024 году (11M) в регионе Республика Саха (Якутия) показатель «индекс промышленного производства (январь-ноябрь 2024 к январю-ноябрю 2023)» в отрасли «промышленность» составил 108,5 % к соотв. периоду пред. года. Источник: Хабаровскстат (бюллетень ""Промышленное производство"")."
январь-ноябрь 2024,Хабаровский край,промышленность,индекс промышленного производства (январь-ноябрь 2024 к январю-ноябрю 2023),"106,5",% к соотв. периоду пред. года,"Хабаровскстат (бюллетень ""Промышленное производство"")",https://27.rosstat.gov.ru/storage/mediabank/ИАМ январь-ноябрь 2024.pdf,2024,11M,высокая,Хабаровский край,регион_ДФО,"В 2024 году (11M) в регионе Хабаровский край показатель «индекс промышленного производства (январь-ноябрь 2024 к январю-ноябрю 2023)» в отрасли «промышленность» составил 106,5 % к соотв. периоду пред. года. Источник: Хабаровскстат (бюллетень ""Промышленное производство"")."
январь-ноябрь 2024,Республика Бурятия,промышленность,индекс промышленного производства (январь-ноябрь 2024 к январю-ноябрю 2023),"105,9",% к соотв. периоду пред. года,"Хабаровскстат (бюллетень ""Промышленное производство"")",https://27.rosstat.gov.ru/storage/mediabank/ИАМ январь-ноябрь 2024.pdf,2024,11M,высокая,Республика Бурятия,регион_ДФО,"В 2024 году (11M) в регионе Республика Бурятия показатель «индекс промышленного производства (январь-ноябрь 2024 к январю-ноябрю 2023)» в отрасли «промышленность» составил 105,9 % к соотв. периоду пред. года. Источник: Хабаровскстат (бюллетень ""Промышленное производство"")."
январь-ноябрь 2024,Приморский край,промышленность,индекс промышленного производства (январь-ноябрь 2024 к январю-ноябрю 2023),"105,6",% к соотв. периоду пред. года,"Хабаровскстат (бюллетень ""Промышленное производство"")",https://27.rosstat.gov.ru/storage/mediabank/ИАМ январь-ноябрь 2024.pdf,2024,11M,высокая,Приморский край,регион_ДФО,"В 2024 году (11M) в регионе Приморский край показатель «индекс промышленного производства (январь-ноябрь 2024 к январю-ноябрю 2023)» в отрасли «промышленность» составил 105,6 % к соотв. периоду пред. года. Источник: Хабаровскстат (бюллетень ""Промышленное производство"")."
январь-ноябрь 2024,Чукотский автономный округ,промышленность,индекс промышленного производства (январь-ноябрь 2024 к январю-ноябрю 2023),"103,9",% к соотв. периоду пред. года,"Хабаровскстат (бюллетень ""Промышленное производство"")",https://27.rosstat.gov.ru/storage/mediabank/ИАМ январь-ноябрь 2024.pdf,2024,11M,высокая,Чукотский автономный округ,регион_ДФО,"В 2024 году (11M) в регионе Чукотский автономный округ показатель «индекс промышленного производства (январь-ноябрь 2024 к январю-ноябрю 2023)» в отрасли «промышленность» составил 103,9 % к соотв. периоду пред. года. Источник: Хабаровскстат (бюллетень ""Промышленное производство"")."
январь-ноябрь 2024,Магаданская область,промышленность,индекс промышленного производства (январь-ноябрь 2024 к январю-ноябрю 2023),"103,7",% к соотв. периоду пред. года,"Хабаровскстат (бюллетень ""Промышленное производство"")",https://27.rosstat.gov.ru/storage/mediabank/ИАМ январь-ноябрь 2024.pdf,2024,11M,высокая,Магаданская область,регион_ДФО,"В 2024 году (11M) в регионе Магаданская область показатель «индекс промышленного производства (январь-ноябрь 2024 к январю-ноябрю 2023)» в отрасли «промышленность» составил 103,7 % к соотв. периоду пред. года. Источник: Хабаровскстат (бюллетень ""Промышленное производство"")."
январь-ноябрь 2024,Забайкальский край,промышленность,индекс промышленного производства (январь-ноябрь 2024 к январю-ноябрю 2023),"101,6",% к соотв. периоду пред. года,"Хабаровскстат (бюллетень ""Промышленное производство"")",https://27.rosstat.gov.ru/storage/mediabank/ИАМ январь-ноябрь 2024.pdf,2024,11M,высокая,Забайкальский край,регион_ДФО,"В 2024 году (11M) в регионе Забайкальский край показатель «индекс промышленного производства (январь-ноябрь 2024 к январю-ноябрю 2023)» в отрасли «промышленность» составил 101,6 % к соотв. периоду пред. года. Источник: Хабаровскстат (бюллетень ""Промышленное производство"")."
январь-ноябрь 2024,Сахалинская область,промышленность,индекс промышленного производства (январь-ноябрь 2024 к январю-ноябрю 2023),"97,0",% к соотв. периоду пред. года,"Хабаровскстат (бюллетень ""Промышленное производство"")",https://27.rosstat.gov.ru/storage/mediabank/ИАМ январь-ноябрь 2024.pdf,2024,11M,высокая,Сахалинская область,регион_ДФО,"В 2024 году (11M) в регионе Сахалинская область показатель «индекс промышленного производства (январь-ноябрь 2024 к январю-ноябрю 2023)» в отрасли «промышленность» составил 97,0 % к соотв. периоду пред. года. Источник: Хабаровскстат (бюллетень ""Промышленное производство"")."
январь-ноябрь 2024,Амурская область,промышленность,индекс промышленного производства (январь-ноябрь 2024 к январю-ноябрю 2023),"96,7",% к соотв. периоду пред. года,"Хабаровскстат (бюллетень ""Промышленное производство"")",https://27.rosstat.gov.ru/storage/mediabank/ИАМ январь-ноябрь 2024.pdf,2024,11M,высокая,Амурская область,регион_ДФО,"В 2024 году (11M) в регионе Амурская область показатель «индекс промышленного производства (январь-ноябрь 2024 к январю-ноябрю 2023)» в отрасли «промышленность» составил 96,7 % к соотв. периоду пред. года. Источник: Хабаровскстат (бюллетень ""Промышленное производство"")."
январь-ноябрь 2024,Еврейская автономная область,промышленность,индекс промышленного производства (январь-ноябрь 2024 к январю-ноябрю 2023),"94,5",% к соотв. периоду пред. года,"Хабаровскстат (бюллетень ""Промышленное производство"")",https://27.rosstat.gov.ru/storage/mediabank/ИАМ январь-ноябрь 2024.pdf,2024,11M,высокая,Еврейская автономная область,регион_ДФО,"В 2024 году (11M) в регионе Еврейская автономная область показатель «индекс промышленного производства (январь-ноябрь 2024 к январю-ноябрю 2023)» в отрасли «промышленность» составил 94,5 % к соотв. периоду пред. года. Источник: Хабаровскстат (бюллетень ""Промышленное производство"")."
январь-ноябрь 2024,Камчатский край,промышленность,индекс промышленного производства (январь-ноябрь 2024 к январю-ноябрю 2023),"82,8",% к соотв. периоду пред. года,"Хабаровскстат (бюллетень ""Промышленное производство"")",https://27.rosstat.gov.ru/storage/mediabank/ИАМ январь-ноябрь 2024.pdf,2024,11M,высокая,Камчатский край,регион_ДФО,"В 2024 году (11M) в регионе Камчатский край показатель «индекс промышленного производства (январь-ноябрь 2024 к январю-ноябрю 2023)» в отрасли «промышленность» составил 82,8 % к соотв. периоду пред. года. Источник: Хабаровскстат (бюллетень ""Промышленное производство"")."
январь-май 2023,Республика Бурятия,промышленность,индекс промышленного производства (январь-май 2023 к январю-маю 2022),"87,1",% к соотв. периоду пред. года,"Саха(Якутия)стат (бюллетень ""Промышленное производство"")",https://14.rosstat.gov.ru/storage/mediabank/Промышленное производство РС(Я) январь-май 2023_888471.pdf,2023,5M,высокая,Республика Бурятия,регион_ДФО,"В 2023 году (5M) в регионе Республика Бурятия показатель «индекс промышленного производства (январь-май 2023 к январю-маю 2022)» в отрасли «промышленность» составил 87,1 % к соотв. периоду пред. года. Источник: Саха(Якутия)стат (бюллетень ""Промышленное производство"")."
январь-май 2023,Приморский край,промышленность,индекс промышленного производства (январь-май 2023 к январю-маю 2022),"92,1",% к соотв. периоду пред. года,"Саха(Якутия)стат (бюллетень ""Промышленное производство"")",https://14.rosstat.gov.ru/storage/mediabank/Промышленное производство РС(Я) январь-май 2023_888471.pdf,2023,5M,высокая,Приморский край,регион_ДФО,"В 2023 году (5M) в регионе Приморский край показатель «индекс промышленного производства (январь-май 2023 к январю-маю 2022)» в отрасли «промышленность» составил 92,1 % к соотв. периоду пред. года. Источник: Саха(Якутия)стат (бюллетень ""Промышленное производство"")."
январь-май 2023,Магаданская область,промышленность,индекс промышленного производства (январь-май 2023 к январю-маю 2022),"94,1",% к соотв. периоду пред. года,"Саха(Якутия)стат (бюллетень ""Промышленное производство"")",https://14.rosstat.gov.ru/storage/mediabank/Промышленное производство РС(Я) январь-май 2023_888471.pdf,2023,5M,высокая,Магаданская область,регион_ДФО,"В 2023 году (5M) в регионе Магаданская область показатель «индекс промышленного производства (январь-май 2023 к январю-маю 2022)» в отрасли «промышленность» составил 94,1 % к соотв. периоду пред. года. Источник: Саха(Якутия)стат (бюллетень ""Промышленное производство"")."
январь-май 2023,Амурская область,промышленность,индекс промышленного производства (январь-май 2023 к январю-маю 2022),"96,7",% к соотв. периоду пред. года,"Саха(Якутия)стат (бюллетень ""Промышленное производство"")",https://14.rosstat.gov.ru/storage/mediabank/Промышленное производство РС(Я) январь-май 2023_888471.pdf,2023,5M,высокая,Амурская область,регион_ДФО,"В 2023 году (5M) в регионе Амурская область показатель «индекс промышленного производства (январь-май 2023 к январю-маю 2022)» в отрасли «промышленность» составил 96,7 % к соотв. периоду пред. года. Источник: Саха(Якутия)стат (бюллетень ""Промышленное производство"")."
январь-май 2023,Хабаровский край,промышленность,индекс промышленного производства (январь-май 2023 к январю-маю 2022),"96,8",% к соотв. периоду пред. года,"Саха(Якутия)стат (бюллетень ""Промышленное производство"")",https://14.rosstat.gov.ru/storage/mediabank/Промышленное производство РС(Я) январь-май 2023_888471.pdf,2023,5M,высокая,Хабаровский край,регион_ДФО,"В 2023 году (5M) в регионе Хабаровский край показатель «индекс промышленного производства (январь-май 2023 к январю-маю 2022)» в отрасли «промышленность» составил 96,8 % к соотв. периоду пред. года. Источник: Саха(Якутия)стат (бюллетень ""Промышленное производство"")."
январь-май 2023,Сахалинская область,промышленность,индекс промышленного производства (январь-май 2023 к январю-маю 2022),"99,7",% к соотв. периоду пред. года,"Саха(Якутия)стат (бюллетень ""Промышленное производство"")",https://14.rosstat.gov.ru/storage/mediabank/Промышленное производство РС(Я) январь-май 2023_888471.pdf,2023,5M,высокая,Сахалинская область,регион_ДФО,"В 2023 году (5M) в регионе Сахалинская область показатель «индекс промышленного производства (январь-май 2023 к январю-маю 2022)» в отрасли «промышленность» составил 99,7 % к соотв. периоду пред. года. Источник: Саха(Якутия)стат (бюллетень ""Промышленное производство"")."
январь-май 2023,Еврейская автономная область,промышленность,индекс промышленного производства (январь-май 2023 к январю-маю 2022),"100,6",% к соотв. периоду пред. года,"Саха(Якутия)стат (бюллетень ""Промышленное производство"")",https://14.rosstat.gov.ru/storage/mediabank/Промышленное производство РС(Я) январь-май 2023_888471.pdf,2023,5M,высокая,Еврейская автономная область,регион_ДФО,"В 2023 году (5M) в регионе Еврейская автономная область показатель «индекс промышленного производства (январь-май 2023 к январю-маю 2022)» в отрасли «промышленность» составил 100,6 % к соотв. периоду пред. года. Источник: Саха(Якутия)стат (бюллетень ""Промышленное производство"")."
январь-май 2023,Чукотский автономный округ,промышленность,индекс промышленного производства (январь-май 2023 к январю-маю 2022),"101,0",% к соотв. периоду пред. года,"Саха(Якутия)стат (бюллетень ""Промышленное производство"")",https://14.rosstat.gov.ru/storage/mediabank/Промышленное производство РС(Я) январь-май 2023_888471.pdf,2023,5M,высокая,Чукотский автономный округ,регион_ДФО,"В 2023 году (5M) в регионе Чукотский автономный округ показатель «индекс промышленного производства (январь-май 2023 к январю-маю 2022)» в отрасли «промышленность» составил 101,0 % к соотв. периоду пред. года. Источник: Саха(Якутия)стат (бюллетень ""Промышленное производство"")."
январь-май 2023,Республика Саха (Якутия),промышленность,индекс промышленного производства (январь-май 2023 к январю-маю 2022),"102,2",% к соотв. периоду пред. года,"Саха(Якутия)стат (бюллетень ""Промышленное производство"")",https://14.rosstat.gov.ru/storage/mediabank/Промышленное производство РС(Я) январь-май 2023_888471.pdf,2023,5M,высокая,Республика Саха (Якутия),регион_ДФО,"В 2023 году (5M) в регионе Республика Саха (Якутия) показатель «индекс промышленного производства (январь-май 2023 к январю-маю 2022)» в отрасли «промышленность» составил 102,2 % к соотв. периоду пред. года. Источник: Саха(Якутия)стат (бюллетень ""Промышленное производство"")."
январь-май 2023,Забайкальский край,промышленность,индекс промышленного производства (январь-май 2023 к январю-маю 2022),"103,7",% к соотв. периоду пред. года,"Саха(Якутия)стат (бюллетень ""Промышленное производство"")",https://14.rosstat.gov.ru/storage/mediabank/Промышленное производство РС(Я) январь-май 2023_888471.pdf,2023,5M,высокая,Забайкальский край,регион_ДФО,"В 2023 году (5M) в регионе Забайкальский край показатель «индекс промышленного производства (январь-май 2023 к январю-маю 2022)» в отрасли «промышленность» составил 103,7 % к соотв. периоду пред. года. Источник: Саха(Якутия)стат (бюллетень ""Промышленное производство"")."
январь-май 2023,Камчатский край,промышленность,индекс промышленного производства (январь-май 2023 к январю-маю 2022),"117,1",% к соотв. периоду пред. года,"Саха(Якутия)стат (бюллетень ""Промышленное производство"")",https://14.rosstat.gov.ru/storage/mediabank/Промышленное производство РС(Я) январь-май 2023_888471.pdf,2023,5M,высокая,Камчатский край,регион_ДФО,"В 2023 году (5M) в регионе Камчатский край показатель «индекс промышленного производства (январь-май 2023 к январю-маю 2022)» в отрасли «промышленность» составил 117,1 % к соотв. периоду пред. года. Источник: Саха(Якутия)стат (бюллетень ""Промышленное производство"")."
январь-сентябрь 2023,Приморский край,промышленность,индекс промышленного производства (январь-сентябрь 2023 к январю-сентябрю 2022),"88,7",% к соотв. периоду пред. года,"Саха(Якутия)стат (бюллетень ""Промышленное производство"")",https://14.rosstat.gov.ru/storage/mediabank/Промышленное производство РС(Я) январь-сентябрь 2023_888476.pdf,2023,9M,высокая,Приморский край,регион_ДФО,"В 2023 году (9M) в регионе Приморский край показатель «индекс промышленного производства (январь-сентябрь 2023 к январю-сентябрю 2022)» в отрасли «промышленность» составил 88,7 % к соотв. периоду пред. года. Источник: Саха(Якутия)стат (бюллетень ""Промышленное производство"")."
январь-сентябрь 2023,Магаданская область,промышленность,индекс промышленного производства (январь-сентябрь 2023 к январю-сентябрю 2022),"90,5",% к соотв. периоду пред. года,"Саха(Якутия)стат (бюллетень ""Промышленное производство"")",https://14.rosstat.gov.ru/storage/mediabank/Промышленное производство РС(Я) январь-сентябрь 2023_888476.pdf,2023,9M,высокая,Магаданская область,регион_ДФО,"В 2023 году (9M) в регионе Магаданская область показатель «индекс промышленного производства (январь-сентябрь 2023 к январю-сентябрю 2022)» в отрасли «промышленность» составил 90,5 % к соотв. периоду пред. года. Источник: Саха(Якутия)стат (бюллетень ""Промышленное производство"")."
январь-сентябрь 2023,Республика Бурятия,промышленность,индекс промышленного производства (январь-сентябрь 2023 к январю-сентябрю 2022),"93,6",% к соотв. периоду пред. года,"Саха(Якутия)стат (бюллетень ""Промышленное производство"")",https://14.rosstat.gov.ru/storage/mediabank/Промышленное производство РС(Я) январь-сентябрь 2023_888476.pdf,2023,9M,высокая,Республика Бурятия,регион_ДФО,"В 2023 году (9M) в регионе Республика Бурятия показатель «индекс промышленного производства (январь-сентябрь 2023 к январю-сентябрю 2022)» в отрасли «промышленность» составил 93,6 % к соотв. периоду пред. года. Источник: Саха(Якутия)стат (бюллетень ""Промышленное производство"")."
январь-сентябрь 2023,Еврейская автономная область,промышленность,индекс промышленного производства (январь-сентябрь 2023 к январю-сентябрю 2022),"93,9",% к соотв. периоду пред. года,"Саха(Якутия)стат (бюллетень ""Промышленное производство"")",https://14.rosstat.gov.ru/storage/mediabank/Промышленное производство РС(Я) январь-сентябрь 2023_888476.pdf,2023,9M,высокая,Еврейская автономная область,регион_ДФО,"В 2023 году (9M) в регионе Еврейская автономная область показатель «индекс промышленного производства (январь-сентябрь 2023 к январю-сентябрю 2022)» в отрасли «промышленность» составил 93,9 % к соотв. периоду пред. года. Источник: Саха(Якутия)стат (бюллетень ""Промышленное производство"")."
январь-сентябрь 2023,Хабаровский край,промышленность,индекс промышленного производства (январь-сентябрь 2023 к январю-сентябрю 2022),"94,1",% к соотв. периоду пред. года,"Саха(Якутия)стат (бюллетень ""Промышленное производство"")",https://14.rosstat.gov.ru/storage/mediabank/Промышленное производство РС(Я) январь-сентябрь 2023_888476.pdf,2023,9M,высокая,Хабаровский край,регион_ДФО,"В 2023 году (9M) в регионе Хабаровский край показатель «индекс промышленного производства (январь-сентябрь 2023 к январю-сентябрю 2022)» в отрасли «промышленность» составил 94,1 % к соотв. периоду пред. года. Источник: Саха(Якутия)стат (бюллетень ""Промышленное производство"")."
январь-сентябрь 2023,Республика Саха (Якутия),промышленность,индекс промышленного производства (январь-сентябрь 2023 к январю-сентябрю 2022),"99,5",% к соотв. периоду пред. года,"Саха(Якутия)стат (бюллетень ""Промышленное производство"")",https://14.rosstat.gov.ru/storage/mediabank/Промышленное производство РС(Я) январь-сентябрь 2023_888476.pdf,2023,9M,высокая,Республика Саха (Якутия),регион_ДФО,"В 2023 году (9M) в регионе Республика Саха (Якутия) показатель «индекс промышленного производства (январь-сентябрь 2023 к январю-сентябрю 2022)» в отрасли «промышленность» составил 99,5 % к соотв. периоду пред. года. Источник: Саха(Якутия)стат (бюллетень ""Промышленное производство"")."
январь-сентябрь 2023,Забайкальский край,промышленность,индекс промышленного производства (январь-сентябрь 2023 к январю-сентябрю 2022),"102,7",% к соотв. периоду пред. года,"Саха(Якутия)стат (бюллетень ""Промышленное производство"")",https://14.rosstat.gov.ru/storage/mediabank/Промышленное производство РС(Я) январь-сентябрь 2023_888476.pdf,2023,9M,высокая,Забайкальский край,регион_ДФО,"В 2023 году (9M) в регионе Забайкальский край показатель «индекс промышленного производства (январь-сентябрь 2023 к январю-сентябрю 2022)» в отрасли «промышленность» составил 102,7 % к соотв. периоду пред. года. Источник: Саха(Якутия)стат (бюллетень ""Промышленное производство"")."
январь-сентябрь 2023,Чукотский автономный округ,промышленность,индекс промышленного производства (январь-сентябрь 2023 к январю-сентябрю 2022),"104,5",% к соотв. периоду пред. года,"Саха(Якутия)стат (бюллетень ""Промышленное производство"")",https://14.rosstat.gov.ru/storage/mediabank/Промышленное производство РС(Я) январь-сентябрь 2023_888476.pdf,2023,9M,высокая,Чукотский автономный округ,регион_ДФО,"В 2023 году (9M) в регионе Чукотский автономный округ показатель «индекс промышленного производства (январь-сентябрь 2023 к январю-сентябрю 2022)» в отрасли «промышленность» составил 104,5 % к соотв. периоду пред. года. Источник: Саха(Якутия)стат (бюллетень ""Промышленное производство"")."
январь-сентябрь 2023,Сахалинская область,промышленность,индекс промышленного производства (январь-сентябрь 2023 к январю-сентябрю 2022),"117,1",% к соотв. периоду пред. года,"Саха(Якутия)стат (бюллетень ""Промышленное производство"")",https://14.rosstat.gov.ru/storage/mediabank/Промышленное производство РС(Я) январь-сентябрь 2023_888476.pdf,2023,9M,высокая,Сахалинская область,регион_ДФО,"В 2023 году (9M) в регионе Сахалинская область показатель «индекс промышленного производства (январь-сентябрь 2023 к январю-сентябрю 2022)» в отрасли «промышленность» составил 117,1 % к соотв. периоду пред. года. Источник: Саха(Якутия)стат (бюллетень ""Промышленное производство"")."
январь-сентябрь 2023,Амурская область,промышленность,индекс промышленного производства (январь-сентябрь 2023 к январю-сентябрю 2022),"130,7",% к соотв. периоду пред. года,"Саха(Якутия)стат (бюллетень ""Промышленное производство"")",https://14.rosstat.gov.ru/storage/mediabank/Промышленное производство РС(Я) январь-сентябрь 2023_888476.pdf,2023,9M,высокая,Амурская область,регион_ДФО,"В 2023 году (9M) в регионе Амурская область показатель «индекс промышленного производства (январь-сентябрь 2023 к январю-сентябрю 2022)» в отрасли «промышленность» составил 130,7 % к соотв. периоду пред. года. Источник: Саха(Якутия)стат (бюллетень ""Промышленное производство"")."
январь-сентябрь 2023,Камчатский край,промышленность,индекс промышленного производства (январь-сентябрь 2023 к январю-сентябрю 2022),"136,5",% к соотв. периоду пред. года,"Саха(Якутия)стат (бюллетень ""Промышленное производство"")",https://14.rosstat.gov.ru/storage/mediabank/Промышленное производство РС(Я) январь-сентябрь 2023_888476.pdf,2023,9M,высокая,Камчатский край,регион_ДФО,"В 2023 году (9M) в регионе Камчатский край показатель «индекс промышленного производства (январь-сентябрь 2023 к январю-сентябрю 2022)» в отрасли «промышленность» составил 136,5 % к соотв. периоду пред. года. Источник: Саха(Якутия)стат (бюллетень ""Промышленное производство"")."
2025 (апр-июнь),Российская Федерация,труд,уровень безработицы,"2,2",%,EastRussia (со ссылкой на Росстат),https://eastrussia.ru/news/v-ulan-ude-zarabotal-novyy-mnogoprofilnyy-klinicheskiy-gospital/,2025,Q2,высокая,Российская Федерация,РФ,"В 2025 году (Q2) в регионе Российская Федерация показатель «уровень безработицы» в отрасли «труд» составил 2,2 %. Источник: EastRussia (со ссылкой на Росстат)."
2025 (апр-июнь),Российская Федерация,труд,численность рабочей силы,"75949,6",тыс. чел.,EastRussia (со ссылкой на Росстат),https://eastrussia.ru/news/v-ulan-ude-zarabotal-novyy-mnogoprofilnyy-klinicheskiy-gospital/,2025,Q2,высокая,Российская Федерация,РФ,"В 2025 году (Q2) в регионе Российская Федерация показатель «численность рабочей силы» в отрасли «труд» составил 75949,6 тыс. чел. Источник: EastRussia (со ссылкой на Росстат)."
2025 (апр-июнь),Иркутская область,труд,уровень безработицы,"3,0",%,EastRussia (со ссылкой на Росстат),https://eastrussia.ru/news/v-ulan-ude-zarabotal-novyy-mnogoprofilnyy-klinicheskiy-gospital/,2025,Q2,высокая,Иркутская область,иной,"В 2025 году (Q2) в регионе Иркутская область показатель «уровень безработицы» в отрасли «труд» составил 3,0 %. Источник: EastRussia (со ссылкой на Росстат)."
2025 (апр-июнь),Иркутская область,труд,численность рабочей силы,"1130,9",тыс. чел.,EastRussia (со ссылкой на Росстат),https://eastrussia.ru/news/v-ulan-ude-zarabotal-novyy-mnogoprofilnyy-klinicheskiy-gospital/,2025,Q2,высокая,Иркутская область,иной,"В 2025 году (Q2) в регионе Иркутская область показатель «численность рабочей силы» в отрасли «труд» составил 1130,9 тыс. чел. Источник: EastRussia (со ссылкой на Росстат)."
2025 (апр-июнь),Дальневосточный федеральный округ,труд,уровень безработицы,"2,4",%,EastRussia (со ссылкой на Росстат),https://eastrussia.ru/news/v-ulan-ude-zarabotal-novyy-mnogoprofilnyy-klinicheskiy-gospital/,2025,Q2,высокая,Дальневосточный федеральный округ,округ_ДФО,"В 2025 году (Q2) в регионе Дальневосточный федеральный округ показатель «уровень безработицы» в отрасли «труд» составил 2,4 %. Источник: EastRussia (со ссылкой на Росстат)."
2025 (апр-июнь),Дальневосточный федеральный округ,труд,численность рабочей силы,"4170,1",тыс. чел.,EastRussia (со ссылкой на Росстат),https://eastrussia.ru/news/v-ulan-ude-zarabotal-novyy-mnogoprofilnyy-klinicheskiy-gospital/,2025,Q2,высокая,Дальневосточный федеральный округ,округ_ДФО,"В 2025 году (Q2) в регионе Дальневосточный федеральный округ показатель «численность рабочей силы» в отрасли «труд» составил 4170,1 тыс. чел. Источник: EastRussia (со ссылкой на Росстат)."
2025 (апр-июнь),Забайкальский край,труд,уровень безработицы,"4,2",%,EastRussia (со ссылкой на Росстат),https://eastrussia.ru/news/v-ulan-ude-zarabotal-novyy-mnogoprofilnyy-klinicheskiy-gospital/,2025,Q2,высокая,Забайкальский край,регион_ДФО,"В 2025 году (Q2) в регионе Забайкальский край показатель «уровень безработицы» в отрасли «труд» составил 4,2 %. Источник: EastRussia (со ссылкой на Росстат)."
2025 (апр-июнь),Забайкальский край,труд,численность рабочей силы,"479,1",тыс. чел.,EastRussia (со ссылкой на Росстат),https://eastrussia.ru/news/v-ulan-ude-zarabotal-novyy-mnogoprofilnyy-klinicheskiy-gospital/,2025,Q2,высокая,Забайкальский край,регион_ДФО,"В 2025 году (Q2) в регионе Забайкальский край показатель «численность рабочей силы» в отрасли «труд» составил 479,1 тыс. чел. Источник: EastRussia (со ссылкой на Росстат)."
2025 (апр-июнь),Республика Бурятия,труд,уровень безработицы,"4,0",%,EastRussia (со ссылкой на Росстат),https://eastrussia.ru/news/v-ulan-ude-zarabotal-novyy-mnogoprofilnyy-klinicheskiy-gospital/,2025,Q2,высокая,Республика Бурятия,регион_ДФО,"В 2025 году (Q2) в регионе Республика Бурятия показатель «уровень безработицы» в отрасли «труд» составил 4,0 %. Источник: EastRussia (со ссылкой на Росстат)."
2025 (апр-июнь),Республика Бурятия,труд,численность рабочей силы,"448,6",тыс. чел.,EastRussia (со ссылкой на Росстат),https://eastrussia.ru/news/v-ulan-ude-zarabotal-novyy-mnogoprofilnyy-klinicheskiy-gospital/,2025,Q2,высокая,Республика Бурятия,регион_ДФО,"В 2025 году (Q2) в регионе Республика Бурятия показатель «численность рабочей силы» в отрасли «труд» составил 448,6 тыс. чел. Источник: EastRussia (со ссылкой на Росстат)."
2025 (апр-июнь),Республика Саха (Якутия),труд,уровень безработицы,"3,8",%,EastRussia (со ссылкой на Росстат),https://eastrussia.ru/news/v-ulan-ude-zarabotal-novyy-mnogoprofilnyy-klinicheskiy-gospital/,2025,Q2,высокая,Республика Саха (Якутия),регион_ДФО,"В 2025 году (Q2) в регионе Республика Саха (Якутия) показатель «уровень безработицы» в отрасли «труд» составил 3,8 %. Источник: EastRussia (со ссылкой на Росстат)."
2025 (апр-июнь),Республика Саха (Якутия),труд,численность рабочей силы,"526,4",тыс. чел.,EastRussia (со ссылкой на Росстат),https://eastrussia.ru/news/v-ulan-ude-zarabotal-novyy-mnogoprofilnyy-klinicheskiy-gospital/,2025,Q2,высокая,Республика Саха (Якутия),регион_ДФО,"В 2025 году (Q2) в регионе Республика Саха (Якутия) показатель «численность рабочей силы» в отрасли «труд» составил 526,4 тыс. чел. Источник: EastRussia (со ссылкой на Росстат)."
2025 (апр-июнь),Камчатский край,труд,уровень безработицы,"1,8",%,EastRussia (со ссылкой на Росстат),https://eastrussia.ru/news/v-ulan-ude-zarabotal-novyy-mnogoprofilnyy-klinicheskiy-gospital/,2025,Q2,высокая,Камчатский край,регион_ДФО,"В 2025 году (Q2) в регионе Камчатский край показатель «уровень безработицы» в отрасли «труд» составил 1,8 %. Источник: EastRussia (со ссылкой на Росстат)."
2025 (апр-июнь),Камчатский край,труд,численность рабочей силы,"166,8",тыс. чел.,EastRussia (со ссылкой на Росстат),https://eastrussia.ru/news/v-ulan-ude-zarabotal-novyy-mnogoprofilnyy-klinicheskiy-gospital/,2025,Q2,высокая,Камчатский край,регион_ДФО,"В 2025 году (Q2) в регионе Камчатский край показатель «численность рабочей силы» в отрасли «труд» составил 166,8 тыс. чел. Источник: EastRussia (со ссылкой на Росстат)."
2025 (апр-июнь),Приморский край,труд,уровень безработицы,"1,8",%,EastRussia (со ссылкой на Росстат),https://eastrussia.ru/news/v-ulan-ude-zarabotal-novyy-mnogoprofilnyy-klinicheskiy-gospital/,2025,Q2,высокая,Приморский край,регион_ДФО,"В 2025 году (Q2) в регионе Приморский край показатель «уровень безработицы» в отрасли «труд» составил 1,8 %. Источник: EastRussia (со ссылкой на Росстат)."
2025 (апр-июнь),Приморский край,труд,численность рабочей силы,"979,9",тыс. чел.,EastRussia (со ссылкой на Росстат),https://eastrussia.ru/news/v-ulan-ude-zarabotal-novyy-mnogoprofilnyy-klinicheskiy-gospital/,2025,Q2,высокая,Приморский край,регион_ДФО,"В 2025 году (Q2) в регионе Приморский край показатель «численность рабочей силы» в отрасли «труд» составил 979,9 тыс. чел. Источник: EastRussia (со ссылкой на Росстат)."
2025 (апр-июнь),Еврейская автономная область,труд,уровень безработицы,"1,7",%,EastRussia (со ссылкой на Росстат),https://eastrussia.ru/news/v-ulan-ude-zarabotal-novyy-mnogoprofilnyy-klinicheskiy-gospital/,2025,Q2,высокая,Еврейская автономная область,регион_ДФО,"В 2025 году (Q2) в регионе Еврейская автономная область показатель «уровень безработицы» в отрасли «труд» составил 1,7 %. Источник: EastRussia (со ссылкой на Росстат)."
2025 (апр-июнь),Еврейская автономная область,труд,численность рабочей силы,"77,7",тыс. чел.,EastRussia (со ссылкой на Росстат),https://eastrussia.ru/news/v-ulan-ude-zarabotal-novyy-mnogoprofilnyy-klinicheskiy-gospital/,2025,Q2,высокая,Еврейская автономная область,регион_ДФО,"В 2025 году (Q2) в регионе Еврейская автономная область показатель «численность рабочей силы» в отрасли «труд» составил 77,7 тыс. чел. Источник: EastRussia (со ссылкой на Росстат)."
2025 (апр-июнь),Магаданская область,труд,уровень безработицы,"1,7",%,EastRussia (со ссылкой на Росстат),https://eastrussia.ru/news/v-ulan-ude-zarabotal-novyy-mnogoprofilnyy-klinicheskiy-gospital/,2025,Q2,высокая,Магаданская область,регион_ДФО,"В 2025 году (Q2) в регионе Магаданская область показатель «уровень безработицы» в отрасли «труд» составил 1,7 %. Источник: EastRussia (со ссылкой на Росстат)."
2025 (апр-июнь),Магаданская область,труд,численность рабочей силы,"81,0",тыс. чел.,EastRussia (со ссылкой на Росстат),https://eastrussia.ru/news/v-ulan-ude-zarabotal-novyy-mnogoprofilnyy-klinicheskiy-gospital/,2025,Q2,высокая,Магаданская область,регион_ДФО,"В 2025 году (Q2) в регионе Магаданская область показатель «численность рабочей силы» в отрасли «труд» составил 81,0 тыс. чел. Источник: EastRussia (со ссылкой на Росстат)."
2025 (апр-июнь),Чукотский автономный округ,труд,уровень безработицы,"1,6",%,EastRussia (со ссылкой на Росстат),https://eastrussia.ru/news/v-ulan-ude-zarabotal-novyy-mnogoprofilnyy-klinicheskiy-gospital/,2025,Q2,высокая,Чукотский автономный округ,регион_ДФО,"В 2025 году (Q2) в регионе Чукотский автономный округ показатель «уровень безработицы» в отрасли «труд» составил 1,6 %. Источник: EastRussia (со ссылкой на Росстат)."
2025 (апр-июнь),Чукотский автономный округ,труд,численность рабочей силы,"28,6",тыс. чел.,EastRussia (со ссылкой на Росстат),https://eastrussia.ru/news/v-ulan-ude-zarabotal-novyy-mnogoprofilnyy-klinicheskiy-gospital/,2025,Q2,высокая,Чукотский автономный округ,регион_ДФО,"В 2025 году (Q2) в регионе Чукотский автономный округ показатель «численность рабочей силы» в отрасли «труд» составил 28,6 тыс. чел. Источник: EastRussia (со ссылкой на Росстат)."
2025 (апр-июнь),Сахалинская область,труд,уровень безработицы,"1,6",%,EastRussia (со ссылкой на Росстат),https://eastrussia.ru/news/v-ulan-ude-zarabotal-novyy-mnogoprofilnyy-klinicheskiy-gospital/,2025,Q2,высокая,Сахалинская область,регион_ДФО,"В 2025 году (Q2) в регионе Сахалинская область показатель «уровень безработицы» в отрасли «труд» составил 1,6 %. Источник: EastRussia (со ссылкой на Росстат)."
2025 (апр-июнь),Сахалинская область,труд,численность рабочей силы,"266,3",тыс. чел.,EastRussia (со ссылкой на Росстат),https://eastrussia.ru/news/v-ulan-ude-zarabotal-novyy-mnogoprofilnyy-klinicheskiy-gospital/,2025,Q2,высокая,Сахалинская область,регион_ДФО,"В 2025 году (Q2) в регионе Сахалинская область показатель «численность рабочей силы» в отрасли «труд» составил 266,3 тыс. чел. Источник: EastRussia (со ссылкой на Росстат)."
2025 (апр-июнь),Хабаровский край,труд,уровень безработицы,"1,2",%,EastRussia (со ссылкой на Росстат),https://eastrussia.ru/news/v-ulan-ude-zarabotal-novyy-mnogoprofilnyy-klinicheskiy-gospital/,2025,Q2,высокая,Хабаровский край,регион_ДФО,"В 2025 году (Q2) в регионе Хабаровский край показатель «уровень безработицы» в отрасли «труд» составил 1,2 %. Источник: EastRussia (со ссылкой на Росстат)."
2025 (апр-июнь),Хабаровский край,труд,численность рабочей силы,"707,0",тыс. чел.,EastRussia (со ссылкой на Росстат),https://eastrussia.ru/news/v-ulan-ude-zarabotal-novyy-mnogoprofilnyy-klinicheskiy-gospital/,2025,Q2,высокая,Хабаровский край,регион_ДФО,"В 2025 году (Q2) в регионе Хабаровский край показатель «численность рабочей силы» в отрасли «труд» составил 707,0 тыс. чел. Источник: EastRussia (со ссылкой на Росстат)."
январь-июль 2019 к январю-июлю 2018,Республика Саха (Якутия),промышленность,индекс промышленного производства (январь-июль 2019 к январю-июлю 2018),"111,6",% к соотв. периоду пред. года,Амурстат / Росстат (мониторинг соц.-экон. развития регионов ДФО),https://28.rosstat.gov.ru/storage//2019/08-28/kEKadQ0y/new1.pdf,2019,7M,высокая,Республика Саха (Якутия),регион_ДФО,"В 2019 году (7M) в регионе Республика Саха (Якутия) показатель «индекс промышленного производства (январь-июль 2019 к январю-июлю 2018)» в отрасли «промышленность» составил 111,6 % к соотв. периоду пред. года. Источник: Амурстат / Росстат (мониторинг соц.-экон. развития регионов ДФО)."
январь-июль 2019 к январю-июлю 2018,Камчатский край,промышленность,индекс промышленного производства (январь-июль 2019 к январю-июлю 2018),"108,8",% к соотв. периоду пред. года,Амурстат / Росстат (мониторинг соц.-экон. развития регионов ДФО),https://28.rosstat.gov.ru/storage//2019/08-28/kEKadQ0y/new1.pdf,2019,7M,высокая,Камчатский край,регион_ДФО,"В 2019 году (7M) в регионе Камчатский край показатель «индекс промышленного производства (январь-июль 2019 к январю-июлю 2018)» в отрасли «промышленность» составил 108,8 % к соотв. периоду пред. года. Источник: Амурстат / Росстат (мониторинг соц.-экон. развития регионов ДФО)."
январь-июль 2019 к январю-июлю 2018,Приморский край,промышленность,индекс промышленного производства (январь-июль 2019 к январю-июлю 2018),"108,9",% к соотв. периоду пред. года,Амурстат / Росстат (мониторинг соц.-экон. развития регионов ДФО),https://28.rosstat.gov.ru/storage//2019/08-28/kEKadQ0y/new1.pdf,2019,7M,высокая,Приморский край,регион_ДФО,"В 2019 году (7M) в регионе Приморский край показатель «индекс промышленного производства (январь-июль 2019 к январю-июлю 2018)» в отрасли «промышленность» составил 108,9 % к соотв. периоду пред. года. Источник: Амурстат / Росстат (мониторинг соц.-экон. развития регионов ДФО)."
январь-июль 2019 к январю-июлю 2018,Хабаровский край,промышленность,индекс промышленного производства (январь-июль 2019 к январю-июлю 2018),"101,6",% к соотв. периоду пред. года,Амурстат / Росстат (мониторинг соц.-экон. развития регионов ДФО),https://28.rosstat.gov.ru/storage//2019/08-28/kEKadQ0y/new1.pdf,2019,7M,высокая,Хабаровский край,регион_ДФО,"В 2019 году (7M) в регионе Хабаровский край показатель «индекс промышленного производства (январь-июль 2019 к январю-июлю 2018)» в отрасли «промышленность» составил 101,6 % к соотв. периоду пред. года. Источник: Амурстат / Росстат (мониторинг соц.-экон. развития регионов ДФО)."
январь-июль 2019 к январю-июлю 2018,Амурская область,промышленность,индекс промышленного производства (январь-июль 2019 к январю-июлю 2018),"101,6",% к соотв. периоду пред. года,Амурстат / Росстат (мониторинг соц.-экон. развития регионов ДФО),https://28.rosstat.gov.ru/storage//2019/08-28/kEKadQ0y/new1.pdf,2019,7M,высокая,Амурская область,регион_ДФО,"В 2019 году (7M) в регионе Амурская область показатель «индекс промышленного производства (январь-июль 2019 к январю-июлю 2018)» в отрасли «промышленность» составил 101,6 % к соотв. периоду пред. года. Источник: Амурстат / Росстат (мониторинг соц.-экон. развития регионов ДФО)."
январь-июль 2019 к январю-июлю 2018,Магаданская область,промышленность,индекс промышленного производства (январь-июль 2019 к январю-июлю 2018),"119,2",% к соотв. периоду пред. года,Амурстат / Росстат (мониторинг соц.-экон. развития регионов ДФО),https://28.rosstat.gov.ru/storage//2019/08-28/kEKadQ0y/new1.pdf,2019,7M,высокая,Магаданская область,регион_ДФО,"В 2019 году (7M) в регионе Магаданская область показатель «индекс промышленного производства (январь-июль 2019 к январю-июлю 2018)» в отрасли «промышленность» составил 119,2 % к соотв. периоду пред. года. Источник: Амурстат / Росстат (мониторинг соц.-экон. развития регионов ДФО)."
январь-июль 2019 к январю-июлю 2018,Сахалинская область,промышленность,индекс промышленного производства (январь-июль 2019 к январю-июлю 2018),"102,1",% к соотв. периоду пред. года,Амурстат / Росстат (мониторинг соц.-экон. развития регионов ДФО),https://28.rosstat.gov.ru/storage//2019/08-28/kEKadQ0y/new1.pdf,2019,7M,высокая,Сахалинская область,регион_ДФО,"В 2019 году (7M) в регионе Сахалинская область показатель «индекс промышленного производства (январь-июль 2019 к январю-июлю 2018)» в отрасли «промышленность» составил 102,1 % к соотв. периоду пред. года. Источник: Амурстат / Росстат (мониторинг соц.-экон. развития регионов ДФО)."
январь-июль 2019 к январю-июлю 2018,Еврейская автономная область,промышленность,индекс промышленного производства (январь-июль 2019 к январю-июлю 2018),"97,9",% к соотв. периоду пред. года,Амурстат / Росстат (мониторинг соц.-экон. развития регионов ДФО),https://28.rosstat.gov.ru/storage//2019/08-28/kEKadQ0y/new1.pdf,2019,7M,высокая,Еврейская автономная область,регион_ДФО,"В 2019 году (7M) в регионе Еврейская автономная область показатель «индекс промышленного производства (январь-июль 2019 к январю-июлю 2018)» в отрасли «промышленность» составил 97,9 % к соотв. периоду пред. года. Источник: Амурстат / Росстат (мониторинг соц.-экон. развития регионов ДФО)."
январь-июль 2019 к январю-июлю 2018,Чукотский автономный округ,промышленность,индекс промышленного производства (январь-июль 2019 к январю-июлю 2018),"104,2",% к соотв. периоду пред. года,Амурстат / Росстат (мониторинг соц.-экон. развития регионов ДФО),https://28.rosstat.gov.ru/storage//2019/08-28/kEKadQ0y/new1.pdf,2019,7M,высокая,Чукотский автономный округ,регион_ДФО,"В 2019 году (7M) в регионе Чукотский автономный округ показатель «индекс промышленного производства (январь-июль 2019 к январю-июлю 2018)» в отрасли «промышленность» составил 104,2 % к соотв. периоду пред. года. Источник: Амурстат / Росстат (мониторинг соц.-экон. развития регионов ДФО)."
январь-июль 2019 к январю-июлю 2018,Забайкальский край,промышленность,индекс промышленного производства (январь-июль 2019 к январю-июлю 2018),"104,3",% к соотв. периоду пред. года,Амурстат / Росстат (мониторинг соц.-экон. развития регионов ДФО),https://28.rosstat.gov.ru/storage//2019/08-28/kEKadQ0y/new1.pdf,2019,7M,высокая,Забайкальский край,регион_ДФО,"В 2019 году (7M) в регионе Забайкальский край показатель «индекс промышленного производства (январь-июль 2019 к январю-июлю 2018)» в отрасли «промышленность» составил 104,3 % к соотв. периоду пред. года. Источник: Амурстат / Росстат (мониторинг соц.-экон. развития регионов ДФО)."
январь-июль 2019 к январю-июлю 2018,Республика Бурятия,промышленность,индекс промышленного производства (январь-июль 2019 к январю-июлю 2018),"114,1",% к соотв. периоду пред. года,Амурстат / Росстат (мониторинг соц.-экон. развития регионов ДФО),https://28.rosstat.gov.ru/storage//2019/08-28/kEKadQ0y/new1.pdf,2019,7M,высокая,Республика Бурятия,регион_ДФО,"В 2019 году (7M) в регионе Республика Бурятия показатель «индекс промышленного производства (январь-июль 2019 к январю-июлю 2018)» в отрасли «промышленность» составил 114,1 % к соотв. периоду пред. года. Источник: Амурстат / Росстат (мониторинг соц.-экон. развития регионов ДФО)."
январь-август 2019 к январю-августу 2018,Республика Саха (Якутия),промышленность,индекс промышленного производства (январь-август 2019 к январю-августу 2018),"111,8",% к соотв. периоду пред. года,Амурстат / Росстат (мониторинг соц.-экон. развития регионов ДФО),https://28.rosstat.gov.ru/storage//2019/09-27/kaILmbQH/new1.pdf,2019,8M,высокая,Республика Саха (Якутия),регион_ДФО,"В 2019 году (8M) в регионе Республика Саха (Якутия) показатель «индекс промышленного производства (январь-август 2019 к январю-августу 2018)» в отрасли «промышленность» составил 111,8 % к соотв. периоду пред. года. Источник: Амурстат / Росстат (мониторинг соц.-экон. развития регионов ДФО)."
январь-август 2019 к январю-августу 2018,Камчатский край,промышленность,индекс промышленного производства (январь-август 2019 к январю-августу 2018),"103,8",% к соотв. периоду пред. года,Амурстат / Росстат (мониторинг соц.-экон. развития регионов ДФО),https://28.rosstat.gov.ru/storage//2019/09-27/kaILmbQH/new1.pdf,2019,8M,высокая,Камчатский край,регион_ДФО,"В 2019 году (8M) в регионе Камчатский край показатель «индекс промышленного производства (январь-август 2019 к январю-августу 2018)» в отрасли «промышленность» составил 103,8 % к соотв. периоду пред. года. Источник: Амурстат / Росстат (мониторинг соц.-экон. развития регионов ДФО)."
январь-август 2019 к январю-августу 2018,Приморский край,промышленность,индекс промышленного производства (январь-август 2019 к январю-августу 2018),"109,5",% к соотв. периоду пред. года,Амурстат / Росстат (мониторинг соц.-экон. развития регионов ДФО),https://28.rosstat.gov.ru/storage//2019/09-27/kaILmbQH/new1.pdf,2019,8M,высокая,Приморский край,регион_ДФО,"В 2019 году (8M) в регионе Приморский край показатель «индекс промышленного производства (январь-август 2019 к январю-августу 2018)» в отрасли «промышленность» составил 109,5 % к соотв. периоду пред. года. Источник: Амурстат / Росстат (мониторинг соц.-экон. развития регионов ДФО)."
январь-август 2019 к январю-августу 2018,Хабаровский край,промышленность,индекс промышленного производства (январь-август 2019 к январю-августу 2018),"102,2",% к соотв. периоду пред. года,Амурстат / Росстат (мониторинг соц.-экон. развития регионов ДФО),https://28.rosstat.gov.ru/storage//2019/09-27/kaILmbQH/new1.pdf,2019,8M,высокая,Хабаровский край,регион_ДФО,"В 2019 году (8M) в регионе Хабаровский край показатель «индекс промышленного производства (январь-август 2019 к январю-августу 2018)» в отрасли «промышленность» составил 102,2 % к соотв. периоду пред. года. Источник: Амурстат / Росстат (мониторинг соц.-экон. развития регионов ДФО)."
январь-август 2019 к январю-августу 2018,Амурская область,промышленность,индекс промышленного производства (январь-август 2019 к январю-августу 2018),"103,7",% к соотв. периоду пред. года,Амурстат / Росстат (мониторинг соц.-экон. развития регионов ДФО),https://28.rosstat.gov.ru/storage//2019/09-27/kaILmbQH/new1.pdf,2019,8M,высокая,Амурская область,регион_ДФО,"В 2019 году (8M) в регионе Амурская область показатель «индекс промышленного производства (январь-август 2019 к январю-августу 2018)» в отрасли «промышленность» составил 103,7 % к соотв. периоду пред. года. Источник: Амурстат / Росстат (мониторинг соц.-экон. развития регионов ДФО)."
январь-август 2019 к январю-августу 2018,Магаданская область,промышленность,индекс промышленного производства (январь-август 2019 к январю-августу 2018),"116,4",% к соотв. периоду пред. года,Амурстат / Росстат (мониторинг соц.-экон. развития регионов ДФО),https://28.rosstat.gov.ru/storage//2019/09-27/kaILmbQH/new1.pdf,2019,8M,высокая,Магаданская область,регион_ДФО,"В 2019 году (8M) в регионе Магаданская область показатель «индекс промышленного производства (январь-август 2019 к январю-августу 2018)» в отрасли «промышленность» составил 116,4 % к соотв. периоду пред. года. Источник: Амурстат / Росстат (мониторинг соц.-экон. развития регионов ДФО)."
январь-август 2019 к январю-августу 2018,Сахалинская область,промышленность,индекс промышленного производства (январь-август 2019 к январю-августу 2018),"103,8",% к соотв. периоду пред. года,Амурстат / Росстат (мониторинг соц.-экон. развития регионов ДФО),https://28.rosstat.gov.ru/storage//2019/09-27/kaILmbQH/new1.pdf,2019,8M,высокая,Сахалинская область,регион_ДФО,"В 2019 году (8M) в регионе Сахалинская область показатель «индекс промышленного производства (январь-август 2019 к январю-августу 2018)» в отрасли «промышленность» составил 103,8 % к соотв. периоду пред. года. Источник: Амурстат / Росстат (мониторинг соц.-экон. развития регионов ДФО)."
январь-август 2019 к январю-августу 2018,Еврейская автономная область,промышленность,индекс промышленного производства (январь-август 2019 к январю-августу 2018),"97,5",% к соотв. периоду пред. года,Амурстат / Росстат (мониторинг соц.-экон. развития регионов ДФО),https://28.rosstat.gov.ru/storage//2019/09-27/kaILmbQH/new1.pdf,2019,8M,высокая,Еврейская автономная область,регион_ДФО,"В 2019 году (8M) в регионе Еврейская автономная область показатель «индекс промышленного производства (январь-август 2019 к январю-августу 2018)» в отрасли «промышленность» составил 97,5 % к соотв. периоду пред. года. Источник: Амурстат / Росстат (мониторинг соц.-экон. развития регионов ДФО)."
январь-август 2019 к январю-августу 2018,Чукотский автономный округ,промышленность,индекс промышленного производства (январь-август 2019 к январю-августу 2018),"105,3",% к соотв. периоду пред. года,Амурстат / Росстат (мониторинг соц.-экон. развития регионов ДФО),https://28.rosstat.gov.ru/storage//2019/09-27/kaILmbQH/new1.pdf,2019,8M,высокая,Чукотский автономный округ,регион_ДФО,"В 2019 году (8M) в регионе Чукотский автономный округ показатель «индекс промышленного производства (январь-август 2019 к январю-августу 2018)» в отрасли «промышленность» составил 105,3 % к соотв. периоду пред. года. Источник: Амурстат / Росстат (мониторинг соц.-экон. развития регионов ДФО)."
январь-август 2019 к январю-августу 2018,Забайкальский край,промышленность,индекс промышленного производства (январь-август 2019 к январю-августу 2018),"102,9",% к соотв. периоду пред. года,Амурстат / Росстат (мониторинг соц.-экон. развития регионов ДФО),https://28.rosstat.gov.ru/storage//2019/09-27/kaILmbQH/new1.pdf,2019,8M,высокая,Забайкальский край,регион_ДФО,"В 2019 году (8M) в регионе Забайкальский край показатель «индекс промышленного производства (январь-август 2019 к январю-августу 2018)» в отрасли «промышленность» составил 102,9 % к соотв. периоду пред. года. Источник: Амурстат / Росстат (мониторинг соц.-экон. развития регионов ДФО)."
январь-август 2019 к январю-августу 2018,Республика Бурятия,промышленность,индекс промышленного производства (январь-август 2019 к январю-августу 2018),"124,4",% к соотв. периоду пред. года,Амурстат / Росстат (мониторинг соц.-экон. развития регионов ДФО),https://28.rosstat.gov.ru/storage//2019/09-27/kaILmbQH/new1.pdf,2019,8M,высокая,Республика Бурятия,регион_ДФО,"В 2019 году (8M) в регионе Республика Бурятия показатель «индекс промышленного производства (январь-август 2019 к январю-августу 2018)» в отрасли «промышленность» составил 124,4 % к соотв. периоду пред. года. Источник: Амурстат / Росстат (мониторинг соц.-экон. развития регионов ДФО)."
январь-октябрь 2019 к январю-октябрю 2018,Республика Саха (Якутия),промышленность,индекс промышленного производства (январь-октябрь 2019 к январю-октябрю 2018),"112,3",% к соотв. периоду пред. года,Амурстат / Росстат (мониторинг соц.-экон. развития регионов ДФО),https://28.rosstat.gov.ru/storage//2019/11-28/Mgx3gyp8/new1.pdf,2019,10M,высокая,Республика Саха (Якутия),регион_ДФО,"В 2019 году (10M) в регионе Республика Саха (Якутия) показатель «индекс промышленного производства (январь-октябрь 2019 к январю-октябрю 2018)» в отрасли «промышленность» составил 112,3 % к соотв. периоду пред. года. Источник: Амурстат / Росстат (мониторинг соц.-экон. развития регионов ДФО)."
январь-октябрь 2019 к январю-октябрю 2018,Камчатский край,промышленность,индекс промышленного производства (январь-октябрь 2019 к январю-октябрю 2018),"99,9",% к соотв. периоду пред. года,Амурстат / Росстат (мониторинг соц.-экон. развития регионов ДФО),https://28.rosstat.gov.ru/storage//2019/11-28/Mgx3gyp8/new1.pdf,2019,10M,высокая,Камчатский край,регион_ДФО,"В 2019 году (10M) в регионе Камчатский край показатель «индекс промышленного производства (январь-октябрь 2019 к январю-октябрю 2018)» в отрасли «промышленность» составил 99,9 % к соотв. периоду пред. года. Источник: Амурстат / Росстат (мониторинг соц.-экон. развития регионов ДФО)."
январь-октябрь 2019 к январю-октябрю 2018,Приморский край,промышленность,индекс промышленного производства (январь-октябрь 2019 к январю-октябрю 2018),"110,0",% к соотв. периоду пред. года,Амурстат / Росстат (мониторинг соц.-экон. развития регионов ДФО),https://28.rosstat.gov.ru/storage//2019/11-28/Mgx3gyp8/new1.pdf,2019,10M,высокая,Приморский край,регион_ДФО,"В 2019 году (10M) в регионе Приморский край показатель «индекс промышленного производства (январь-октябрь 2019 к январю-октябрю 2018)» в отрасли «промышленность» составил 110,0 % к соотв. периоду пред. года. Источник: Амурстат / Росстат (мониторинг соц.-экон. развития регионов ДФО)."
январь-октябрь 2019 к январю-октябрю 2018,Хабаровский край,промышленность,индекс промышленного производства (январь-октябрь 2019 к январю-октябрю 2018),"102,3",% к соотв. периоду пред. года,Амурстат / Росстат (мониторинг соц.-экон. развития регионов ДФО),https://28.rosstat.gov.ru/storage//2019/11-28/Mgx3gyp8/new1.pdf,2019,10M,высокая,Хабаровский край,регион_ДФО,"В 2019 году (10M) в регионе Хабаровский край показатель «индекс промышленного производства (январь-октябрь 2019 к январю-октябрю 2018)» в отрасли «промышленность» составил 102,3 % к соотв. периоду пред. года. Источник: Амурстат / Росстат (мониторинг соц.-экон. развития регионов ДФО)."
январь-октябрь 2019 к январю-октябрю 2018,Амурская область,промышленность,индекс промышленного производства (январь-октябрь 2019 к январю-октябрю 2018),"104,0",% к соотв. периоду пред. года,Амурстат / Росстат (мониторинг соц.-экон. развития регионов ДФО),https://28.rosstat.gov.ru/storage//2019/11-28/Mgx3gyp8/new1.pdf,2019,10M,высокая,Амурская область,регион_ДФО,"В 2019 году (10M) в регионе Амурская область показатель «индекс промышленного производства (январь-октябрь 2019 к январю-октябрю 2018)» в отрасли «промышленность» составил 104,0 % к соотв. периоду пред. года. Источник: Амурстат / Росстат (мониторинг соц.-экон. развития регионов ДФО)."
январь-октябрь 2019 к январю-октябрю 2018,Магаданская область,промышленность,индекс промышленного производства (январь-октябрь 2019 к январю-октябрю 2018),"112,8",% к соотв. периоду пред. года,Амурстат / Росстат (мониторинг соц.-экон. развития регионов ДФО),https://28.rosstat.gov.ru/storage//2019/11-28/Mgx3gyp8/new1.pdf,2019,10M,высокая,Магаданская область,регион_ДФО,"В 2019 году (10M) в регионе Магаданская область показатель «индекс промышленного производства (январь-октябрь 2019 к январю-октябрю 2018)» в отрасли «промышленность» составил 112,8 % к соотв. периоду пред. года. Источник: Амурстат / Росстат (мониторинг соц.-экон. развития регионов ДФО)."
январь-октябрь 2019 к январю-октябрю 2018,Сахалинская область,промышленность,индекс промышленного производства (январь-октябрь 2019 к январю-октябрю 2018),"102,2",% к соотв. периоду пред. года,Амурстат / Росстат (мониторинг соц.-экон. развития регионов ДФО),https://28.rosstat.gov.ru/storage//2019/11-28/Mgx3gyp8/new1.pdf,2019,10M,высокая,Сахалинская область,регион_ДФО,"В 2019 году (10M) в регионе Сахалинская область показатель «индекс промышленного производства (январь-октябрь 2019 к январю-октябрю 2018)» в отрасли «промышленность» составил 102,2 % к соотв. периоду пред. года. Источник: Амурстат / Росстат (мониторинг соц.-экон. развития регионов ДФО)."
январь-октябрь 2019 к январю-октябрю 2018,Еврейская автономная область,промышленность,индекс промышленного производства (январь-октябрь 2019 к январю-октябрю 2018),"102,5",% к соотв. периоду пред. года,Амурстат / Росстат (мониторинг соц.-экон. развития регионов ДФО),https://28.rosstat.gov.ru/storage//2019/11-28/Mgx3gyp8/new1.pdf,2019,10M,высокая,Еврейская автономная область,регион_ДФО,"В 2019 году (10M) в регионе Еврейская автономная область показатель «индекс промышленного производства (январь-октябрь 2019 к январю-октябрю 2018)» в отрасли «промышленность» составил 102,5 % к соотв. периоду пред. года. Источник: Амурстат / Росстат (мониторинг соц.-экон. развития регионов ДФО)."
январь-октябрь 2019 к январю-октябрю 2018,Чукотский автономный округ,промышленность,индекс промышленного производства (январь-октябрь 2019 к январю-октябрю 2018),"101,7",% к соотв. периоду пред. года,Амурстат / Росстат (мониторинг соц.-экон. развития регионов ДФО),https://28.rosstat.gov.ru/storage//2019/11-28/Mgx3gyp8/new1.pdf,2019,10M,высокая,Чукотский автономный округ,регион_ДФО,"В 2019 году (10M) в регионе Чукотский автономный округ показатель «индекс промышленного производства (январь-октябрь 2019 к январю-октябрю 2018)» в отрасли «промышленность» составил 101,7 % к соотв. периоду пред. года. Источник: Амурстат / Росстат (мониторинг соц.-экон. развития регионов ДФО)."
январь-октябрь 2019 к январю-октябрю 2018,Забайкальский край,промышленность,индекс промышленного производства (январь-октябрь 2019 к январю-октябрю 2018),"104,9",% к соотв. периоду пред. года,Амурстат / Росстат (мониторинг соц.-экон. развития регионов ДФО),https://28.rosstat.gov.ru/storage//2019/11-28/Mgx3gyp8/new1.pdf,2019,10M,высокая,Забайкальский край,регион_ДФО,"В 2019 году (10M) в регионе Забайкальский край показатель «индекс промышленного производства (январь-октябрь 2019 к январю-октябрю 2018)» в отрасли «промышленность» составил 104,9 % к соотв. периоду пред. года. Источник: Амурстат / Росстат (мониторинг соц.-экон. развития регионов ДФО)."
январь-октябрь 2019 к январю-октябрю 2018,Республика Бурятия,промышленность,индекс промышленного производства (январь-октябрь 2019 к январю-октябрю 2018),"128,3",% к соотв. периоду пред. года,Амурстат / Росстат (мониторинг соц.-экон. развития регионов ДФО),https://28.rosstat.gov.ru/storage//2019/11-28/Mgx3gyp8/new1.pdf,2019,10M,высокая,Республика Бурятия,регион_ДФО,"В 2019 году (10M) в регионе Республика Бурятия показатель «индекс промышленного производства (январь-октябрь 2019 к январю-октябрю 2018)» в отрасли «промышленность» составил 128,3 % к соотв. периоду пред. года. Источник: Амурстат / Росстат (мониторинг соц.-экон. развития регионов ДФО)."
январь-ноябрь 2019 к январю-ноябрю 2018,Республика Саха (Якутия),промышленность,индекс промышленного производства (январь-ноябрь 2019 к январю-ноябрю 2018),"111,9",% к соотв. периоду пред. года,Амурстат / Росстат (мониторинг соц.-экон. развития регионов ДФО),https://28.rosstat.gov.ru/storage//2019/12-27/dIsTZcSs/new1.pdf,2019,11M,высокая,Республика Саха (Якутия),регион_ДФО,"В 2019 году (11M) в регионе Республика Саха (Якутия) показатель «индекс промышленного производства (январь-ноябрь 2019 к январю-ноябрю 2018)» в отрасли «промышленность» составил 111,9 % к соотв. периоду пред. года. Источник: Амурстат / Росстат (мониторинг соц.-экон. развития регионов ДФО)."
январь-ноябрь 2019 к январю-ноябрю 2018,Камчатский край,промышленность,индекс промышленного производства (январь-ноябрь 2019 к январю-ноябрю 2018),"100,5",% к соотв. периоду пред. года,Амурстат / Росстат (мониторинг соц.-экон. развития регионов ДФО),https://28.rosstat.gov.ru/storage//2019/12-27/dIsTZcSs/new1.pdf,2019,11M,высокая,Камчатский край,регион_ДФО,"В 2019 году (11M) в регионе Камчатский край показатель «индекс промышленного производства (январь-ноябрь 2019 к январю-ноябрю 2018)» в отрасли «промышленность» составил 100,5 % к соотв. периоду пред. года. Источник: Амурстат / Росстат (мониторинг соц.-экон. развития регионов ДФО)."
январь-ноябрь 2019 к январю-ноябрю 2018,Приморский край,промышленность,индекс промышленного производства (январь-ноябрь 2019 к январю-ноябрю 2018),"112,2",% к соотв. периоду пред. года,Амурстат / Росстат (мониторинг соц.-экон. развития регионов ДФО),https://28.rosstat.gov.ru/storage//2019/12-27/dIsTZcSs/new1.pdf,2019,11M,высокая,Приморский край,регион_ДФО,"В 2019 году (11M) в регионе Приморский край показатель «индекс промышленного производства (январь-ноябрь 2019 к январю-ноябрю 2018)» в отрасли «промышленность» составил 112,2 % к соотв. периоду пред. года. Источник: Амурстат / Росстат (мониторинг соц.-экон. развития регионов ДФО)."
январь-ноябрь 2019 к январю-ноябрю 2018,Хабаровский край,промышленность,индекс промышленного производства (январь-ноябрь 2019 к январю-ноябрю 2018),"98,7",% к соотв. периоду пред. года,Амурстат / Росстат (мониторинг соц.-экон. развития регионов ДФО),https://28.rosstat.gov.ru/storage//2019/12-27/dIsTZcSs/new1.pdf,2019,11M,высокая,Хабаровский край,регион_ДФО,"В 2019 году (11M) в регионе Хабаровский край показатель «индекс промышленного производства (январь-ноябрь 2019 к январю-ноябрю 2018)» в отрасли «промышленность» составил 98,7 % к соотв. периоду пред. года. Источник: Амурстат / Росстат (мониторинг соц.-экон. развития регионов ДФО)."
январь-ноябрь 2019 к январю-ноябрю 2018,Амурская область,промышленность,индекс промышленного производства (январь-ноябрь 2019 к январю-ноябрю 2018),"104,5",% к соотв. периоду пред. года,Амурстат / Росстат (мониторинг соц.-экон. развития регионов ДФО),https://28.rosstat.gov.ru/storage//2019/12-27/dIsTZcSs/new1.pdf,2019,11M,высокая,Амурская область,регион_ДФО,"В 2019 году (11M) в регионе Амурская область показатель «индекс промышленного производства (январь-ноябрь 2019 к январю-ноябрю 2018)» в отрасли «промышленность» составил 104,5 % к соотв. периоду пред. года. Источник: Амурстат / Росстат (мониторинг соц.-экон. развития регионов ДФО)."
январь-ноябрь 2019 к январю-ноябрю 2018,Магаданская область,промышленность,индекс промышленного производства (январь-ноябрь 2019 к январю-ноябрю 2018),"113,1",% к соотв. периоду пред. года,Амурстат / Росстат (мониторинг соц.-экон. развития регионов ДФО),https://28.rosstat.gov.ru/storage//2019/12-27/dIsTZcSs/new1.pdf,2019,11M,высокая,Магаданская область,регион_ДФО,"В 2019 году (11M) в регионе Магаданская область показатель «индекс промышленного производства (январь-ноябрь 2019 к январю-ноябрю 2018)» в отрасли «промышленность» составил 113,1 % к соотв. периоду пред. года. Источник: Амурстат / Росстат (мониторинг соц.-экон. развития регионов ДФО)."
январь-ноябрь 2019 к январю-ноябрю 2018,Сахалинская область,промышленность,индекс промышленного производства (январь-ноябрь 2019 к январю-ноябрю 2018),"101,8",% к соотв. периоду пред. года,Амурстат / Росстат (мониторинг соц.-экон. развития регионов ДФО),https://28.rosstat.gov.ru/storage//2019/12-27/dIsTZcSs/new1.pdf,2019,11M,высокая,Сахалинская область,регион_ДФО,"В 2019 году (11M) в регионе Сахалинская область показатель «индекс промышленного производства (январь-ноябрь 2019 к январю-ноябрю 2018)» в отрасли «промышленность» составил 101,8 % к соотв. периоду пред. года. Источник: Амурстат / Росстат (мониторинг соц.-экон. развития регионов ДФО)."
январь-ноябрь 2019 к январю-ноябрю 2018,Еврейская автономная область,промышленность,индекс промышленного производства (январь-ноябрь 2019 к январю-ноябрю 2018),"103,7",% к соотв. периоду пред. года,Амурстат / Росстат (мониторинг соц.-экон. развития регионов ДФО),https://28.rosstat.gov.ru/storage//2019/12-27/dIsTZcSs/new1.pdf,2019,11M,высокая,Еврейская автономная область,регион_ДФО,"В 2019 году (11M) в регионе Еврейская автономная область показатель «индекс промышленного производства (январь-ноябрь 2019 к январю-ноябрю 2018)» в отрасли «промышленность» составил 103,7 % к соотв. периоду пред. года. Источник: Амурстат / Росстат (мониторинг соц.-экон. развития регионов ДФО)."
январь-ноябрь 2019 к январю-ноябрю 2018,Чукотский автономный округ,промышленность,индекс промышленного производства (январь-ноябрь 2019 к январю-ноябрю 2018),"104,2",% к соотв. периоду пред. года,Амурстат / Росстат (мониторинг соц.-экон. развития регионов ДФО),https://28.rosstat.gov.ru/storage//2019/12-27/dIsTZcSs/new1.pdf,2019,11M,высокая,Чукотский автономный округ,регион_ДФО,"В 2019 году (11M) в регионе Чукотский автономный округ показатель «индекс промышленного производства (январь-ноябрь 2019 к январю-ноябрю 2018)» в отрасли «промышленность» составил 104,2 % к соотв. периоду пред. года. Источник: Амурстат / Росстат (мониторинг соц.-экон. развития регионов ДФО)."
январь-ноябрь 2019 к январю-ноябрю 2018,Забайкальский край,промышленность,индекс промышленного производства (январь-ноябрь 2019 к январю-ноябрю 2018),"103,9",% к соотв. периоду пред. года,Амурстат / Росстат (мониторинг соц.-экон. развития регионов ДФО),https://28.rosstat.gov.ru/storage//2019/12-27/dIsTZcSs/new1.pdf,2019,11M,высокая,Забайкальский край,регион_ДФО,"В 2019 году (11M) в регионе Забайкальский край показатель «индекс промышленного производства (январь-ноябрь 2019 к январю-ноябрю 2018)» в отрасли «промышленность» составил 103,9 % к соотв. периоду пред. года. Источник: Амурстат / Росстат (мониторинг соц.-экон. развития регионов ДФО)."
январь-ноябрь 2019 к январю-ноябрю 2018,Республика Бурятия,промышленность,индекс промышленного производства (январь-ноябрь 2019 к январю-ноябрю 2018),"123,0",% к соотв. периоду пред. года,Амурстат / Росстат (мониторинг соц.-экон. развития регионов ДФО),https://28.rosstat.gov.ru/storage//2019/12-27/dIsTZcSs/new1.pdf,2019,11M,высокая,Республика Бурятия,регион_ДФО,"В 2019 году (11M) в регионе Республика Бурятия показатель «индекс промышленного производства (январь-ноябрь 2019 к январю-ноябрю 2018)» в отрасли «промышленность» составил 123,0 % к соотв. периоду пред. года. Источник: Амурстат / Росстат (мониторинг соц.-экон. развития регионов ДФО)."
январь-май 2025 к январю-маю 2024,Республика Саха (Якутия),промышленность,индекс промышленного производства (январь-май 2025 к январю-маю 2024),"104,8",% к соотв. периоду пред. года,Амурстат / Росстат (мониторинг соц.-экон. развития регионов ДФО),https://28.rosstat.gov.ru/storage/2025/07-07/CjbNkZXY/2025_new1.pdf,2025,5M,высокая,Республика Саха (Якутия),регион_ДФО,"В 2025 году (5M) в регионе Республика Саха (Якутия) показатель «индекс промышленного производства (январь-май 2025 к январю-маю 2024)» в отрасли «промышленность» составил 104,8 % к соотв. периоду пред. года. Источник: Амурстат / Росстат (мониторинг соц.-экон. развития регионов ДФО)."
январь-май 2025 к январю-маю 2024,Камчатский край,промышленность,индекс промышленного производства (январь-май 2025 к январю-маю 2024),"91,7",% к соотв. периоду пред. года,Амурстат / Росстат (мониторинг соц.-экон. развития регионов ДФО),https://28.rosstat.gov.ru/storage/2025/07-07/CjbNkZXY/2025_new1.pdf,2025,5M,высокая,Камчатский край,регион_ДФО,"В 2025 году (5M) в регионе Камчатский край показатель «индекс промышленного производства (январь-май 2025 к январю-маю 2024)» в отрасли «промышленность» составил 91,7 % к соотв. периоду пред. года. Источник: Амурстат / Росстат (мониторинг соц.-экон. развития регионов ДФО)."
январь-май 2025 к январю-маю 2024,Приморский край,промышленность,индекс промышленного производства (январь-май 2025 к январю-маю 2024),"100,9",% к соотв. периоду пред. года,Амурстат / Росстат (мониторинг соц.-экон. развития регионов ДФО),https://28.rosstat.gov.ru/storage/2025/07-07/CjbNkZXY/2025_new1.pdf,2025,5M,высокая,Приморский край,регион_ДФО,"В 2025 году (5M) в регионе Приморский край показатель «индекс промышленного производства (январь-май 2025 к январю-маю 2024)» в отрасли «промышленность» составил 100,9 % к соотв. периоду пред. года. Источник: Амурстат / Росстат (мониторинг соц.-экон. развития регионов ДФО)."
январь-май 2025 к январю-маю 2024,Хабаровский край,промышленность,индекс промышленного производства (январь-май 2025 к январю-маю 2024),"116,2",% к соотв. периоду пред. года,Амурстат / Росстат (мониторинг соц.-экон. развития регионов ДФО),https://28.rosstat.gov.ru/storage/2025/07-07/CjbNkZXY/2025_new1.pdf,2025,5M,высокая,Хабаровский край,регион_ДФО,"В 2025 году (5M) в регионе Хабаровский край показатель «индекс промышленного производства (январь-май 2025 к январю-маю 2024)» в отрасли «промышленность» составил 116,2 % к соотв. периоду пред. года. Источник: Амурстат / Росстат (мониторинг соц.-экон. развития регионов ДФО)."
январь-май 2025 к январю-маю 2024,Амурская область,промышленность,индекс промышленного производства (январь-май 2025 к январю-маю 2024),"103,6",% к соотв. периоду пред. года,Амурстат / Росстат (мониторинг соц.-экон. развития регионов ДФО),https://28.rosstat.gov.ru/storage/2025/07-07/CjbNkZXY/2025_new1.pdf,2025,5M,высокая,Амурская область,регион_ДФО,"В 2025 году (5M) в регионе Амурская область показатель «индекс промышленного производства (январь-май 2025 к январю-маю 2024)» в отрасли «промышленность» составил 103,6 % к соотв. периоду пред. года. Источник: Амурстат / Росстат (мониторинг соц.-экон. развития регионов ДФО)."
январь-май 2025 к январю-маю 2024,Магаданская область,промышленность,индекс промышленного производства (январь-май 2025 к январю-маю 2024),"110,9",% к соотв. периоду пред. года,Амурстат / Росстат (мониторинг соц.-экон. развития регионов ДФО),https://28.rosstat.gov.ru/storage/2025/07-07/CjbNkZXY/2025_new1.pdf,2025,5M,высокая,Магаданская область,регион_ДФО,"В 2025 году (5M) в регионе Магаданская область показатель «индекс промышленного производства (январь-май 2025 к январю-маю 2024)» в отрасли «промышленность» составил 110,9 % к соотв. периоду пред. года. Источник: Амурстат / Росстат (мониторинг соц.-экон. развития регионов ДФО)."
январь-май 2025 к январю-маю 2024,Сахалинская область,промышленность,индекс промышленного производства (январь-май 2025 к январю-маю 2024),"97,5",% к соотв. периоду пред. года,Амурстат / Росстат (мониторинг соц.-экон. развития регионов ДФО),https://28.rosstat.gov.ru/storage/2025/07-07/CjbNkZXY/2025_new1.pdf,2025,5M,высокая,Сахалинская область,регион_ДФО,"В 2025 году (5M) в регионе Сахалинская область показатель «индекс промышленного производства (январь-май 2025 к январю-маю 2024)» в отрасли «промышленность» составил 97,5 % к соотв. периоду пред. года. Источник: Амурстат / Росстат (мониторинг соц.-экон. развития регионов ДФО)."
январь-май 2025 к январю-маю 2024,Еврейская автономная область,промышленность,индекс промышленного производства (январь-май 2025 к январю-маю 2024),"107,9",% к соотв. периоду пред. года,Амурстат / Росстат (мониторинг соц.-экон. развития регионов ДФО),https://28.rosstat.gov.ru/storage/2025/07-07/CjbNkZXY/2025_new1.pdf,2025,5M,высокая,Еврейская автономная область,регион_ДФО,"В 2025 году (5M) в регионе Еврейская автономная область показатель «индекс промышленного производства (январь-май 2025 к январю-маю 2024)» в отрасли «промышленность» составил 107,9 % к соотв. периоду пред. года. Источник: Амурстат / Росстат (мониторинг соц.-экон. развития регионов ДФО)."
январь-май 2025 к январю-маю 2024,Чукотский автономный округ,промышленность,индекс промышленного производства (январь-май 2025 к январю-маю 2024),"126,2",% к соотв. периоду пред. года,Амурстат / Росстат (мониторинг соц.-экон. развития регионов ДФО),https://28.rosstat.gov.ru/storage/2025/07-07/CjbNkZXY/2025_new1.pdf,2025,5M,высокая,Чукотский автономный округ,регион_ДФО,"В 2025 году (5M) в регионе Чукотский автономный округ показатель «индекс промышленного производства (январь-май 2025 к январю-маю 2024)» в отрасли «промышленность» составил 126,2 % к соотв. периоду пред. года. Источник: Амурстат / Росстат (мониторинг соц.-экон. развития регионов ДФО)."
январь-май 2025 к январю-маю 2024,Забайкальский край,промышленность,индекс промышленного производства (январь-май 2025 к январю-маю 2024),"101,8",% к соотв. периоду пред. года,Амурстат / Росстат (мониторинг соц.-экон. развития регионов ДФО),https://28.rosstat.gov.ru/storage/2025/07-07/CjbNkZXY/2025_new1.pdf,2025,5M,высокая,Забайкальский край,регион_ДФО,"В 2025 году (5M) в регионе Забайкальский край показатель «индекс промышленного производства (январь-май 2025 к январю-маю 2024)» в отрасли «промышленность» составил 101,8 % к соотв. периоду пред. года. Источник: Амурстат / Росстат (мониторинг соц.-экон. развития регионов ДФО)."
январь-май 2025 к январю-маю 2024,Республика Бурятия,промышленность,индекс промышленного производства (январь-май 2025 к январю-маю 2024),"102,5",% к соотв. периоду пред. года,Амурстат / Росстат (мониторинг соц.-экон. развития регионов ДФО),https://28.rosstat.gov.ru/storage/2025/07-07/CjbNkZXY/2025_new1.pdf,2025,5M,высокая,Республика Бурятия,регион_ДФО,"В 2025 году (5M) в регионе Республика Бурятия показатель «индекс промышленного производства (январь-май 2025 к январю-маю 2024)» в отрасли «промышленность» составил 102,5 % к соотв. периоду пред. года. Источник: Амурстат / Росстат (мониторинг соц.-экон. развития регионов ДФО)."
июль 2019,Республика Саха (Якутия),труд,среднемесячная номинальная начисленная зарплата (июль 2019),"67246,1",руб.,Амурстат / Росстат (мониторинг соц.-экон. развития регионов ДФО),https://28.rosstat.gov.ru/storage//2019/09-27/kaILmbQH/new1.pdf,2019,Jul,высокая,Республика Саха (Якутия),регион_ДФО,"В 2019 году (Jul) в регионе Республика Саха (Якутия) показатель «среднемесячная номинальная начисленная зарплата (июль 2019)» в отрасли «труд» составил 67246,1 руб. Источник: Амурстат / Росстат (мониторинг соц.-экон. развития регионов ДФО)."
июль 2019,Камчатский край,труд,среднемесячная номинальная начисленная зарплата (июль 2019),"71785,9",руб.,Амурстат / Росстат (мониторинг соц.-экон. развития регионов ДФО),https://28.rosstat.gov.ru/storage//2019/09-27/kaILmbQH/new1.pdf,2019,Jul,высокая,Камчатский край,регион_ДФО,"В 2019 году (Jul) в регионе Камчатский край показатель «среднемесячная номинальная начисленная зарплата (июль 2019)» в отрасли «труд» составил 71785,9 руб. Источник: Амурстат / Росстат (мониторинг соц.-экон. развития регионов ДФО)."
июль 2019,Приморский край,труд,среднемесячная номинальная начисленная зарплата (июль 2019),"46708,3",руб.,Амурстат / Росстат (мониторинг соц.-экон. развития регионов ДФО),https://28.rosstat.gov.ru/storage//2019/09-27/kaILmbQH/new1.pdf,2019,Jul,высокая,Приморский край,регион_ДФО,"В 2019 году (Jul) в регионе Приморский край показатель «среднемесячная номинальная начисленная зарплата (июль 2019)» в отрасли «труд» составил 46708,3 руб. Источник: Амурстат / Росстат (мониторинг соц.-экон. развития регионов ДФО)."
июль 2019,Хабаровский край,труд,среднемесячная номинальная начисленная зарплата (июль 2019),"50313,0",руб.,Амурстат / Росстат (мониторинг соц.-экон. развития регионов ДФО),https://28.rosstat.gov.ru/storage//2019/09-27/kaILmbQH/new1.pdf,2019,Jul,высокая,Хабаровский край,регион_ДФО,"В 2019 году (Jul) в регионе Хабаровский край показатель «среднемесячная номинальная начисленная зарплата (июль 2019)» в отрасли «труд» составил 50313,0 руб. Источник: Амурстат / Росстат (мониторинг соц.-экон. развития регионов ДФО)."
июль 2019,Амурская область,труд,среднемесячная номинальная начисленная зарплата (июль 2019),"46519,0",руб.,Амурстат / Росстат (мониторинг соц.-экон. развития регионов ДФО),https://28.rosstat.gov.ru/storage//2019/09-27/kaILmbQH/new1.pdf,2019,Jul,высокая,Амурская область,регион_ДФО,"В 2019 году (Jul) в регионе Амурская область показатель «среднемесячная номинальная начисленная зарплата (июль 2019)» в отрасли «труд» составил 46519,0 руб. Источник: Амурстат / Росстат (мониторинг соц.-экон. развития регионов ДФО)."
июль 2019,Магаданская область,труд,среднемесячная номинальная начисленная зарплата (июль 2019),"89170,7",руб.,Амурстат / Росстат (мониторинг соц.-экон. развития регионов ДФО),https://28.rosstat.gov.ru/storage//2019/09-27/kaILmbQH/new1.pdf,2019,Jul,высокая,Магаданская область,регион_ДФО,"В 2019 году (Jul) в регионе Магаданская область показатель «среднемесячная номинальная начисленная зарплата (июль 2019)» в отрасли «труд» составил 89170,7 руб. Источник: Амурстат / Росстат (мониторинг соц.-экон. развития регионов ДФО)."
июль 2019,Сахалинская область,труд,среднемесячная номинальная начисленная зарплата (июль 2019),"88563,0",руб.,Амурстат / Росстат (мониторинг соц.-экон. развития регионов ДФО),https://28.rosstat.gov.ru/storage//2019/09-27/kaILmbQH/new1.pdf,2019,Jul,высокая,Сахалинская область,регион_ДФО,"В 2019 году (Jul) в регионе Сахалинская область показатель «среднемесячная номинальная начисленная зарплата (июль 2019)» в отрасли «труд» составил 88563,0 руб. Источник: Амурстат / Росстат (мониторинг соц.-экон. развития регионов ДФО)."
июль 2019,Еврейская автономная область,труд,среднемесячная номинальная начисленная зарплата (июль 2019),"42233,6",руб.,Амурстат / Росстат (мониторинг соц.-экон. развития регионов ДФО),https://28.rosstat.gov.ru/storage//2019/09-27/kaILmbQH/new1.pdf,2019,Jul,высокая,Еврейская автономная область,регион_ДФО,"В 2019 году (Jul) в регионе Еврейская автономная область показатель «среднемесячная номинальная начисленная зарплата (июль 2019)» в отрасли «труд» составил 42233,6 руб. Источник: Амурстат / Росстат (мониторинг соц.-экон. развития регионов ДФО)."
июль 2019,Чукотский автономный округ,труд,среднемесячная номинальная начисленная зарплата (июль 2019),"108268,0",руб.,Амурстат / Росстат (мониторинг соц.-экон. развития регионов ДФО),https://28.rosstat.gov.ru/storage//2019/09-27/kaILmbQH/new1.pdf,2019,Jul,высокая,Чукотский автономный округ,регион_ДФО,"В 2019 году (Jul) в регионе Чукотский автономный округ показатель «среднемесячная номинальная начисленная зарплата (июль 2019)» в отрасли «труд» составил 108268,0 руб. Источник: Амурстат / Росстат (мониторинг соц.-экон. развития регионов ДФО)."
июль 2019,Забайкальский край,труд,среднемесячная номинальная начисленная зарплата (июль 2019),"41402,0",руб.,Амурстат / Росстат (мониторинг соц.-экон. развития регионов ДФО),https://28.rosstat.gov.ru/storage//2019/09-27/kaILmbQH/new1.pdf,2019,Jul,высокая,Забайкальский край,регион_ДФО,"В 2019 году (Jul) в регионе Забайкальский край показатель «среднемесячная номинальная начисленная зарплата (июль 2019)» в отрасли «труд» составил 41402,0 руб. Источник: Амурстат / Росстат (мониторинг соц.-экон. развития регионов ДФО)."
июль 2019,Республика Бурятия,труд,среднемесячная номинальная начисленная зарплата (июль 2019),"37120,6",руб.,Амурстат / Росстат (мониторинг соц.-экон. развития регионов ДФО),https://28.rosstat.gov.ru/storage//2019/09-27/kaILmbQH/new1.pdf,2019,Jul,высокая,Республика Бурятия,регион_ДФО,"В 2019 году (Jul) в регионе Республика Бурятия показатель «среднемесячная номинальная начисленная зарплата (июль 2019)» в отрасли «труд» составил 37120,6 руб. Источник: Амурстат / Росстат (мониторинг соц.-экон. развития регионов ДФО)."
2024 (1-е полугодие),Республика Саха (Якутия),демография,рост численности населения за 1-е полугодие 2024 г.,0.3,% (за полугодие),EastRussia (интервью М.Кузнецова),https://www.eastrussia.ru/material/demografiya-dalnego-vostoka-razvorachivaya-trend/,2024,H1,высокая,Республика Саха (Якутия),регион_ДФО,В 2024 году (H1) в регионе Республика Саха (Якутия) показатель «рост численности населения за 1-е полугодие 2024 г.» в отрасли «демография» составил 0.3 % (за полугодие). Источник: EastRussia (интервью М.Кузнецова).
2024 (1-е полугодие),Чукотский автономный округ,демография,рост численности населения за 1-е полугодие 2024 г.,0.1,% (за полугодие),EastRussia (интервью М.Кузнецова),https://www.eastrussia.ru/material/demografiya-dalnego-vostoka-razvorachivaya-trend/,2024,H1,высокая,Чукотский автономный округ,регион_ДФО,В 2024 году (H1) в регионе Чукотский автономный округ показатель «рост численности населения за 1-е полугодие 2024 г.» в отрасли «демография» составил 0.1 % (за полугодие). Источник: EastRussia (интервью М.Кузнецова).
2024 (1-е полугодие),ДФО,демография,сокращение численности населения за 1-е полугодие 2024 г. (в целом по округу),-0.2,% (за полугодие),EastRussia (интервью М.Кузнецова),https://www.eastrussia.ru/material/demografiya-dalnego-vostoka-razvorachivaya-trend/,2024,H1,высокая,Дальневосточный федеральный округ,округ_ДФО,В 2024 году (H1) в регионе Дальневосточный федеральный округ показатель «сокращение численности населения за 1-е полугодие 2024 г. (в целом по округу)» в отрасли «демография» составил -0.2 % (за полугодие). Источник: EastRussia (интервью М.Кузнецова).
