год,регион,отрасль,показатель,значение,единица_измерения,источник,ссылка,год_число,период,полнота,регион_норм,уровень_агрегации
2023,"РФ (справочно, не ДФО)",обрабатывающая промышленность,индекс промышленного производства,108.7,% к пред. году,Росстат,https://rosstat.gov.ru/folder/313/document/253870,2023,Year,высокая,Российская Федерация,РФ
2024,"РФ (справочно, не ДФО)",обрабатывающая промышленность,рост выпуска обрабатывающих производств,8.5,% г/г,Минэкономразвития РФ,https://www.economy.gov.ru/material/file/8aa341310b8d9fb9d1c97ae486d87979/o_dinamike_promyshlennogo_proizvodstva_itogi_2024_goda.pdf,2024,Year,высокая,Российская Федерация,РФ
2019,ДФО,промышленность,индекс промышленного производства,,% к пред. году,,требует проверки — см. блок пробелов,2019,Year,низкая,Дальневосточный федеральный округ,округ_ДФО
2020,ДФО,промышленность,индекс промышленного производства,,% к пред. году,,требует проверки — см. блок пробелов,2020,Year,низкая,Дальневосточный федеральный округ,округ_ДФО
2021,ДФО,промышленность,индекс промышленного производства,,% к пред. году,,требует проверки — см. блок пробелов,2021,Year,низкая,Дальневосточный федеральный округ,округ_ДФО
2022,ДФО,промышленность,индекс промышленного производства,,% к пред. году,,требует проверки — см. блок пробелов,2022,Year,низкая,Дальневосточный федеральный округ,округ_ДФО
2023,ДФО,промышленность,индекс промышленного производства,,% к пред. году,,требует проверки — см. блок пробелов,2023,Year,низкая,Дальневосточный федеральный округ,округ_ДФО
2024,ДФО,промышленность,индекс промышленного производства,,% к пред. году,,требует проверки — см. блок пробелов,2024,Year,низкая,Дальневосточный федеральный округ,округ_ДФО
2025,ДФО,промышленность,индекс промышленного производства,,% к пред. году,,данные за год ещё не опубликованы полностью,2025,Year,низкая,Дальневосточный федеральный округ,округ_ДФО
2019-2025,ДФО (по регионам),обрабатывающая промышленность,доля обрабатывающих производств в ВРП,,%,,требует проверки — см. блок пробелов,2025,Cumulative,низкая,Дальневосточный федеральный округ,округ_ДФО
2017,Приморский край,судостроение,"оценочная стоимость проекта ССК ""Звезда""",145.5,млрд руб.,Коммерсантъ (со ссылкой на данные компании),https://www.kommersant.ru/doc/7295418,2017,Year,высокая,Приморский край,регион_ДФО
2024,Приморский край,судостроение,"портфель заказов ССК ""Звезда""","60+ судов (12 спущено на воду, 20+ строятся)",ед.,Коммерсантъ,https://www.kommersant.ru/doc/7284699,2024,Year,высокая,Приморский край,регион_ДФО
2024,Приморский край,судостроение,"оценка активов ССК ""Звезда"" при обсуждении сделки с ОСК",250,млрд руб.,The Moscow Times (со ссылкой на источники РБК),https://ru.themoscowtimes.com/2024/11/08/update-1-rosneft-i-vtb-nachali-peregovory-o-vkhozhdenii-sudoverfi-zvezda-v-osk-a147181,2024,Year,высокая,Приморский край,регион_ДФО
2024,Приморский край,судостроение,"включение ССК ""Звезда"" в санкционный список Минфина США (февраль 2024)",факт,качественный показатель,Коммерсантъ,https://www.kommersant.ru/doc/7295418,2024,Year,высокая,Приморский край,регион_ДФО
2032 (план),Приморский край,судостроение,плановый срок запуска новой верфи ОСК на ДВ (мощность до 12 судов/год),2032,год (плановый),EastRussia (обзор отрасли),https://www.eastrussia.ru/material/byulleten-eastrussia-otraslevoy-analiticheskiy-obzor-sudostroeniya-dfo-osen-2025/,2032,Plan,высокая,Приморский край,регион_ДФО
не установлен год,ДФО,инвестиции,плановый объём инвестиций в ДФО до 2025 г. (цитата Ю.Трутнева),3.9,трлн руб.,EastRussia (цитата вице-премьера),https://www.eastrussia.ru/news/trutnev-na-dalniy-vostok-pridet-3-9-trln-rubley-investitsiy/,,Unknown,высокая,Дальневосточный федеральный округ,округ_ДФО
не установлен год,ДФО,ТОР/СПВ,число резидентов ТОР/СПВ с иностранным участием,73,ед.,ERDC / материал КРДВ (дата не указана — требует проверки),https://erdc.ru/pdf/krdv.pdf,,Unknown,низкая,Дальневосточный федеральный округ,округ_ДФО
не установлен год,ДФО,ТОР/СПВ,заявленные инвестиции иностранных резидентов ТОР/СПВ,255.7,млрд руб.,ERDC / материал КРДВ (дата не указана — требует проверки),https://erdc.ru/pdf/krdv.pdf,,Unknown,низкая,Дальневосточный федеральный округ,округ_ДФО
не установлен год,ДФО,СПВ,число открытых предприятий резидентами СПВ,200+,ед.,EastRussia,https://www.eastrussia.ru/news/bolee-200-predpriyatiy-otkryli-rezidenty-spv-na-dalnem-vostoke/,,Unknown,высокая,Дальневосточный федеральный округ,округ_ДФО
не установлен год,ДФО,СПВ,проекты резидентов СПВ в сфере недвижимости,762 проекта / 33.7 млрд руб.,млрд руб.,EastRussia,https://www.eastrussia.ru/news/bolee-200-predpriyatiy-otkryli-rezidenty-spv-na-dalnem-vostoke/,,Unknown,высокая,Дальневосточный федеральный округ,округ_ДФО
не установлен год,ДФО,ТОР,лидеры по числу резидентов ТОР,"Приморский край, Камчатка, Хабаровский край, Якутия",качественный рейтинг,EastRussia (интервью гендиректора КРДВ Д.Тихонова),https://www.eastrussia.ru/material/gendirektor-ao-krdv-denis-tikhonov-dostignutye-rezultaty-menyayut-vzglyad-na-veshchi/,,Unknown,высокая,Дальневосточный федеральный округ,округ_ДФО
не установлен год,Амурская область,ТОР,лидер по объёму инвестиций резидентов ТОР,"качественный факт, без цифры",качественный рейтинг,EastRussia (интервью гендиректора КРДВ),https://www.eastrussia.ru/material/gendirektor-ao-krdv-denis-tikhonov-dostignutye-rezultaty-menyayut-vzglyad-na-veshchi/,,Unknown,высокая,Амурская область,регион_ДФО
2022,Хабаровский край,авиастроение,"первый фюзеляж SSJ-New собран на заводе ""Иркут"" (Комсомольск-на-Амуре)",факт,качественный показатель,EastRussia,https://www.eastrussia.ru/news/pervyy-fyuzelyazh-laynera-ssj-new-sobrali-v-komsomolske-na-amure/,2022,Year,высокая,Хабаровский край,регион_ДФО
2023,Хабаровский край,авиастроение,заявленный плановый годовой выпуск SSJ-New (С.Чемезов),20,самолётов/год,BFM.ru,https://www.bfm.ru/news/531276,2023,Year,высокая,Хабаровский край,регион_ДФО
2024 (план),Хабаровский край,авиастроение,начало серийного выпуска SSJ-New,факт (план),качественный показатель,BFM.ru / EastRussia,https://www.bfm.ru/news/531276,2024,Plan,высокая,Хабаровский край,регион_ДФО
2022,Хабаровский край,авиастроение,доля импортных комплектующих в версии SSJ-100 до импортозамещения,70,%,EastRussia,https://www.eastrussia.ru/news/edinaya-dalnevostochnaya-aviakompaniya-poluchit-vosem-ssj-new/,2022,Year,высокая,Хабаровский край,регион_ДФО
2022,Хабаровский край,авиастроение,заявленная стоимость сборки SSJ-New (без двигателей),50,млрд руб.,EastRussia,https://www.eastrussia.ru/news/edinaya-dalnevostochnaya-aviakompaniya-poluchit-vosem-ssj-new/,2022,Year,высокая,Хабаровский край,регион_ДФО
не установлен год,ДФО,авиастроение,план поставок SSJ New Единой дальневосточной авиакомпании до конца 2025 г.,8 (SSJ New) из 45 отечественных самолётов,ед.,EastRussia (со ссылкой на КРДВ),https://www.eastrussia.ru/news/edinaya-dalnevostochnaya-aviakompaniya-poluchit-vosem-ssj-new/,,Unknown,высокая,Дальневосточный федеральный округ,округ_ДФО
не установлен год,Якутия,авиастроение,"SSJ-100 на вооружении авиакомпании ""Якутия""",5,ед.,EastRussia (со ссылкой на КРДВ),https://www.eastrussia.ru/news/edinaya-dalnevostochnaya-aviakompaniya-poluchit-vosem-ssj-new/,,Unknown,высокая,Республика Саха (Якутия),регион_ДФО
2023,Приморский край,вертолётостроение,"завод ""Прогресс"" (Арсеньев) продолжает серийный выпуск Ка-52 ""Аллигатор""",факт,качественный показатель,Коммерсантъ (историческая справка),https://www.kommersant.ru/doc/1049820,2023,Year,высокая,Приморский край,регион_ДФО
2021 (план),Приморский край,вертолётостроение,начало выпуска пассажирских вертолётов Ка-62 для нужд ДФО,факт (план),качественный показатель,EastRussia,https://www.eastrussia.ru/news/vertolety-dlya-dalnevostochnoy-aviakompanii-budut-stroit-v-primore/,2021,Plan,высокая,Приморский край,регион_ДФО
2024,Приморский край,радиоэлектроника,"визит вице-премьера Д.Мантурова на завод ""Дальприбор"" (приборы, датчики, измерительная аппаратура)",факт,качественный показатель,Дайджест НИИЭТ (со ссылкой на пресс-службу Правительства РФ),https://niiet.ru/wp-content/uploads/2024/09/Дайджест_информационных_ресурсов_30_08_06_09_2024_г.pdf,2024,Year,высокая,Приморский край,регион_ДФО
2024,"ДФО (нац. уровень, не региональный)",дроностроение,производство гражданских беспилотников в РФ выросло,2.5,раз к 2023 г.,ComNews,https://www.comnews.ru/content/237485/2025-01-30/2025-w05/1008/drony-vzleteli-proizvodstvo-grazhdanskikh-bespilotnikov-kratno-uvelichilo,2024,Year,высокая,Дальневосточный федеральный округ,округ_ДФО
2024,"РФ (нац. уровень, не ДФО)",дроностроение,выпуск гражданских беспилотников в РФ,~18000,ед./год,"Радио Свобода (со ссылкой на В.Шпака, Минпромторг)",https://www.svoboda.org/a/32558707.html,2024,Year,высокая,Российская Федерация,РФ
2020-2025,Приморский край,наука/наноэлектроника,"создание ИНТЦ ""Русский"" и синхротрона на о. Русский как инфраструктуры для материаловедения/микроэлектроники",факт (в процессе),качественный показатель,ДВФУ / ИНТиПМ ДВО РАН,https://www.dvfu.ru/the_consortium_integration/documents/ИНТиПМ_ДВО РАН_.pdf,2025,Cumulative,высокая,Приморский край,регион_ДФО
2020-2025,Приморский край,робототехника (кадры),"открытие направлений подготовки ""Мехатроника и робототехника"" в ДВФУ (бакалавриат/магистратура, совместно с ИАПУ ДВО РАН)",факт,качественный показатель,ДВФУ,https://postupi.dvfu.ru/upload/medialibrary/586/6twyx5opiv0g0hupapu0tsf3234qrqdq/15.03.06 Мехатроника и робототехника.pdf,2025,Cumulative,высокая,Приморский край,регион_ДФО
2020,Приморский край,наука/инфраструктура,"принято постановление Правительства РФ №1868 о создании ИНТЦ ""Русский""",факт (18.11.2020),качественный показатель,ppt.ru (обзор НПА),https://ppt.ru/amp/obzory/vstupaet-v-silu/postanovlenie-pravitelstva-rf-15-05-2025-653,2020,Year,высокая,Приморский край,регион_ДФО
2022,Приморский край,биомедицина/биотехнологии,"анонс создания 4 кластеров ИНТЦ ""Русский"" (Биомедицина, Биотехнологии, Морская инженерия, IT-парк)",факт,качественный показатель,GxP News,https://gxpnews.net/2022/08/na-dalnem-vostoke-sozdadut-novyj-biomediczinskij-klaster/,2022,Year,высокая,Приморский край,регион_ДФО
2022,Приморский край,биомедицина,"первым запускаемым кластером ИНТЦ ""Русский"" объявлена ""Биомедицина"" (клеточные продукты, лазерная микроскопия, виварий)",факт,качественный показатель,GxP News,https://gxpnews.net/2022/08/na-dalnem-vostoke-sozdadut-novyj-biomediczinskij-klaster/,2022,Year,высокая,Приморский край,регион_ДФО
2025,Приморский край,фарма/биомедицина,"биомедицина и фармацевтика официально включены в перечень научных направлений ИНТЦ ""Русский"" (постановление №653 от 15.05.2025)",факт,качественный показатель,Фармацевтический вестник,https://pharmvestnik.ru/content/news/Biomedicina-i-farmacevtika-vklucheny-v-perechen-nauchnyh-napravlenii-centra-Russkii.html,2025,Year,высокая,Приморский край,регион_ДФО
2025,Приморский край,фармацевтика,"первые резиденты ИНТЦ ""Русский"" — компании ""Авексима Иннотех"" и ""Авексима Диол"" (запуск на ВЭФ-2025)",факт,качественный показатель,GxP News (со ссылкой на Ю.Трутнева),https://gxpnews.net/2025/09/farmaczevticheskie-kompanii-stali-pervymi-rezidentami-innovaczionnogo-czentra-na-ostrove-russkij/,2025,Year,высокая,Приморский край,регион_ДФО
2025,Приморский край,фармацевтика,"запуск пилотной линии производства препарата ""Димолегина"" (антитромботический, ""Авексима Диол"")",факт,качественный показатель,GxP News,https://gxpnews.net/2025/09/farmaczevticheskie-kompanii-stali-pervymi-rezidentami-innovaczionnogo-czentra-na-ostrove-russkij/,2025,Year,высокая,Приморский край,регион_ДФО
2025,Приморский край,фармацевтика,"инвестиции в пилотный проект ""Авексима Диол"" (лаборатория 500 кв.м + производство)",150+,млн руб.,GxP News,https://gxpnews.net/2025/09/farmaczevticheskie-kompanii-stali-pervymi-rezidentami-innovaczionnogo-czentra-na-ostrove-russkij/,2025,Year,высокая,Приморский край,регион_ДФО
2022,Приморский край,биомедицина,"переговоры ИНТЦ ""Русский"" с ""ХимРар"" и ""Р-Фарм"" (лидеры фарм. отрасли РФ) о сотрудничестве","факт (переговоры, не завершённая сделка)",качественный показатель,GxP News,https://gxpnews.net/2022/08/na-dalnem-vostoke-sozdadut-novyj-biomediczinskij-klaster/,2022,Year,высокая,Приморский край,регион_ДФО
2020-2025,Приморский край,наука,создание синхротрона на о. Русский как инфраструктуры для биотехнологий и материаловедения,факт (в процессе),качественный показатель,ИНТиПМ ДВО РАН / ДВФУ,https://www.dvfu.ru/the_consortium_integration/documents/ИНТиПМ_ДВО РАН_.pdf,2025,Cumulative,высокая,Приморский край,регион_ДФО
2025 (дата публикации паспорта),Приморский край,СПВ,число резидентов Свободного порта Владивосток,1991,ед.,"rlw.gov.ru (""Паспорт региона"", со ссылкой на erdc.ru)",https://www.rlw.gov.ru/storage/document/document_file/2025-10/21/pasport-primorskogo-kraa-4.pdf,2025,Year,высокая,Приморский край,регион_ДФО
2025 (дата публикации паспорта),Приморский край,СПВ,заявленные инвестиции резидентов СПВ,1854,млрд руб.,"rlw.gov.ru (""Паспорт региона"")",https://www.rlw.gov.ru/storage/document/document_file/2025-10/21/pasport-primorskogo-kraa-4.pdf,2025,Year,высокая,Приморский край,регион_ДФО
2025 (дата публикации паспорта),Приморский край,СПВ,создаваемые рабочие места (резиденты СПВ),113174,рабочих мест,"rlw.gov.ru (""Паспорт региона"")",https://www.rlw.gov.ru/storage/document/document_file/2025-10/21/pasport-primorskogo-kraa-4.pdf,2025,Year,высокая,Приморский край,регион_ДФО
2025 (дата публикации паспорта),Приморский край,ТОР,"число резидентов ТОР ""Приморье""",123,ед.,"rlw.gov.ru (""Паспорт региона"")",https://www.rlw.gov.ru/storage/document/document_file/2025-10/21/pasport-primorskogo-kraa-4.pdf,2025,Year,высокая,Приморский край,регион_ДФО
2025 (дата публикации паспорта),Приморский край,ТОР,"заявленные инвестиции резидентов ТОР ""Приморье""",211.4,млрд руб.,"rlw.gov.ru (""Паспорт региона"")",https://www.rlw.gov.ru/storage/document/document_file/2025-10/21/pasport-primorskogo-kraa-4.pdf,2025,Year,высокая,Приморский край,регион_ДФО
2025 (дата публикации паспорта),Приморский край,ТОР,"создаваемые рабочие места (ТОР ""Приморье"")",15084,рабочих мест,"rlw.gov.ru (""Паспорт региона"")",https://www.rlw.gov.ru/storage/document/document_file/2025-10/21/pasport-primorskogo-kraa-4.pdf,2025,Year,высокая,Приморский край,регион_ДФО
2025 (годовой итог),Хабаровский край,ТОР,"пополнение ТОР ""Хабаровск"" новыми резидентами по итогам 2025 г.",25,ед.,EastRussia,https://www.eastrussia.ru/news/po-itogam-2025-goda-tor-khabarovsk-popolnilsya-25-rezidentami/,2025,Year,высокая,Хабаровский край,регион_ДФО
2025,ДФО,туризм (инвестиции),число туристических поездок на Дальний Восток за 2025 год,7.2,млн поездок,Минтранс РФ (со ссылкой на КРДВ),https://www.mintrans.gov.ru/press-center/branch-news/9073,2025,Year,высокая,Дальневосточный федеральный округ,округ_ДФО
2024,ДФО,туризм (инвестиции),рост числа турпоездок к 2024 году,9,% г/г,Минтранс РФ,https://www.mintrans.gov.ru/press-center/branch-news/9073,2024,Year,высокая,Дальневосточный федеральный округ,округ_ДФО
2025,ДФО,туризм (инвестиции),"заключено инвестсоглашений по туризму (горнолыжки, отели, спа)",~300,ед.,Минтранс РФ (цитата Н.Запрягаева),https://www.mintrans.gov.ru/press-center/branch-news/9073,2025,Year,высокая,Дальневосточный федеральный округ,округ_ДФО
2018,ДФО,ВЭФ,итоги ВЭФ-2018 — подписано соглашений,175,ед.,EastRussia (цитата Ю.Трутнева),https://www.eastrussia.ru/news/uchastniki-vef-zaklyuchili-175-soglasheniy-na-2-9-trln-rubley/,2018,Year,высокая,Дальневосточный федеральный округ,округ_ДФО
2018,ДФО,ВЭФ,итоги ВЭФ-2018 — сумма соглашений,2.9,трлн руб.,EastRussia,https://www.eastrussia.ru/news/uchastniki-vef-zaklyuchili-175-soglasheniy-na-2-9-trln-rubley/,2018,Year,высокая,Дальневосточный федеральный округ,округ_ДФО
2017,ДФО,ВЭФ,"сумма соглашений ВЭФ-2017 (справочно, по ретроспективной цитате)",2.5,трлн руб.,EastRussia (ретроспективная цитата),https://www.eastrussia.ru/news/uchastniki-vef-zaklyuchili-175-soglasheniy-na-2-9-trln-rubley/,2017,Year,высокая,Дальневосточный федеральный округ,округ_ДФО
2016,ДФО,ВЭФ,сумма соглашений ВЭФ-2016 (справочно),1.8,трлн руб.,EastRussia (ретроспективная цитата),https://www.eastrussia.ru/news/uchastniki-vef-zaklyuchili-175-soglasheniy-na-2-9-trln-rubley/,2016,Year,высокая,Дальневосточный федеральный округ,округ_ДФО
2015,ДФО,ВЭФ,сумма соглашений ВЭФ-2015 (справочно),1.3,трлн руб.,EastRussia (ретроспективная цитата),https://www.eastrussia.ru/news/uchastniki-vef-zaklyuchili-175-soglasheniy-na-2-9-trln-rubley/,2015,Year,высокая,Дальневосточный федеральный округ,округ_ДФО
2019,ДФО,ВЭФ,итоги ВЭФ-2019,,,,требует проверки — не найдено в этом проходе,2019,Year,низкая,Дальневосточный федеральный округ,округ_ДФО
2020,ДФО,ВЭФ,форум не проводился (пандемия COVID-19),0 (форум отменён),качественный показатель,требует проверки,требует проверки,2020,Year,низкая,Дальневосточный федеральный округ,округ_ДФО
2021,ДФО,ВЭФ,итоги ВЭФ-2021,,,,требует проверки — не найдено в этом проходе,2021,Year,низкая,Дальневосточный федеральный округ,округ_ДФО
2022,ДФО,ВЭФ,итоги ВЭФ-2022,,,,требует проверки — не найдено в этом проходе,2022,Year,низкая,Дальневосточный федеральный округ,округ_ДФО
2023,ДФО,ВЭФ,итоги ВЭФ-2023 — подписано соглашений,373,ед.,"cdu.ru (Минэнерго, журнал ""ТЭК России"")",https://www.cdu.ru/tek_russia/articles/3/1303,2023,Year,высокая,Дальневосточный федеральный округ,округ_ДФО
2023,ДФО,ВЭФ,итоги ВЭФ-2023 — сумма соглашений,3.818,трлн руб.,cdu.ru,https://www.cdu.ru/tek_russia/articles/3/1303,2023,Year,высокая,Дальневосточный федеральный округ,округ_ДФО
2024,ДФО,ВЭФ,итоги ВЭФ-2024 — подписано соглашений,"313 (cdu.ru) / 258 (Трутнев, expert.ru) — расхождение источников",ед.,cdu.ru; expert.ru,https://www.cdu.ru/tek_russia/articles/3/1303 ; https://expert.ru/news/na-vef-zaklyucheny-soglasheniya-na-rekordnye-5-i-4-trln-rubley,2024,Year,низкая,Дальневосточный федеральный округ,округ_ДФО
2024,ДФО,ВЭФ,итоги ВЭФ-2024 — сумма соглашений,"5.569 трлн руб. (cdu.ru) / 5.395 трлн руб. (Трутнев, expert.ru) — расхождение источников",трлн руб.,cdu.ru; expert.ru,https://www.cdu.ru/tek_russia/articles/3/1303 ; https://expert.ru/news/na-vef-zaklyucheny-soglasheniya-na-rekordnye-5-i-4-trln-rubley,2024,Year,низкая,Дальневосточный федеральный округ,округ_ДФО
2024,ДФО,ВЭФ,заключено соглашений с иностранными организациями (ВЭФ-2024),27,ед.,cdu.ru,https://www.cdu.ru/tek_russia/articles/3/1303,2024,Year,высокая,Дальневосточный федеральный округ,округ_ДФО
2024,ДФО,ВЭФ,межрегиональные соглашения 13 регионов РФ на ВЭФ-2024,119 соглашений / 724 млрд руб.,млрд руб.,cdu.ru,https://www.cdu.ru/tek_russia/articles/3/1303,2024,Year,высокая,Дальневосточный федеральный округ,округ_ДФО
2025,ДФО,ВЭФ,итоги ВЭФ-2025 — подписано соглашений,353,ед.,Finance.Mail.ru / Expert.ru (цитата А.Кобякова),https://finance.mail.ru/article/soglasheniya-6-6-trln-rubley-byli-podpisany-v-ramkah-vef-2025-67767533/,2025,Year,высокая,Дальневосточный федеральный округ,округ_ДФО
2025,ДФО,ВЭФ,итоги ВЭФ-2025 — сумма соглашений,6.51 трлн руб. (Finance.Mail) / 6.051 трлн руб. (Expert.ru) — расхождение источников,трлн руб.,Finance.Mail.ru; Expert.ru,https://finance.mail.ru/article/soglasheniya-6-6-trln-rubley-byli-podpisany-v-ramkah-vef-2025-67767533/ ; https://expert.ru/news/na-vef-podpisali-bolee-350-soglasheniy-na-6-trln-rubley,2025,Year,низкая,Дальневосточный федеральный округ,округ_ДФО
2025,ДФО,ВЭФ,межрегиональные соглашения 15 регионов РФ на ВЭФ-2025,153 документа / 2.8 трлн руб.,трлн руб.,Finance.Mail.ru,https://finance.mail.ru/article/na-vef-15-regionov-rossii-podpisali-153-dokumenta-na-summu-pochti-2-8-trln-rubley-67776859/,2025,Year,высокая,Дальневосточный федеральный округ,округ_ДФО
"до 2025 (план, дата цитаты не установлена)",ДФО,общие инвестиции,"плановый объём инвестиций в ДФО (цитата Ю.Трутнева, см. Блок 1)",3.9,трлн руб.,EastRussia,https://www.eastrussia.ru/news/trutnev-na-dalniy-vostok-pridet-3-9-trln-rubley-investitsiy/,,Unknown,высокая,Дальневосточный федеральный округ,округ_ДФО
2017,ДФО,демография,численность населения ДФО (до присоединения Бурятии и Забайкалья),6.2,млн чел.,Власть и управление на Востоке России (со ссылкой на Росстат),https://vlastdviu.ranepa.ru/downLoad/rio/j2025-2/3.pdf,2017,Year,высокая,Дальневосточный федеральный округ,округ_ДФО
2018,ДФО,демография,численность населения ДФО (после присоединения Бурятии и Забайкальского края),8.2,млн чел.,Власть и управление на Востоке России,https://vlastdviu.ranepa.ru/downLoad/rio/j2025-2/3.pdf,2018,Year,высокая,Дальневосточный федеральный округ,округ_ДФО
2020 (целевой показатель),ДФО,демография,целевой показатель стабилизации населения по Концепции демографической политики ДФО (2017 г.),8.3,млн чел. (план),Власть и управление на Востоке России,https://vlastdviu.ranepa.ru/downLoad/rio/j2025-2/3.pdf,2020,Plan,высокая,Дальневосточный федеральный округ,округ_ДФО
2025 (целевой показатель),ДФО,демография,целевой показатель роста населения по Концепции демографической политики ДФО,8.6,млн чел. (план),Власть и управление на Востоке России,https://vlastdviu.ranepa.ru/downLoad/rio/j2025-2/3.pdf,2025,Plan,высокая,Дальневосточный федеральный округ,округ_ДФО
2025,Хабаровский край,демография,"численность населения (паспорт региона, версия от мая 2025)",1273.091,тыс. чел.,"rlw.gov.ru (""Паспорт региона"")",https://www.rlw.gov.ru/storage/document/document_file/2025-05/19/pasport-habarovskij-kraj-1.pdf,2025,Year,высокая,Хабаровский край,регион_ДФО
2025,Хабаровский край,демография,"численность населения (паспорт региона, версия от сентября 2025)",1273.488,тыс. чел.,"rlw.gov.ru (""Паспорт региона"")",https://www.rlw.gov.ru/storage/document/document_file/2025-09/18/pasport-habarovskij-kraj-17.09.pdf,2025,Year,высокая,Хабаровский край,регион_ДФО
2025 (апр-июнь),Забайкальский край,труд,уровень безработицы,4.2,%,EastRussia (обзор соц.-экон. показателей ДФО),https://eastrussia.ru/news/na-dalnem-vostoke-snizilis-otpusknye-tseny-na-krasnuyu-ikru/,2025,Q2,высокая,Забайкальский край,регион_ДФО
2025 (апр-июнь),Бурятия,труд,уровень безработицы,4.0,%,EastRussia,https://eastrussia.ru/news/na-dalnem-vostoke-snizilis-otpusknye-tseny-na-krasnuyu-ikru/,2025,Q2,высокая,Республика Бурятия,регион_ДФО
2025 (апр-июнь),Якутия,труд,уровень безработицы,3.8,%,EastRussia,https://eastrussia.ru/news/na-dalnem-vostoke-snizilis-otpusknye-tseny-na-krasnuyu-ikru/,2025,Q2,высокая,Республика Саха (Якутия),регион_ДФО
2025 (апр-июнь),Амурская область,труд,уровень безработицы (самый низкий в ДФО),1.1,%,EastRussia,https://eastrussia.ru/news/na-dalnem-vostoke-snizilis-otpusknye-tseny-na-krasnuyu-ikru/,2025,Q2,высокая,Амурская область,регион_ДФО
2025 (апр-июнь),Хабаровский край,труд,уровень безработицы,1.2,%,EastRussia,https://eastrussia.ru/news/na-dalnem-vostoke-snizilis-otpusknye-tseny-na-krasnuyu-ikru/,2025,Q2,высокая,Хабаровский край,регион_ДФО
2025 (апр-июнь),РФ (справочно),труд,общероссийский уровень безработицы,2.2,%,EastRussia (со ссылкой на Росстат),https://eastrussia.ru/news/na-dalnem-vostoke-snizilis-otpusknye-tseny-na-krasnuyu-ikru/,2025,Q2,высокая,Российская Федерация,РФ
"2025 (декабрь, г/г)",Бурятия,труд,рост среднемесячной заработной платы,14.6,% г/г,EastRussia,https://eastrussia.ru/news/yubileynyy-pyatyy-mamafest-proshel-v-khabarovske/,2025,Dec,высокая,Республика Бурятия,регион_ДФО
"2025 (декабрь, г/г)",Еврейская АО,труд,рост среднемесячной заработной платы,13.8,% г/г,EastRussia,https://eastrussia.ru/news/yubileynyy-pyatyy-mamafest-proshel-v-khabarovske/,2025,Dec,высокая,Еврейская автономная область,регион_ДФО
"2025 (декабрь, г/г)",Камчатский край,труд,рост среднемесячной заработной платы,13.0,% г/г,EastRussia,https://eastrussia.ru/news/yubileynyy-pyatyy-mamafest-proshel-v-khabarovske/,2025,Dec,высокая,Камчатский край,регион_ДФО
"2025 (декабрь, г/г)",Хабаровский край,труд,рост среднемесячной заработной платы,10.8,% г/г,EastRussia,https://eastrussia.ru/news/yubileynyy-pyatyy-mamafest-proshel-v-khabarovske/,2025,Dec,высокая,Хабаровский край,регион_ДФО
"2025 (декабрь, г/г)",Амурская область,труд,рост среднемесячной заработной платы,10.3,% г/г,EastRussia,https://eastrussia.ru/news/yubileynyy-pyatyy-mamafest-proshel-v-khabarovske/,2025,Dec,высокая,Амурская область,регион_ДФО
"2025 (декабрь, г/г)",Приморский край,труд,рост среднемесячной заработной платы (наименьший темп в ДФО),2.6,% г/г,EastRussia,https://eastrussia.ru/news/yubileynyy-pyatyy-mamafest-proshel-v-khabarovske/,2025,Dec,высокая,Приморский край,регион_ДФО
"2025 (декабрь, г/г)",РФ (справочно),труд,общероссийский рост заработной платы,8.1,% г/г,EastRussia,https://eastrussia.ru/news/yubileynyy-pyatyy-mamafest-proshel-v-khabarovske/,2025,Dec,высокая,Российская Федерация,РФ
2025 (план),ДФО,труд,"потребность в кадрах под новые инвестпроекты (цитата замглавы Минвостокразвития С.Качаева, дата статьи не установлена)",100000,новых рабочих мест (план),EastRussia,https://www.eastrussia.ru/material/ottok-naseleniya-vykhodit-iz-pod-obyasneniya/,2025,Plan,высокая,Дальневосточный федеральный округ,округ_ДФО
2019,ДФО,демография,численность населения по регионам,,тыс. чел. по каждому региону,,требует проверки — см. блок пробелов,2019,Year,низкая,Дальневосточный федеральный округ,округ_ДФО
2020,ДФО,демография,численность населения по регионам,,тыс. чел. по каждому региону,,требует проверки — см. блок пробелов,2020,Year,низкая,Дальневосточный федеральный округ,округ_ДФО
2021,ДФО,демография,численность населения по регионам,,тыс. чел. по каждому региону,,требует проверки — см. блок пробелов,2021,Year,низкая,Дальневосточный федеральный округ,округ_ДФО
2022,ДФО,демография,численность населения по регионам,,тыс. чел. по каждому региону,,требует проверки — см. блок пробелов,2022,Year,низкая,Дальневосточный федеральный округ,округ_ДФО
2023,ДФО,демография,численность населения по регионам,,тыс. чел. по каждому региону,,требует проверки — см. блок пробелов,2023,Year,низкая,Дальневосточный федеральный округ,округ_ДФО
2019-2025,ДФО,демография,миграционный прирост/убыль по годам и регионам,,чел.,,требует проверки — см. блок пробелов,2025,Cumulative,низкая,Дальневосточный федеральный округ,округ_ДФО
2019-2025,ДФО,труд,средняя заработная плата в абсолютных числах по регионам,,руб.,,требует проверки — см. блок пробелов,2025,Cumulative,низкая,Дальневосточный федеральный округ,округ_ДФО
2025,Приморский край,ИИ (кадры),"число студентов ДВФУ по направлению ""Искусственный интеллект и анализ данных""",100+,чел.,EastRussia (со ссылкой на ДВФУ),https://www.eastrussia.ru/news/menyayushchie-povsednevnost-tekhnologii-predstavit-sber/,2025,Year,высокая,Приморский край,регион_ДФО
2025,ДФО,ИИ (бизнес-применение),"качественные примеры внедрения ИИ в бизнес-процессы (анализ звонков, найм, саммаризация встреч) на конференциях с участием ДВ-компаний","факт (качественно, без региональной статистики)",качественный показатель,EastRussia,https://www.eastrussia.ru/news/menyayushchie-povsednevnost-tekhnologii-predstavit-sber/,2025,Year,высокая,Дальневосточный федеральный округ,округ_ДФО
2010,Приморский край,космический мониторинг,создание Центра космического мониторинга (Спутниковый центр ДВО РАН — ЦКП РСМ ОС ДВО РАН),факт,качественный показатель,Sovzond / научная статья ДВО РАН,https://sovzond.ru/upload/iblock/c89/9_62-68.pdf,2010,Year,высокая,Приморский край,регион_ДФО
2011,Приморский край,космический мониторинг,мониторинг атмосферы и океана в районе АЭС Фукусима-1 силами Спутникового центра ДВО РАН,факт,качественный показатель,Sovzond,https://sovzond.ru/upload/iblock/c89/9_62-68.pdf,2011,Year,высокая,Приморский край,регион_ДФО
2019-2025,Приморский край,космический мониторинг,функции спутникового центра ДВО РАН — мониторинг ЧС и акваторий Японского моря (актуальность на 2023-2025 не подтверждена),"факт (инфраструктура существует, актуальный статус требует проверки)",качественный показатель,Sovzond,https://sovzond.ru/upload/iblock/c89/9_62-68.pdf,2025,Cumulative,низкая,Приморский край,регион_ДФО
2024,"РФ (общемировой контекст, не ДФО-специфично)",космический мониторинг,"запущено спутников ДЗЗ в мире за год (справочно, для контекста отрасли)",~300,ед.,научная публикация СГАУ (со ссылкой на Bryce Space and Technology Report),https://ssau.ru/storage/pages/6914/file_69b3ea50a76c84.22339904.pdf,2024,Year,высокая,"Мир (справочный контекст, не РФ)",иной
2019-2025,ДФО,цифровые платформы,"отраслевые цифровые платформы региона (Госуслуги ДВ, платформы КРДВ для резидентов и др.)",,качественный/количественный показатель,,требует проверки — не найдено в этом проходе,2025,Cumulative,низкая,Дальневосточный федеральный округ,округ_ДФО
2019-2025,ДФО,ИИ в отраслях,"внедрение ИИ в промышленность, добычу, логистику ДФО (конкретные кейсы и объёмы)",,качественный/количественный показатель,,требует проверки — не найдено в этом проходе,2025,Cumulative,низкая,Дальневосточный федеральный округ,округ_ДФО
2019-2025,ДФО,космический мониторинг,"радарное зондирование конкретно для ДФО (Севморпуть, порты, промысел) — проекты и охват",,качественный/количественный показатель,,требует проверки — см. блок пробелов,2025,Cumulative,низкая,Дальневосточный федеральный округ,округ_ДФО
январь-март 2024,Республика Саха (Якутия),промышленность,индекс промышленного производства (январь-март 2024 к январю-марту 2023),"108,9",% к соотв. периоду пред. года,Амурстат / Росстат (мониторинг соц.-экон. развития регионов ДФО),https://28.rosstat.gov.ru/storage//2024/05-03/35mLvBNi/2024_new1.pdf,2024,Q1,высокая,Республика Саха (Якутия),регион_ДФО
январь-март 2024,Камчатский край,промышленность,индекс промышленного производства (январь-март 2024 к январю-марту 2023),"108,3",% к соотв. периоду пред. года,Амурстат / Росстат (мониторинг соц.-экон. развития регионов ДФО),https://28.rosstat.gov.ru/storage//2024/05-03/35mLvBNi/2024_new1.pdf,2024,Q1,высокая,Камчатский край,регион_ДФО
январь-март 2024,Приморский край,промышленность,индекс промышленного производства (январь-март 2024 к январю-марту 2023),"108,5",% к соотв. периоду пред. года,Амурстат / Росстат (мониторинг соц.-экон. развития регионов ДФО),https://28.rosstat.gov.ru/storage//2024/05-03/35mLvBNi/2024_new1.pdf,2024,Q1,высокая,Приморский край,регион_ДФО
январь-март 2024,Хабаровский край,промышленность,индекс промышленного производства (январь-март 2024 к январю-марту 2023),"101,4",% к соотв. периоду пред. года,Амурстат / Росстат (мониторинг соц.-экон. развития регионов ДФО),https://28.rosstat.gov.ru/storage//2024/05-03/35mLvBNi/2024_new1.pdf,2024,Q1,высокая,Хабаровский край,регион_ДФО
январь-март 2024,Амурская область,промышленность,индекс промышленного производства (январь-март 2024 к январю-марту 2023),"102,9",% к соотв. периоду пред. года,Амурстат / Росстат (мониторинг соц.-экон. развития регионов ДФО),https://28.rosstat.gov.ru/storage//2024/05-03/35mLvBNi/2024_new1.pdf,2024,Q1,высокая,Амурская область,регион_ДФО
январь-март 2024,Магаданская область,промышленность,индекс промышленного производства (январь-март 2024 к январю-марту 2023),"102,8",% к соотв. периоду пред. года,Амурстат / Росстат (мониторинг соц.-экон. развития регионов ДФО),https://28.rosstat.gov.ru/storage//2024/05-03/35mLvBNi/2024_new1.pdf,2024,Q1,высокая,Магаданская область,регион_ДФО
январь-март 2024,Сахалинская область,промышленность,индекс промышленного производства (январь-март 2024 к январю-марту 2023),"100,1",% к соотв. периоду пред. года,Амурстат / Росстат (мониторинг соц.-экон. развития регионов ДФО),https://28.rosstat.gov.ru/storage//2024/05-03/35mLvBNi/2024_new1.pdf,2024,Q1,высокая,Сахалинская область,регион_ДФО
январь-март 2024,Еврейская автономная область,промышленность,индекс промышленного производства (январь-март 2024 к январю-марту 2023),"92,5",% к соотв. периоду пред. года,Амурстат / Росстат (мониторинг соц.-экон. развития регионов ДФО),https://28.rosstat.gov.ru/storage//2024/05-03/35mLvBNi/2024_new1.pdf,2024,Q1,высокая,Еврейская автономная область,регион_ДФО
январь-март 2024,Чукотский автономный округ,промышленность,индекс промышленного производства (январь-март 2024 к январю-марту 2023),"114,2",% к соотв. периоду пред. года,Амурстат / Росстат (мониторинг соц.-экон. развития регионов ДФО),https://28.rosstat.gov.ru/storage//2024/05-03/35mLvBNi/2024_new1.pdf,2024,Q1,высокая,Чукотский автономный округ,регион_ДФО
январь-март 2024,Забайкальский край,промышленность,индекс промышленного производства (январь-март 2024 к январю-марту 2023),"101,5",% к соотв. периоду пред. года,Амурстат / Росстат (мониторинг соц.-экон. развития регионов ДФО),https://28.rosstat.gov.ru/storage//2024/05-03/35mLvBNi/2024_new1.pdf,2024,Q1,высокая,Забайкальский край,регион_ДФО
январь-март 2024,Республика Бурятия,промышленность,индекс промышленного производства (январь-март 2024 к январю-марту 2023),"108,2",% к соотв. периоду пред. года,Амурстат / Росстат (мониторинг соц.-экон. развития регионов ДФО),https://28.rosstat.gov.ru/storage//2024/05-03/35mLvBNi/2024_new1.pdf,2024,Q1,высокая,Республика Бурятия,регион_ДФО
январь-июнь 2024,Республика Саха (Якутия),промышленность,индекс промышленного производства (январь-июнь 2024 к январю-июню 2023),"109,5",% к соотв. периоду пред. года,Амурстат / Росстат (мониторинг соц.-экон. развития регионов ДФО),https://28.rosstat.gov.ru/storage//2024/08-01/KJ3ZsxOl/2024_new1.pdf,2024,H1,высокая,Республика Саха (Якутия),регион_ДФО
январь-июнь 2024,Камчатский край,промышленность,индекс промышленного производства (январь-июнь 2024 к январю-июню 2023),"104,9",% к соотв. периоду пред. года,Амурстат / Росстат (мониторинг соц.-экон. развития регионов ДФО),https://28.rosstat.gov.ru/storage//2024/08-01/KJ3ZsxOl/2024_new1.pdf,2024,H1,высокая,Камчатский край,регион_ДФО
январь-июнь 2024,Приморский край,промышленность,индекс промышленного производства (январь-июнь 2024 к январю-июню 2023),"101,3",% к соотв. периоду пред. года,Амурстат / Росстат (мониторинг соц.-экон. развития регионов ДФО),https://28.rosstat.gov.ru/storage//2024/08-01/KJ3ZsxOl/2024_new1.pdf,2024,H1,высокая,Приморский край,регион_ДФО
январь-июнь 2024,Хабаровский край,промышленность,индекс промышленного производства (январь-июнь 2024 к январю-июню 2023),"107,9",% к соотв. периоду пред. года,Амурстат / Росстат (мониторинг соц.-экон. развития регионов ДФО),https://28.rosstat.gov.ru/storage//2024/08-01/KJ3ZsxOl/2024_new1.pdf,2024,H1,высокая,Хабаровский край,регион_ДФО
январь-июнь 2024,Амурская область,промышленность,индекс промышленного производства (январь-июнь 2024 к январю-июню 2023),"102,5",% к соотв. периоду пред. года,Амурстат / Росстат (мониторинг соц.-экон. развития регионов ДФО),https://28.rosstat.gov.ru/storage//2024/08-01/KJ3ZsxOl/2024_new1.pdf,2024,H1,высокая,Амурская область,регион_ДФО
январь-июнь 2024,Магаданская область,промышленность,индекс промышленного производства (январь-июнь 2024 к январю-июню 2023),"106,5",% к соотв. периоду пред. года,Амурстат / Росстат (мониторинг соц.-экон. развития регионов ДФО),https://28.rosstat.gov.ru/storage//2024/08-01/KJ3ZsxOl/2024_new1.pdf,2024,H1,высокая,Магаданская область,регион_ДФО
январь-июнь 2024,Сахалинская область,промышленность,индекс промышленного производства (январь-июнь 2024 к январю-июню 2023),"95,6",% к соотв. периоду пред. года,Амурстат / Росстат (мониторинг соц.-экон. развития регионов ДФО),https://28.rosstat.gov.ru/storage//2024/08-01/KJ3ZsxOl/2024_new1.pdf,2024,H1,высокая,Сахалинская область,регион_ДФО
январь-июнь 2024,Еврейская автономная область,промышленность,индекс промышленного производства (январь-июнь 2024 к январю-июню 2023),"94,2",% к соотв. периоду пред. года,Амурстат / Росстат (мониторинг соц.-экон. развития регионов ДФО),https://28.rosstat.gov.ru/storage//2024/08-01/KJ3ZsxOl/2024_new1.pdf,2024,H1,высокая,Еврейская автономная область,регион_ДФО
январь-июнь 2024,Чукотский автономный округ,промышленность,индекс промышленного производства (январь-июнь 2024 к январю-июню 2023),"106,3",% к соотв. периоду пред. года,Амурстат / Росстат (мониторинг соц.-экон. развития регионов ДФО),https://28.rosstat.gov.ru/storage//2024/08-01/KJ3ZsxOl/2024_new1.pdf,2024,H1,высокая,Чукотский автономный округ,регион_ДФО
январь-июнь 2024,Забайкальский край,промышленность,индекс промышленного производства (январь-июнь 2024 к январю-июню 2023),"102,2",% к соотв. периоду пред. года,Амурстат / Росстат (мониторинг соц.-экон. развития регионов ДФО),https://28.rosstat.gov.ru/storage//2024/08-01/KJ3ZsxOl/2024_new1.pdf,2024,H1,высокая,Забайкальский край,регион_ДФО
январь-июнь 2024,Республика Бурятия,промышленность,индекс промышленного производства (январь-июнь 2024 к январю-июню 2023),"115,1",% к соотв. периоду пред. года,Амурстат / Росстат (мониторинг соц.-экон. развития регионов ДФО),https://28.rosstat.gov.ru/storage//2024/08-01/KJ3ZsxOl/2024_new1.pdf,2024,H1,высокая,Республика Бурятия,регион_ДФО
январь-август 2024,Республика Саха (Якутия),промышленность,индекс промышленного производства (январь-август 2024 к январю-августу 2023),"108,9",% к соотв. периоду пред. года,Амурстат / Росстат (мониторинг соц.-экон. развития регионов ДФО),https://28.rosstat.gov.ru/storage//2024/10-07/K5f2aBl9/2024_new1.pdf,2024,8M,высокая,Республика Саха (Якутия),регион_ДФО
январь-август 2024,Камчатский край,промышленность,индекс промышленного производства (январь-август 2024 к январю-августу 2023),"81,6",% к соотв. периоду пред. года,Амурстат / Росстат (мониторинг соц.-экон. развития регионов ДФО),https://28.rosstat.gov.ru/storage//2024/10-07/K5f2aBl9/2024_new1.pdf,2024,8M,высокая,Камчатский край,регион_ДФО
январь-август 2024,Приморский край,промышленность,индекс промышленного производства (январь-август 2024 к январю-августу 2023),"101,0",% к соотв. периоду пред. года,Амурстат / Росстат (мониторинг соц.-экон. развития регионов ДФО),https://28.rosstat.gov.ru/storage//2024/10-07/K5f2aBl9/2024_new1.pdf,2024,8M,высокая,Приморский край,регион_ДФО
январь-август 2024,Хабаровский край,промышленность,индекс промышленного производства (январь-август 2024 к январю-августу 2023),"103,8",% к соотв. периоду пред. года,Амурстат / Росстат (мониторинг соц.-экон. развития регионов ДФО),https://28.rosstat.gov.ru/storage//2024/10-07/K5f2aBl9/2024_new1.pdf,2024,8M,высокая,Хабаровский край,регион_ДФО
январь-август 2024,Амурская область,промышленность,индекс промышленного производства (январь-август 2024 к январю-августу 2023),"97,2",% к соотв. периоду пред. года,Амурстат / Росстат (мониторинг соц.-экон. развития регионов ДФО),https://28.rosstat.gov.ru/storage//2024/10-07/K5f2aBl9/2024_new1.pdf,2024,8M,высокая,Амурская область,регион_ДФО
январь-август 2024,Магаданская область,промышленность,индекс промышленного производства (январь-август 2024 к январю-августу 2023),"104,2",% к соотв. периоду пред. года,Амурстат / Росстат (мониторинг соц.-экон. развития регионов ДФО),https://28.rosstat.gov.ru/storage//2024/10-07/K5f2aBl9/2024_new1.pdf,2024,8M,высокая,Магаданская область,регион_ДФО
январь-август 2024,Сахалинская область,промышленность,индекс промышленного производства (январь-август 2024 к январю-августу 2023),"96,6",% к соотв. периоду пред. года,Амурстат / Росстат (мониторинг соц.-экон. развития регионов ДФО),https://28.rosstat.gov.ru/storage//2024/10-07/K5f2aBl9/2024_new1.pdf,2024,8M,высокая,Сахалинская область,регион_ДФО
январь-август 2024,Еврейская автономная область,промышленность,индекс промышленного производства (январь-август 2024 к январю-августу 2023),"92,7",% к соотв. периоду пред. года,Амурстат / Росстат (мониторинг соц.-экон. развития регионов ДФО),https://28.rosstat.gov.ru/storage//2024/10-07/K5f2aBl9/2024_new1.pdf,2024,8M,высокая,Еврейская автономная область,регион_ДФО
январь-август 2024,Чукотский автономный округ,промышленность,индекс промышленного производства (январь-август 2024 к январю-августу 2023),"105,9",% к соотв. периоду пред. года,Амурстат / Росстат (мониторинг соц.-экон. развития регионов ДФО),https://28.rosstat.gov.ru/storage//2024/10-07/K5f2aBl9/2024_new1.pdf,2024,8M,высокая,Чукотский автономный округ,регион_ДФО
январь-август 2024,Забайкальский край,промышленность,индекс промышленного производства (январь-август 2024 к январю-августу 2023),"102,1",% к соотв. периоду пред. года,Амурстат / Росстат (мониторинг соц.-экон. развития регионов ДФО),https://28.rosstat.gov.ru/storage//2024/10-07/K5f2aBl9/2024_new1.pdf,2024,8M,высокая,Забайкальский край,регион_ДФО
январь-август 2024,Республика Бурятия,промышленность,индекс промышленного производства (январь-август 2024 к январю-августу 2023),"111,3",% к соотв. периоду пред. года,Амурстат / Росстат (мониторинг соц.-экон. развития регионов ДФО),https://28.rosstat.gov.ru/storage//2024/10-07/K5f2aBl9/2024_new1.pdf,2024,8M,высокая,Республика Бурятия,регион_ДФО
январь-октябрь 2024,Республика Саха (Якутия),промышленность,индекс промышленного производства (январь-октябрь 2024 к январю-октябрю 2023),"109,7",% к соотв. периоду пред. года,Амурстат / Росстат (мониторинг соц.-экон. развития регионов ДФО),https://28.rosstat.gov.ru/storage/mediabank/2024_new1.pdf,2024,10M,высокая,Республика Саха (Якутия),регион_ДФО
январь-октябрь 2024,Камчатский край,промышленность,индекс промышленного производства (январь-октябрь 2024 к январю-октябрю 2023),"82,5",% к соотв. периоду пред. года,Амурстат / Росстат (мониторинг соц.-экон. развития регионов ДФО),https://28.rosstat.gov.ru/storage/mediabank/2024_new1.pdf,2024,10M,высокая,Камчатский край,регион_ДФО
январь-октябрь 2024,Приморский край,промышленность,индекс промышленного производства (январь-октябрь 2024 к январю-октябрю 2023),"105,3",% к соотв. периоду пред. года,Амурстат / Росстат (мониторинг соц.-экон. развития регионов ДФО),https://28.rosstat.gov.ru/storage/mediabank/2024_new1.pdf,2024,10M,высокая,Приморский край,регион_ДФО
январь-октябрь 2024,Хабаровский край,промышленность,индекс промышленного производства (январь-октябрь 2024 к январю-октябрю 2023),"106,4",% к соотв. периоду пред. года,Амурстат / Росстат (мониторинг соц.-экон. развития регионов ДФО),https://28.rosstat.gov.ru/storage/mediabank/2024_new1.pdf,2024,10M,высокая,Хабаровский край,регион_ДФО
январь-октябрь 2024,Амурская область,промышленность,индекс промышленного производства (январь-октябрь 2024 к январю-октябрю 2023),"96,4",% к соотв. периоду пред. года,Амурстат / Росстат (мониторинг соц.-экон. развития регионов ДФО),https://28.rosstat.gov.ru/storage/mediabank/2024_new1.pdf,2024,10M,высокая,Амурская область,регион_ДФО
январь-октябрь 2024,Магаданская область,промышленность,индекс промышленного производства (январь-октябрь 2024 к январю-октябрю 2023),"103,5",% к соотв. периоду пред. года,Амурстат / Росстат (мониторинг соц.-экон. развития регионов ДФО),https://28.rosstat.gov.ru/storage/mediabank/2024_new1.pdf,2024,10M,высокая,Магаданская область,регион_ДФО
январь-октябрь 2024,Сахалинская область,промышленность,индекс промышленного производства (январь-октябрь 2024 к январю-октябрю 2023),"97,1",% к соотв. периоду пред. года,Амурстат / Росстат (мониторинг соц.-экон. развития регионов ДФО),https://28.rosstat.gov.ru/storage/mediabank/2024_new1.pdf,2024,10M,высокая,Сахалинская область,регион_ДФО
январь-октябрь 2024,Еврейская автономная область,промышленность,индекс промышленного производства (январь-октябрь 2024 к январю-октябрю 2023),"94,1",% к соотв. периоду пред. года,Амурстат / Росстат (мониторинг соц.-экон. развития регионов ДФО),https://28.rosstat.gov.ru/storage/mediabank/2024_new1.pdf,2024,10M,высокая,Еврейская автономная область,регион_ДФО
январь-октябрь 2024,Чукотский автономный округ,промышленность,индекс промышленного производства (январь-октябрь 2024 к январю-октябрю 2023),"104,1",% к соотв. периоду пред. года,Амурстат / Росстат (мониторинг соц.-экон. развития регионов ДФО),https://28.rosstat.gov.ru/storage/mediabank/2024_new1.pdf,2024,10M,высокая,Чукотский автономный округ,регион_ДФО
январь-октябрь 2024,Забайкальский край,промышленность,индекс промышленного производства (январь-октябрь 2024 к январю-октябрю 2023),"101,5",% к соотв. периоду пред. года,Амурстат / Росстат (мониторинг соц.-экон. развития регионов ДФО),https://28.rosstat.gov.ru/storage/mediabank/2024_new1.pdf,2024,10M,высокая,Забайкальский край,регион_ДФО
январь-октябрь 2024,Республика Бурятия,промышленность,индекс промышленного производства (январь-октябрь 2024 к январю-октябрю 2023),"108,7",% к соотв. периоду пред. года,Амурстат / Росстат (мониторинг соц.-экон. развития регионов ДФО),https://28.rosstat.gov.ru/storage/mediabank/2024_new1.pdf,2024,10M,высокая,Республика Бурятия,регион_ДФО
январь-ноябрь 2023,Республика Саха (Якутия),промышленность,индекс промышленного производства (январь-ноябрь 2023 к январю-ноябрю 2022),"100,3",% к соотв. периоду пред. года,Амурстат / Росстат (мониторинг соц.-экон. развития регионов ДФО),https://28.rosstat.gov.ru/storage//2024/01-10/oPAfYBi6/2024_new1.pdf,2023,11M,высокая,Республика Саха (Якутия),регион_ДФО
январь-ноябрь 2023,Камчатский край,промышленность,индекс промышленного производства (январь-ноябрь 2023 к январю-ноябрю 2022),"131,7",% к соотв. периоду пред. года,Амурстат / Росстат (мониторинг соц.-экон. развития регионов ДФО),https://28.rosstat.gov.ru/storage//2024/01-10/oPAfYBi6/2024_new1.pdf,2023,11M,высокая,Камчатский край,регион_ДФО
январь-ноябрь 2023,Приморский край,промышленность,индекс промышленного производства (январь-ноябрь 2023 к январю-ноябрю 2022),"93,5",% к соотв. периоду пред. года,Амурстат / Росстат (мониторинг соц.-экон. развития регионов ДФО),https://28.rosstat.gov.ru/storage//2024/01-10/oPAfYBi6/2024_new1.pdf,2023,11M,высокая,Приморский край,регион_ДФО
январь-ноябрь 2023,Хабаровский край,промышленность,индекс промышленного производства (январь-ноябрь 2023 к январю-ноябрю 2022),"96,0",% к соотв. периоду пред. года,Амурстат / Росстат (мониторинг соц.-экон. развития регионов ДФО),https://28.rosstat.gov.ru/storage//2024/01-10/oPAfYBi6/2024_new1.pdf,2023,11M,высокая,Хабаровский край,регион_ДФО
январь-ноябрь 2023,Амурская область,промышленность,индекс промышленного производства (январь-ноябрь 2023 к январю-ноябрю 2022),"94,8",% к соотв. периоду пред. года,Амурстат / Росстат (мониторинг соц.-экон. развития регионов ДФО),https://28.rosstat.gov.ru/storage//2024/01-10/oPAfYBi6/2024_new1.pdf,2023,11M,высокая,Амурская область,регион_ДФО
январь-ноябрь 2023,Магаданская область,промышленность,индекс промышленного производства (январь-ноябрь 2023 к январю-ноябрю 2022),"92,7",% к соотв. периоду пред. года,Амурстат / Росстат (мониторинг соц.-экон. развития регионов ДФО),https://28.rosstat.gov.ru/storage//2024/01-10/oPAfYBi6/2024_new1.pdf,2023,11M,высокая,Магаданская область,регион_ДФО
январь-ноябрь 2023,Сахалинская область,промышленность,индекс промышленного производства (январь-ноябрь 2023 к январю-ноябрю 2022),"117,6",% к соотв. периоду пред. года,Амурстат / Росстат (мониторинг соц.-экон. развития регионов ДФО),https://28.rosstat.gov.ru/storage//2024/01-10/oPAfYBi6/2024_new1.pdf,2023,11M,высокая,Сахалинская область,регион_ДФО
январь-ноябрь 2023,Еврейская автономная область,промышленность,индекс промышленного производства (январь-ноябрь 2023 к январю-ноябрю 2022),"94,2",% к соотв. периоду пред. года,Амурстат / Росстат (мониторинг соц.-экон. развития регионов ДФО),https://28.rosstat.gov.ru/storage//2024/01-10/oPAfYBi6/2024_new1.pdf,2023,11M,высокая,Еврейская автономная область,регион_ДФО
январь-ноябрь 2023,Чукотский автономный округ,промышленность,индекс промышленного производства (январь-ноябрь 2023 к январю-ноябрю 2022),"106,8",% к соотв. периоду пред. года,Амурстат / Росстат (мониторинг соц.-экон. развития регионов ДФО),https://28.rosstat.gov.ru/storage//2024/01-10/oPAfYBi6/2024_new1.pdf,2023,11M,высокая,Чукотский автономный округ,регион_ДФО
январь-ноябрь 2023,Забайкальский край,промышленность,индекс промышленного производства (январь-ноябрь 2023 к январю-ноябрю 2022),"101,9",% к соотв. периоду пред. года,Амурстат / Росстат (мониторинг соц.-экон. развития регионов ДФО),https://28.rosstat.gov.ru/storage//2024/01-10/oPAfYBi6/2024_new1.pdf,2023,11M,высокая,Забайкальский край,регион_ДФО
январь-ноябрь 2023,Республика Бурятия,промышленность,индекс промышленного производства (январь-ноябрь 2023 к январю-ноябрю 2022),"96,8",% к соотв. периоду пред. года,Амурстат / Росстат (мониторинг соц.-экон. развития регионов ДФО),https://28.rosstat.gov.ru/storage//2024/01-10/oPAfYBi6/2024_new1.pdf,2023,11M,высокая,Республика Бурятия,регион_ДФО
январь-март 2023,Республика Саха (Якутия),промышленность,индекс промышленного производства (январь-март 2023 к январю-марту 2022),"103,7",% к соотв. периоду пред. года,Амурстат / Росстат (мониторинг соц.-экон. развития регионов ДФО),https://28.rosstat.gov.ru/storage//2023/05-04/dD8ByBdb/new1_2023.pdf,2023,Q1,высокая,Республика Саха (Якутия),регион_ДФО
январь-март 2023,Камчатский край,промышленность,индекс промышленного производства (январь-март 2023 к январю-марту 2022),"115,8",% к соотв. периоду пред. года,Амурстат / Росстат (мониторинг соц.-экон. развития регионов ДФО),https://28.rosstat.gov.ru/storage//2023/05-04/dD8ByBdb/new1_2023.pdf,2023,Q1,высокая,Камчатский край,регион_ДФО
январь-март 2023,Приморский край,промышленность,индекс промышленного производства (январь-март 2023 к январю-марту 2022),"85,6",% к соотв. периоду пред. года,Амурстат / Росстат (мониторинг соц.-экон. развития регионов ДФО),https://28.rosstat.gov.ru/storage//2023/05-04/dD8ByBdb/new1_2023.pdf,2023,Q1,высокая,Приморский край,регион_ДФО
январь-март 2023,Хабаровский край,промышленность,индекс промышленного производства (январь-март 2023 к январю-марту 2022),"98,1",% к соотв. периоду пред. года,Амурстат / Росстат (мониторинг соц.-экон. развития регионов ДФО),https://28.rosstat.gov.ru/storage//2023/05-04/dD8ByBdb/new1_2023.pdf,2023,Q1,высокая,Хабаровский край,регион_ДФО
январь-март 2023,Амурская область,промышленность,индекс промышленного производства (январь-март 2023 к январю-марту 2022),"99,3",% к соотв. периоду пред. года,Амурстат / Росстат (мониторинг соц.-экон. развития регионов ДФО),https://28.rosstat.gov.ru/storage//2023/05-04/dD8ByBdb/new1_2023.pdf,2023,Q1,высокая,Амурская область,регион_ДФО
январь-март 2023,Магаданская область,промышленность,индекс промышленного производства (январь-март 2023 к январю-марту 2022),"95,8",% к соотв. периоду пред. года,Амурстат / Росстат (мониторинг соц.-экон. развития регионов ДФО),https://28.rosstat.gov.ru/storage//2023/05-04/dD8ByBdb/new1_2023.pdf,2023,Q1,высокая,Магаданская область,регион_ДФО
январь-март 2023,Сахалинская область,промышленность,индекс промышленного производства (январь-март 2023 к январю-марту 2022),"89,8",% к соотв. периоду пред. года,Амурстат / Росстат (мониторинг соц.-экон. развития регионов ДФО),https://28.rosstat.gov.ru/storage//2023/05-04/dD8ByBdb/new1_2023.pdf,2023,Q1,высокая,Сахалинская область,регион_ДФО
январь-март 2023,Еврейская автономная область,промышленность,индекс промышленного производства (январь-март 2023 к январю-марту 2022),"103,7",% к соотв. периоду пред. года,Амурстат / Росстат (мониторинг соц.-экон. развития регионов ДФО),https://28.rosstat.gov.ru/storage//2023/05-04/dD8ByBdb/new1_2023.pdf,2023,Q1,высокая,Еврейская автономная область,регион_ДФО
январь-март 2023,Чукотский автономный округ,промышленность,индекс промышленного производства (январь-март 2023 к январю-марту 2022),"98,3",% к соотв. периоду пред. года,Амурстат / Росстат (мониторинг соц.-экон. развития регионов ДФО),https://28.rosstat.gov.ru/storage//2023/05-04/dD8ByBdb/new1_2023.pdf,2023,Q1,высокая,Чукотский автономный округ,регион_ДФО
январь-март 2023,Забайкальский край,промышленность,индекс промышленного производства (январь-март 2023 к январю-марту 2022),"103,3",% к соотв. периоду пред. года,Амурстат / Росстат (мониторинг соц.-экон. развития регионов ДФО),https://28.rosstat.gov.ru/storage//2023/05-04/dD8ByBdb/new1_2023.pdf,2023,Q1,высокая,Забайкальский край,регион_ДФО
январь-март 2023,Республика Бурятия,промышленность,индекс промышленного производства (январь-март 2023 к январю-марту 2022),"95,8",% к соотв. периоду пред. года,Амурстат / Росстат (мониторинг соц.-экон. развития регионов ДФО),https://28.rosstat.gov.ru/storage//2023/05-04/dD8ByBdb/new1_2023.pdf,2023,Q1,высокая,Республика Бурятия,регион_ДФО
февраль 2024,Республика Саха (Якутия),труд,среднемесячная номинальная начисленная зарплата (февраль 2024),"108958,4",руб.,Амурстат / Росстат (мониторинг соц.-экон. развития регионов ДФО),https://28.rosstat.gov.ru/storage//2024/05-03/35mLvBNi/2024_new1.pdf,2024,Feb,высокая,Республика Саха (Якутия),регион_ДФО
февраль 2024,Камчатский край,труд,среднемесячная номинальная начисленная зарплата (февраль 2024),"112099,7",руб.,Амурстат / Росстат (мониторинг соц.-экон. развития регионов ДФО),https://28.rosstat.gov.ru/storage//2024/05-03/35mLvBNi/2024_new1.pdf,2024,Feb,высокая,Камчатский край,регион_ДФО
февраль 2024,Приморский край,труд,среднемесячная номинальная начисленная зарплата (февраль 2024),"75076,3",руб.,Амурстат / Росстат (мониторинг соц.-экон. развития регионов ДФО),https://28.rosstat.gov.ru/storage//2024/05-03/35mLvBNi/2024_new1.pdf,2024,Feb,высокая,Приморский край,регион_ДФО
февраль 2024,Хабаровский край,труд,среднемесячная номинальная начисленная зарплата (февраль 2024),"75167,0",руб.,Амурстат / Росстат (мониторинг соц.-экон. развития регионов ДФО),https://28.rosstat.gov.ru/storage//2024/05-03/35mLvBNi/2024_new1.pdf,2024,Feb,высокая,Хабаровский край,регион_ДФО
февраль 2024,Амурская область,труд,среднемесячная номинальная начисленная зарплата (февраль 2024),"74947,5",руб.,Амурстат / Росстат (мониторинг соц.-экон. развития регионов ДФО),https://28.rosstat.gov.ru/storage//2024/05-03/35mLvBNi/2024_new1.pdf,2024,Feb,высокая,Амурская область,регион_ДФО
февраль 2024,Магаданская область,труд,среднемесячная номинальная начисленная зарплата (февраль 2024),"150357,8",руб.,Амурстат / Росстат (мониторинг соц.-экон. развития регионов ДФО),https://28.rosstat.gov.ru/storage//2024/05-03/35mLvBNi/2024_new1.pdf,2024,Feb,высокая,Магаданская область,регион_ДФО
февраль 2024,Сахалинская область,труд,среднемесячная номинальная начисленная зарплата (февраль 2024),"134069,0",руб.,Амурстат / Росстат (мониторинг соц.-экон. развития регионов ДФО),https://28.rosstat.gov.ru/storage//2024/05-03/35mLvBNi/2024_new1.pdf,2024,Feb,высокая,Сахалинская область,регион_ДФО
февраль 2024,Еврейская автономная область,труд,среднемесячная номинальная начисленная зарплата (февраль 2024),"66927,9",руб.,Амурстат / Росстат (мониторинг соц.-экон. развития регионов ДФО),https://28.rosstat.gov.ru/storage//2024/05-03/35mLvBNi/2024_new1.pdf,2024,Feb,высокая,Еврейская автономная область,регион_ДФО
февраль 2024,Чукотский автономный округ,труд,среднемесячная номинальная начисленная зарплата (февраль 2024),"162543,0",руб.,Амурстат / Росстат (мониторинг соц.-экон. развития регионов ДФО),https://28.rosstat.gov.ru/storage//2024/05-03/35mLvBNi/2024_new1.pdf,2024,Feb,высокая,Чукотский автономный округ,регион_ДФО
февраль 2024,Забайкальский край,труд,среднемесячная номинальная начисленная зарплата (февраль 2024),"71526,2",руб.,Амурстат / Росстат (мониторинг соц.-экон. развития регионов ДФО),https://28.rosstat.gov.ru/storage//2024/05-03/35mLvBNi/2024_new1.pdf,2024,Feb,высокая,Забайкальский край,регион_ДФО
февраль 2024,Республика Бурятия,труд,среднемесячная номинальная начисленная зарплата (февраль 2024),"63363,2",руб.,Амурстат / Росстат (мониторинг соц.-экон. развития регионов ДФО),https://28.rosstat.gov.ru/storage//2024/05-03/35mLvBNi/2024_new1.pdf,2024,Feb,высокая,Республика Бурятия,регион_ДФО
май 2024,Республика Саха (Якутия),труд,среднемесячная номинальная начисленная зарплата (май 2024),"138666,7",руб.,Амурстат / Росстат (мониторинг соц.-экон. развития регионов ДФО),https://28.rosstat.gov.ru/storage//2024/08-01/KJ3ZsxOl/2024_new1.pdf,2024,May,высокая,Республика Саха (Якутия),регион_ДФО
май 2024,Камчатский край,труд,среднемесячная номинальная начисленная зарплата (май 2024),"157067,1",руб.,Амурстат / Росстат (мониторинг соц.-экон. развития регионов ДФО),https://28.rosstat.gov.ru/storage//2024/08-01/KJ3ZsxOl/2024_new1.pdf,2024,May,высокая,Камчатский край,регион_ДФО
май 2024,Приморский край,труд,среднемесячная номинальная начисленная зарплата (май 2024),"85332,3",руб.,Амурстат / Росстат (мониторинг соц.-экон. развития регионов ДФО),https://28.rosstat.gov.ru/storage//2024/08-01/KJ3ZsxOl/2024_new1.pdf,2024,May,высокая,Приморский край,регион_ДФО
май 2024,Хабаровский край,труд,среднемесячная номинальная начисленная зарплата (май 2024),"83411,0",руб.,Амурстат / Росстат (мониторинг соц.-экон. развития регионов ДФО),https://28.rosstat.gov.ru/storage//2024/08-01/KJ3ZsxOl/2024_new1.pdf,2024,May,высокая,Хабаровский край,регион_ДФО
май 2024,Амурская область,труд,среднемесячная номинальная начисленная зарплата (май 2024),"86899,9",руб.,Амурстат / Росстат (мониторинг соц.-экон. развития регионов ДФО),https://28.rosstat.gov.ru/storage//2024/08-01/KJ3ZsxOl/2024_new1.pdf,2024,May,высокая,Амурская область,регион_ДФО
май 2024,Магаданская область,труд,среднемесячная номинальная начисленная зарплата (май 2024),"152829,4",руб.,Амурстат / Росстат (мониторинг соц.-экон. развития регионов ДФО),https://28.rosstat.gov.ru/storage//2024/08-01/KJ3ZsxOl/2024_new1.pdf,2024,May,высокая,Магаданская область,регион_ДФО
май 2024,Сахалинская область,труд,среднемесячная номинальная начисленная зарплата (май 2024),"134250,0",руб.,Амурстат / Росстат (мониторинг соц.-экон. развития регионов ДФО),https://28.rosstat.gov.ru/storage//2024/08-01/KJ3ZsxOl/2024_new1.pdf,2024,May,высокая,Сахалинская область,регион_ДФО
май 2024,Еврейская автономная область,труд,среднемесячная номинальная начисленная зарплата (май 2024),"77505,6",руб.,Амурстат / Росстат (мониторинг соц.-экон. развития регионов ДФО),https://28.rosstat.gov.ru/storage//2024/08-01/KJ3ZsxOl/2024_new1.pdf,2024,May,высокая,Еврейская автономная область,регион_ДФО
май 2024,Чукотский автономный округ,труд,среднемесячная номинальная начисленная зарплата (май 2024),"194469,0",руб.,Амурстат / Росстат (мониторинг соц.-экон. развития регионов ДФО),https://28.rosstat.gov.ru/storage//2024/08-01/KJ3ZsxOl/2024_new1.pdf,2024,May,высокая,Чукотский автономный округ,регион_ДФО
май 2024,Забайкальский край,труд,среднемесячная номинальная начисленная зарплата (май 2024),"83387,4",руб.,Амурстат / Росстат (мониторинг соц.-экон. развития регионов ДФО),https://28.rosstat.gov.ru/storage//2024/08-01/KJ3ZsxOl/2024_new1.pdf,2024,May,высокая,Забайкальский край,регион_ДФО
май 2024,Республика Бурятия,труд,среднемесячная номинальная начисленная зарплата (май 2024),"73984,4",руб.,Амурстат / Росстат (мониторинг соц.-экон. развития регионов ДФО),https://28.rosstat.gov.ru/storage//2024/08-01/KJ3ZsxOl/2024_new1.pdf,2024,May,высокая,Республика Бурятия,регион_ДФО
июль 2024,Республика Саха (Якутия),труд,среднемесячная номинальная начисленная зарплата (июль 2024),"115590,7",руб.,Амурстат / Росстат (мониторинг соц.-экон. развития регионов ДФО),https://28.rosstat.gov.ru/storage//2024/10-07/K5f2aBl9/2024_new1.pdf,2024,Jul,высокая,Республика Саха (Якутия),регион_ДФО
июль 2024,Камчатский край,труд,среднемесячная номинальная начисленная зарплата (июль 2024),"118589,5",руб.,Амурстат / Росстат (мониторинг соц.-экон. развития регионов ДФО),https://28.rosstat.gov.ru/storage//2024/10-07/K5f2aBl9/2024_new1.pdf,2024,Jul,высокая,Камчатский край,регион_ДФО
июль 2024,Приморский край,труд,среднемесячная номинальная начисленная зарплата (июль 2024),"83785,5",руб.,Амурстат / Росстат (мониторинг соц.-экон. развития регионов ДФО),https://28.rosstat.gov.ru/storage//2024/10-07/K5f2aBl9/2024_new1.pdf,2024,Jul,высокая,Приморский край,регион_ДФО
июль 2024,Хабаровский край,труд,среднемесячная номинальная начисленная зарплата (июль 2024),"84891,0",руб.,Амурстат / Росстат (мониторинг соц.-экон. развития регионов ДФО),https://28.rosstat.gov.ru/storage//2024/10-07/K5f2aBl9/2024_new1.pdf,2024,Jul,высокая,Хабаровский край,регион_ДФО
июль 2024,Амурская область,труд,среднемесячная номинальная начисленная зарплата (июль 2024),"83623,3",руб.,Амурстат / Росстат (мониторинг соц.-экон. развития регионов ДФО),https://28.rosstat.gov.ru/storage//2024/10-07/K5f2aBl9/2024_new1.pdf,2024,Jul,высокая,Амурская область,регион_ДФО
июль 2024,Магаданская область,труд,среднемесячная номинальная начисленная зарплата (июль 2024),"143367,2",руб.,Амурстат / Росстат (мониторинг соц.-экон. развития регионов ДФО),https://28.rosstat.gov.ru/storage//2024/10-07/K5f2aBl9/2024_new1.pdf,2024,Jul,высокая,Магаданская область,регион_ДФО
июль 2024,Сахалинская область,труд,среднемесячная номинальная начисленная зарплата (июль 2024),"129795,0",руб.,Амурстат / Росстат (мониторинг соц.-экон. развития регионов ДФО),https://28.rosstat.gov.ru/storage//2024/10-07/K5f2aBl9/2024_new1.pdf,2024,Jul,высокая,Сахалинская область,регион_ДФО
июль 2024,Еврейская автономная область,труд,среднемесячная номинальная начисленная зарплата (июль 2024),"79021,3",руб.,Амурстат / Росстат (мониторинг соц.-экон. развития регионов ДФО),https://28.rosstat.gov.ru/storage//2024/10-07/K5f2aBl9/2024_new1.pdf,2024,Jul,высокая,Еврейская автономная область,регион_ДФО
июль 2024,Чукотский автономный округ,труд,среднемесячная номинальная начисленная зарплата (июль 2024),"181435,0",руб.,Амурстат / Росстат (мониторинг соц.-экон. развития регионов ДФО),https://28.rosstat.gov.ru/storage//2024/10-07/K5f2aBl9/2024_new1.pdf,2024,Jul,высокая,Чукотский автономный округ,регион_ДФО
июль 2024,Забайкальский край,труд,среднемесячная номинальная начисленная зарплата (июль 2024),"80592,4",руб.,Амурстат / Росстат (мониторинг соц.-экон. развития регионов ДФО),https://28.rosstat.gov.ru/storage//2024/10-07/K5f2aBl9/2024_new1.pdf,2024,Jul,высокая,Забайкальский край,регион_ДФО
июль 2024,Республика Бурятия,труд,среднемесячная номинальная начисленная зарплата (июль 2024),"68998,8",руб.,Амурстат / Росстат (мониторинг соц.-экон. развития регионов ДФО),https://28.rosstat.gov.ru/storage//2024/10-07/K5f2aBl9/2024_new1.pdf,2024,Jul,высокая,Республика Бурятия,регион_ДФО
сентябрь 2024,Республика Саха (Якутия),труд,среднемесячная номинальная начисленная зарплата (сентябрь 2024),"116898,9",руб.,Амурстат / Росстат (мониторинг соц.-экон. развития регионов ДФО),https://28.rosstat.gov.ru/storage/mediabank/2024_new1.pdf,2024,Sep,высокая,Республика Саха (Якутия),регион_ДФО
сентябрь 2024,Камчатский край,труд,среднемесячная номинальная начисленная зарплата (сентябрь 2024),"137593,0",руб.,Амурстат / Росстат (мониторинг соц.-экон. развития регионов ДФО),https://28.rosstat.gov.ru/storage/mediabank/2024_new1.pdf,2024,Sep,высокая,Камчатский край,регион_ДФО
сентябрь 2024,Приморский край,труд,среднемесячная номинальная начисленная зарплата (сентябрь 2024),"80868,3",руб.,Амурстат / Росстат (мониторинг соц.-экон. развития регионов ДФО),https://28.rosstat.gov.ru/storage/mediabank/2024_new1.pdf,2024,Sep,высокая,Приморский край,регион_ДФО
сентябрь 2024,Хабаровский край,труд,среднемесячная номинальная начисленная зарплата (сентябрь 2024),"83986,0",руб.,Амурстат / Росстат (мониторинг соц.-экон. развития регионов ДФО),https://28.rosstat.gov.ru/storage/mediabank/2024_new1.pdf,2024,Sep,высокая,Хабаровский край,регион_ДФО
сентябрь 2024,Амурская область,труд,среднемесячная номинальная начисленная зарплата (сентябрь 2024),"83315,6",руб.,Амурстат / Росстат (мониторинг соц.-экон. развития регионов ДФО),https://28.rosstat.gov.ru/storage/mediabank/2024_new1.pdf,2024,Sep,высокая,Амурская область,регион_ДФО
сентябрь 2024,Магаданская область,труд,среднемесячная номинальная начисленная зарплата (сентябрь 2024),"132048,9",руб.,Амурстат / Росстат (мониторинг соц.-экон. развития регионов ДФО),https://28.rosstat.gov.ru/storage/mediabank/2024_new1.pdf,2024,Sep,высокая,Магаданская область,регион_ДФО
сентябрь 2024,Сахалинская область,труд,среднемесячная номинальная начисленная зарплата (сентябрь 2024),"123349,0",руб.,Амурстат / Росстат (мониторинг соц.-экон. развития регионов ДФО),https://28.rosstat.gov.ru/storage/mediabank/2024_new1.pdf,2024,Sep,высокая,Сахалинская область,регион_ДФО
сентябрь 2024,Еврейская автономная область,труд,среднемесячная номинальная начисленная зарплата (сентябрь 2024),"73316,0",руб.,Амурстат / Росстат (мониторинг соц.-экон. развития регионов ДФО),https://28.rosstat.gov.ru/storage/mediabank/2024_new1.pdf,2024,Sep,высокая,Еврейская автономная область,регион_ДФО
сентябрь 2024,Чукотский автономный округ,труд,среднемесячная номинальная начисленная зарплата (сентябрь 2024),"170017,0",руб.,Амурстат / Росстат (мониторинг соц.-экон. развития регионов ДФО),https://28.rosstat.gov.ru/storage/mediabank/2024_new1.pdf,2024,Sep,высокая,Чукотский автономный округ,регион_ДФО
сентябрь 2024,Забайкальский край,труд,среднемесячная номинальная начисленная зарплата (сентябрь 2024),"81793,1",руб.,Амурстат / Росстат (мониторинг соц.-экон. развития регионов ДФО),https://28.rosstat.gov.ru/storage/mediabank/2024_new1.pdf,2024,Sep,высокая,Забайкальский край,регион_ДФО
сентябрь 2024,Республика Бурятия,труд,среднемесячная номинальная начисленная зарплата (сентябрь 2024),"69916,9",руб.,Амурстат / Росстат (мониторинг соц.-экон. развития регионов ДФО),https://28.rosstat.gov.ru/storage/mediabank/2024_new1.pdf,2024,Sep,высокая,Республика Бурятия,регион_ДФО
январь-май 2024,Республика Бурятия,промышленность,индекс промышленного производства (январь-май 2024 к январю-маю 2023),"115,7",% к соотв. периоду пред. года,"Хабаровскстат (бюллетень ""Промышленное производство"")",https://27.rosstat.gov.ru/storage/mediabank/ИАМ Хаб.край(1).pdf,2024,5M,высокая,Республика Бурятия,регион_ДФО
январь-май 2024,Республика Саха (Якутия),промышленность,индекс промышленного производства (январь-май 2024 к январю-маю 2023),"110,0",% к соотв. периоду пред. года,"Хабаровскстат (бюллетень ""Промышленное производство"")",https://27.rosstat.gov.ru/storage/mediabank/ИАМ Хаб.край(1).pdf,2024,5M,высокая,Республика Саха (Якутия),регион_ДФО
январь-май 2024,Чукотский автономный округ,промышленность,индекс промышленного производства (январь-май 2024 к январю-маю 2023),"107,8",% к соотв. периоду пред. года,"Хабаровскстат (бюллетень ""Промышленное производство"")",https://27.rosstat.gov.ru/storage/mediabank/ИАМ Хаб.край(1).pdf,2024,5M,высокая,Чукотский автономный округ,регион_ДФО
январь-май 2024,Хабаровский край,промышленность,индекс промышленного производства (январь-май 2024 к январю-маю 2023),"106,6",% к соотв. периоду пред. года,"Хабаровскстат (бюллетень ""Промышленное производство"")",https://27.rosstat.gov.ru/storage/mediabank/ИАМ Хаб.край(1).pdf,2024,5M,высокая,Хабаровский край,регион_ДФО
январь-май 2024,Амурская область,промышленность,индекс промышленного производства (январь-май 2024 к январю-маю 2023),"105,9",% к соотв. периоду пред. года,"Хабаровскстат (бюллетень ""Промышленное производство"")",https://27.rosstat.gov.ru/storage/mediabank/ИАМ Хаб.край(1).pdf,2024,5M,высокая,Амурская область,регион_ДФО
январь-май 2024,Приморский край,промышленность,индекс промышленного производства (январь-май 2024 к январю-маю 2023),"105,5",% к соотв. периоду пред. года,"Хабаровскстат (бюллетень ""Промышленное производство"")",https://27.rosstat.gov.ru/storage/mediabank/ИАМ Хаб.край(1).pdf,2024,5M,высокая,Приморский край,регион_ДФО
январь-май 2024,Магаданская область,промышленность,индекс промышленного производства (январь-май 2024 к январю-маю 2023),"104,4",% к соотв. периоду пред. года,"Хабаровскстат (бюллетень ""Промышленное производство"")",https://27.rosstat.gov.ru/storage/mediabank/ИАМ Хаб.край(1).pdf,2024,5M,высокая,Магаданская область,регион_ДФО
январь-май 2024,Камчатский край,промышленность,индекс промышленного производства (январь-май 2024 к январю-маю 2023),"104,1",% к соотв. периоду пред. года,"Хабаровскстат (бюллетень ""Промышленное производство"")",https://27.rosstat.gov.ru/storage/mediabank/ИАМ Хаб.край(1).pdf,2024,5M,высокая,Камчатский край,регион_ДФО
январь-май 2024,Забайкальский край,промышленность,индекс промышленного производства (январь-май 2024 к январю-маю 2023),"102,4",% к соотв. периоду пред. года,"Хабаровскстат (бюллетень ""Промышленное производство"")",https://27.rosstat.gov.ru/storage/mediabank/ИАМ Хаб.край(1).pdf,2024,5M,высокая,Забайкальский край,регион_ДФО
январь-май 2024,Сахалинская область,промышленность,индекс промышленного производства (январь-май 2024 к январю-маю 2023),"97,8",% к соотв. периоду пред. года,"Хабаровскстат (бюллетень ""Промышленное производство"")",https://27.rosstat.gov.ru/storage/mediabank/ИАМ Хаб.край(1).pdf,2024,5M,высокая,Сахалинская область,регион_ДФО
январь-май 2024,Еврейская автономная область,промышленность,индекс промышленного производства (январь-май 2024 к январю-маю 2023),"94,4",% к соотв. периоду пред. года,"Хабаровскстат (бюллетень ""Промышленное производство"")",https://27.rosstat.gov.ru/storage/mediabank/ИАМ Хаб.край(1).pdf,2024,5M,высокая,Еврейская автономная область,регион_ДФО
январь-сентябрь 2024,Республика Бурятия,промышленность,индекс промышленного производства (январь-сентябрь 2024 к январю-сентябрю 2023),"111,6",% к соотв. периоду пред. года,"Хабаровскстат (бюллетень ""Промышленное производство"")",https://27.rosstat.gov.ru/storage/mediabank/ИАМ январь-сентябрь 2024+(1).pdf,2024,9M,высокая,Республика Бурятия,регион_ДФО
январь-сентябрь 2024,Республика Саха (Якутия),промышленность,индекс промышленного производства (январь-сентябрь 2024 к январю-сентябрю 2023),"108,6",% к соотв. периоду пред. года,"Хабаровскстат (бюллетень ""Промышленное производство"")",https://27.rosstat.gov.ru/storage/mediabank/ИАМ январь-сентябрь 2024+(1).pdf,2024,9M,высокая,Республика Саха (Якутия),регион_ДФО
январь-сентябрь 2024,Хабаровский край,промышленность,индекс промышленного производства (январь-сентябрь 2024 к январю-сентябрю 2023),"105,4",% к соотв. периоду пред. года,"Хабаровскстат (бюллетень ""Промышленное производство"")",https://27.rosstat.gov.ru/storage/mediabank/ИАМ январь-сентябрь 2024+(1).pdf,2024,9M,высокая,Хабаровский край,регион_ДФО
январь-сентябрь 2024,Магаданская область,промышленность,индекс промышленного производства (январь-сентябрь 2024 к январю-сентябрю 2023),"103,8",% к соотв. периоду пред. года,"Хабаровскстат (бюллетень ""Промышленное производство"")",https://27.rosstat.gov.ru/storage/mediabank/ИАМ январь-сентябрь 2024+(1).pdf,2024,9M,высокая,Магаданская область,регион_ДФО
январь-сентябрь 2024,Чукотский автономный округ,промышленность,индекс промышленного производства (январь-сентябрь 2024 к январю-сентябрю 2023),"103,5",% к соотв. периоду пред. года,"Хабаровскстат (бюллетень ""Промышленное производство"")",https://27.rosstat.gov.ru/storage/mediabank/ИАМ январь-сентябрь 2024+(1).pdf,2024,9M,высокая,Чукотский автономный округ,регион_ДФО
январь-сентябрь 2024,Приморский край,промышленность,индекс промышленного производства (январь-сентябрь 2024 к январю-сентябрю 2023),"102,7",% к соотв. периоду пред. года,"Хабаровскстат (бюллетень ""Промышленное производство"")",https://27.rosstat.gov.ru/storage/mediabank/ИАМ январь-сентябрь 2024+(1).pdf,2024,9M,высокая,Приморский край,регион_ДФО
январь-сентябрь 2024,Забайкальский край,промышленность,индекс промышленного производства (январь-сентябрь 2024 к январю-сентябрю 2023),"101,7",% к соотв. периоду пред. года,"Хабаровскстат (бюллетень ""Промышленное производство"")",https://27.rosstat.gov.ru/storage/mediabank/ИАМ январь-сентябрь 2024+(1).pdf,2024,9M,высокая,Забайкальский край,регион_ДФО
январь-сентябрь 2024,Сахалинская область,промышленность,индекс промышленного производства (январь-сентябрь 2024 к январю-сентябрю 2023),"97,1",% к соотв. периоду пред. года,"Хабаровскстат (бюллетень ""Промышленное производство"")",https://27.rosstat.gov.ru/storage/mediabank/ИАМ январь-сентябрь 2024+(1).pdf,2024,9M,высокая,Сахалинская область,регион_ДФО
январь-сентябрь 2024,Амурская область,промышленность,индекс промышленного производства (январь-сентябрь 2024 к январю-сентябрю 2023),"96,5",% к соотв. периоду пред. года,"Хабаровскстат (бюллетень ""Промышленное производство"")",https://27.rosstat.gov.ru/storage/mediabank/ИАМ январь-сентябрь 2024+(1).pdf,2024,9M,высокая,Амурская область,регион_ДФО
январь-сентябрь 2024,Еврейская автономная область,промышленность,индекс промышленного производства (январь-сентябрь 2024 к январю-сентябрю 2023),"93,6",% к соотв. периоду пред. года,"Хабаровскстат (бюллетень ""Промышленное производство"")",https://27.rosstat.gov.ru/storage/mediabank/ИАМ январь-сентябрь 2024+(1).pdf,2024,9M,высокая,Еврейская автономная область,регион_ДФО
январь-сентябрь 2024,Камчатский край,промышленность,индекс промышленного производства (январь-сентябрь 2024 к январю-сентябрю 2023),"81,5",% к соотв. периоду пред. года,"Хабаровскстат (бюллетень ""Промышленное производство"")",https://27.rosstat.gov.ru/storage/mediabank/ИАМ январь-сентябрь 2024+(1).pdf,2024,9M,высокая,Камчатский край,регион_ДФО
январь-ноябрь 2024,Республика Саха (Якутия),промышленность,индекс промышленного производства (январь-ноябрь 2024 к январю-ноябрю 2023),"108,5",% к соотв. периоду пред. года,"Хабаровскстат (бюллетень ""Промышленное производство"")",https://27.rosstat.gov.ru/storage/mediabank/ИАМ январь-ноябрь 2024.pdf,2024,11M,высокая,Республика Саха (Якутия),регион_ДФО
январь-ноябрь 2024,Хабаровский край,промышленность,индекс промышленного производства (январь-ноябрь 2024 к январю-ноябрю 2023),"106,5",% к соотв. периоду пред. года,"Хабаровскстат (бюллетень ""Промышленное производство"")",https://27.rosstat.gov.ru/storage/mediabank/ИАМ январь-ноябрь 2024.pdf,2024,11M,высокая,Хабаровский край,регион_ДФО
январь-ноябрь 2024,Республика Бурятия,промышленность,индекс промышленного производства (январь-ноябрь 2024 к январю-ноябрю 2023),"105,9",% к соотв. периоду пред. года,"Хабаровскстат (бюллетень ""Промышленное производство"")",https://27.rosstat.gov.ru/storage/mediabank/ИАМ январь-ноябрь 2024.pdf,2024,11M,высокая,Республика Бурятия,регион_ДФО
январь-ноябрь 2024,Приморский край,промышленность,индекс промышленного производства (январь-ноябрь 2024 к январю-ноябрю 2023),"105,6",% к соотв. периоду пред. года,"Хабаровскстат (бюллетень ""Промышленное производство"")",https://27.rosstat.gov.ru/storage/mediabank/ИАМ январь-ноябрь 2024.pdf,2024,11M,высокая,Приморский край,регион_ДФО
январь-ноябрь 2024,Чукотский автономный округ,промышленность,индекс промышленного производства (январь-ноябрь 2024 к январю-ноябрю 2023),"103,9",% к соотв. периоду пред. года,"Хабаровскстат (бюллетень ""Промышленное производство"")",https://27.rosstat.gov.ru/storage/mediabank/ИАМ январь-ноябрь 2024.pdf,2024,11M,высокая,Чукотский автономный округ,регион_ДФО
январь-ноябрь 2024,Магаданская область,промышленность,индекс промышленного производства (январь-ноябрь 2024 к январю-ноябрю 2023),"103,7",% к соотв. периоду пред. года,"Хабаровскстат (бюллетень ""Промышленное производство"")",https://27.rosstat.gov.ru/storage/mediabank/ИАМ январь-ноябрь 2024.pdf,2024,11M,высокая,Магаданская область,регион_ДФО
январь-ноябрь 2024,Забайкальский край,промышленность,индекс промышленного производства (январь-ноябрь 2024 к январю-ноябрю 2023),"101,6",% к соотв. периоду пред. года,"Хабаровскстат (бюллетень ""Промышленное производство"")",https://27.rosstat.gov.ru/storage/mediabank/ИАМ январь-ноябрь 2024.pdf,2024,11M,высокая,Забайкальский край,регион_ДФО
январь-ноябрь 2024,Сахалинская область,промышленность,индекс промышленного производства (январь-ноябрь 2024 к январю-ноябрю 2023),"97,0",% к соотв. периоду пред. года,"Хабаровскстат (бюллетень ""Промышленное производство"")",https://27.rosstat.gov.ru/storage/mediabank/ИАМ январь-ноябрь 2024.pdf,2024,11M,высокая,Сахалинская область,регион_ДФО
январь-ноябрь 2024,Амурская область,промышленность,индекс промышленного производства (январь-ноябрь 2024 к январю-ноябрю 2023),"96,7",% к соотв. периоду пред. года,"Хабаровскстат (бюллетень ""Промышленное производство"")",https://27.rosstat.gov.ru/storage/mediabank/ИАМ январь-ноябрь 2024.pdf,2024,11M,высокая,Амурская область,регион_ДФО
январь-ноябрь 2024,Еврейская автономная область,промышленность,индекс промышленного производства (январь-ноябрь 2024 к январю-ноябрю 2023),"94,5",% к соотв. периоду пред. года,"Хабаровскстат (бюллетень ""Промышленное производство"")",https://27.rosstat.gov.ru/storage/mediabank/ИАМ январь-ноябрь 2024.pdf,2024,11M,высокая,Еврейская автономная область,регион_ДФО
январь-ноябрь 2024,Камчатский край,промышленность,индекс промышленного производства (январь-ноябрь 2024 к январю-ноябрю 2023),"82,8",% к соотв. периоду пред. года,"Хабаровскстат (бюллетень ""Промышленное производство"")",https://27.rosstat.gov.ru/storage/mediabank/ИАМ январь-ноябрь 2024.pdf,2024,11M,высокая,Камчатский край,регион_ДФО
январь-май 2023,Республика Бурятия,промышленность,индекс промышленного производства (январь-май 2023 к январю-маю 2022),"87,1",% к соотв. периоду пред. года,"Саха(Якутия)стат (бюллетень ""Промышленное производство"")",https://14.rosstat.gov.ru/storage/mediabank/Промышленное производство РС(Я) январь-май 2023_888471.pdf,2023,5M,высокая,Республика Бурятия,регион_ДФО
январь-май 2023,Приморский край,промышленность,индекс промышленного производства (январь-май 2023 к январю-маю 2022),"92,1",% к соотв. периоду пред. года,"Саха(Якутия)стат (бюллетень ""Промышленное производство"")",https://14.rosstat.gov.ru/storage/mediabank/Промышленное производство РС(Я) январь-май 2023_888471.pdf,2023,5M,высокая,Приморский край,регион_ДФО
январь-май 2023,Магаданская область,промышленность,индекс промышленного производства (январь-май 2023 к январю-маю 2022),"94,1",% к соотв. периоду пред. года,"Саха(Якутия)стат (бюллетень ""Промышленное производство"")",https://14.rosstat.gov.ru/storage/mediabank/Промышленное производство РС(Я) январь-май 2023_888471.pdf,2023,5M,высокая,Магаданская область,регион_ДФО
январь-май 2023,Амурская область,промышленность,индекс промышленного производства (январь-май 2023 к январю-маю 2022),"96,7",% к соотв. периоду пред. года,"Саха(Якутия)стат (бюллетень ""Промышленное производство"")",https://14.rosstat.gov.ru/storage/mediabank/Промышленное производство РС(Я) январь-май 2023_888471.pdf,2023,5M,высокая,Амурская область,регион_ДФО
январь-май 2023,Хабаровский край,промышленность,индекс промышленного производства (январь-май 2023 к январю-маю 2022),"96,8",% к соотв. периоду пред. года,"Саха(Якутия)стат (бюллетень ""Промышленное производство"")",https://14.rosstat.gov.ru/storage/mediabank/Промышленное производство РС(Я) январь-май 2023_888471.pdf,2023,5M,высокая,Хабаровский край,регион_ДФО
январь-май 2023,Сахалинская область,промышленность,индекс промышленного производства (январь-май 2023 к январю-маю 2022),"99,7",% к соотв. периоду пред. года,"Саха(Якутия)стат (бюллетень ""Промышленное производство"")",https://14.rosstat.gov.ru/storage/mediabank/Промышленное производство РС(Я) январь-май 2023_888471.pdf,2023,5M,высокая,Сахалинская область,регион_ДФО
январь-май 2023,Еврейская автономная область,промышленность,индекс промышленного производства (январь-май 2023 к январю-маю 2022),"100,6",% к соотв. периоду пред. года,"Саха(Якутия)стат (бюллетень ""Промышленное производство"")",https://14.rosstat.gov.ru/storage/mediabank/Промышленное производство РС(Я) январь-май 2023_888471.pdf,2023,5M,высокая,Еврейская автономная область,регион_ДФО
январь-май 2023,Чукотский автономный округ,промышленность,индекс промышленного производства (январь-май 2023 к январю-маю 2022),"101,0",% к соотв. периоду пред. года,"Саха(Якутия)стат (бюллетень ""Промышленное производство"")",https://14.rosstat.gov.ru/storage/mediabank/Промышленное производство РС(Я) январь-май 2023_888471.pdf,2023,5M,высокая,Чукотский автономный округ,регион_ДФО
январь-май 2023,Республика Саха (Якутия),промышленность,индекс промышленного производства (январь-май 2023 к январю-маю 2022),"102,2",% к соотв. периоду пред. года,"Саха(Якутия)стат (бюллетень ""Промышленное производство"")",https://14.rosstat.gov.ru/storage/mediabank/Промышленное производство РС(Я) январь-май 2023_888471.pdf,2023,5M,высокая,Республика Саха (Якутия),регион_ДФО
январь-май 2023,Забайкальский край,промышленность,индекс промышленного производства (январь-май 2023 к январю-маю 2022),"103,7",% к соотв. периоду пред. года,"Саха(Якутия)стат (бюллетень ""Промышленное производство"")",https://14.rosstat.gov.ru/storage/mediabank/Промышленное производство РС(Я) январь-май 2023_888471.pdf,2023,5M,высокая,Забайкальский край,регион_ДФО
январь-май 2023,Камчатский край,промышленность,индекс промышленного производства (январь-май 2023 к январю-маю 2022),"117,1",% к соотв. периоду пред. года,"Саха(Якутия)стат (бюллетень ""Промышленное производство"")",https://14.rosstat.gov.ru/storage/mediabank/Промышленное производство РС(Я) январь-май 2023_888471.pdf,2023,5M,высокая,Камчатский край,регион_ДФО
январь-сентябрь 2023,Приморский край,промышленность,индекс промышленного производства (январь-сентябрь 2023 к январю-сентябрю 2022),"88,7",% к соотв. периоду пред. года,"Саха(Якутия)стат (бюллетень ""Промышленное производство"")",https://14.rosstat.gov.ru/storage/mediabank/Промышленное производство РС(Я) январь-сентябрь 2023_888476.pdf,2023,9M,высокая,Приморский край,регион_ДФО
январь-сентябрь 2023,Магаданская область,промышленность,индекс промышленного производства (январь-сентябрь 2023 к январю-сентябрю 2022),"90,5",% к соотв. периоду пред. года,"Саха(Якутия)стат (бюллетень ""Промышленное производство"")",https://14.rosstat.gov.ru/storage/mediabank/Промышленное производство РС(Я) январь-сентябрь 2023_888476.pdf,2023,9M,высокая,Магаданская область,регион_ДФО
январь-сентябрь 2023,Республика Бурятия,промышленность,индекс промышленного производства (январь-сентябрь 2023 к январю-сентябрю 2022),"93,6",% к соотв. периоду пред. года,"Саха(Якутия)стат (бюллетень ""Промышленное производство"")",https://14.rosstat.gov.ru/storage/mediabank/Промышленное производство РС(Я) январь-сентябрь 2023_888476.pdf,2023,9M,высокая,Республика Бурятия,регион_ДФО
январь-сентябрь 2023,Еврейская автономная область,промышленность,индекс промышленного производства (январь-сентябрь 2023 к январю-сентябрю 2022),"93,9",% к соотв. периоду пред. года,"Саха(Якутия)стат (бюллетень ""Промышленное производство"")",https://14.rosstat.gov.ru/storage/mediabank/Промышленное производство РС(Я) январь-сентябрь 2023_888476.pdf,2023,9M,высокая,Еврейская автономная область,регион_ДФО
январь-сентябрь 2023,Хабаровский край,промышленность,индекс промышленного производства (январь-сентябрь 2023 к январю-сентябрю 2022),"94,1",% к соотв. периоду пред. года,"Саха(Якутия)стат (бюллетень ""Промышленное производство"")",https://14.rosstat.gov.ru/storage/mediabank/Промышленное производство РС(Я) январь-сентябрь 2023_888476.pdf,2023,9M,высокая,Хабаровский край,регион_ДФО
январь-сентябрь 2023,Республика Саха (Якутия),промышленность,индекс промышленного производства (январь-сентябрь 2023 к январю-сентябрю 2022),"99,5",% к соотв. периоду пред. года,"Саха(Якутия)стат (бюллетень ""Промышленное производство"")",https://14.rosstat.gov.ru/storage/mediabank/Промышленное производство РС(Я) январь-сентябрь 2023_888476.pdf,2023,9M,высокая,Республика Саха (Якутия),регион_ДФО
январь-сентябрь 2023,Забайкальский край,промышленность,индекс промышленного производства (январь-сентябрь 2023 к январю-сентябрю 2022),"102,7",% к соотв. периоду пред. года,"Саха(Якутия)стат (бюллетень ""Промышленное производство"")",https://14.rosstat.gov.ru/storage/mediabank/Промышленное производство РС(Я) январь-сентябрь 2023_888476.pdf,2023,9M,высокая,Забайкальский край,регион_ДФО
январь-сентябрь 2023,Чукотский автономный округ,промышленность,индекс промышленного производства (январь-сентябрь 2023 к январю-сентябрю 2022),"104,5",% к соотв. периоду пред. года,"Саха(Якутия)стат (бюллетень ""Промышленное производство"")",https://14.rosstat.gov.ru/storage/mediabank/Промышленное производство РС(Я) январь-сентябрь 2023_888476.pdf,2023,9M,высокая,Чукотский автономный округ,регион_ДФО
январь-сентябрь 2023,Сахалинская область,промышленность,индекс промышленного производства (январь-сентябрь 2023 к январю-сентябрю 2022),"117,1",% к соотв. периоду пред. года,"Саха(Якутия)стат (бюллетень ""Промышленное производство"")",https://14.rosstat.gov.ru/storage/mediabank/Промышленное производство РС(Я) январь-сентябрь 2023_888476.pdf,2023,9M,высокая,Сахалинская область,регион_ДФО
январь-сентябрь 2023,Амурская область,промышленность,индекс промышленного производства (январь-сентябрь 2023 к январю-сентябрю 2022),"130,7",% к соотв. периоду пред. года,"Саха(Якутия)стат (бюллетень ""Промышленное производство"")",https://14.rosstat.gov.ru/storage/mediabank/Промышленное производство РС(Я) январь-сентябрь 2023_888476.pdf,2023,9M,высокая,Амурская область,регион_ДФО
январь-сентябрь 2023,Камчатский край,промышленность,индекс промышленного производства (январь-сентябрь 2023 к январю-сентябрю 2022),"136,5",% к соотв. периоду пред. года,"Саха(Якутия)стат (бюллетень ""Промышленное производство"")",https://14.rosstat.gov.ru/storage/mediabank/Промышленное производство РС(Я) январь-сентябрь 2023_888476.pdf,2023,9M,высокая,Камчатский край,регион_ДФО
2024 (г/г),Дальневосточный федеральный округ,труд,динамика реальных денежных доходов населения (2024 к 2023),"106,0",% г/г,EastRussia (со ссылкой на Росстат),https://www.eastrussia.ru/news/chukotka-edinstvennyy-region-dfo-v-top-3-rossii-po-dokhodam-naseleniya/,2024,Year,высокая,Дальневосточный федеральный округ,округ_ДФО
2024 (г/г),Амурская область,труд,динамика реальных денежных доходов населения (2024 к 2023),"109,8",% г/г,EastRussia (со ссылкой на Росстат),https://www.eastrussia.ru/news/chukotka-edinstvennyy-region-dfo-v-top-3-rossii-po-dokhodam-naseleniya/,2024,Year,высокая,Амурская область,регион_ДФО
2024 (г/г),Еврейская автономная область,труд,динамика реальных денежных доходов населения (2024 к 2023),"108,9",% г/г,EastRussia (со ссылкой на Росстат),https://www.eastrussia.ru/news/chukotka-edinstvennyy-region-dfo-v-top-3-rossii-po-dokhodam-naseleniya/,2024,Year,высокая,Еврейская автономная область,регион_ДФО
2024 (г/г),Приморский край,труд,динамика реальных денежных доходов населения (2024 к 2023),"108,1",% г/г,EastRussia (со ссылкой на Росстат),https://www.eastrussia.ru/news/chukotka-edinstvennyy-region-dfo-v-top-3-rossii-po-dokhodam-naseleniya/,2024,Year,высокая,Приморский край,регион_ДФО
2024 (г/г),Республика Саха (Якутия),труд,динамика реальных денежных доходов населения (2024 к 2023),"107,2",% г/г,EastRussia (со ссылкой на Росстат),https://www.eastrussia.ru/news/chukotka-edinstvennyy-region-dfo-v-top-3-rossii-po-dokhodam-naseleniya/,2024,Year,высокая,Республика Саха (Якутия),регион_ДФО
2024 (г/г),Забайкальский край,труд,динамика реальных денежных доходов населения (2024 к 2023),"107,0",% г/г,EastRussia (со ссылкой на Росстат),https://www.eastrussia.ru/news/chukotka-edinstvennyy-region-dfo-v-top-3-rossii-po-dokhodam-naseleniya/,2024,Year,высокая,Забайкальский край,регион_ДФО
2024 (г/г),Республика Бурятия,труд,динамика реальных денежных доходов населения (2024 к 2023),"105,7",% г/г,EastRussia (со ссылкой на Росстат),https://www.eastrussia.ru/news/chukotka-edinstvennyy-region-dfo-v-top-3-rossii-po-dokhodam-naseleniya/,2024,Year,высокая,Республика Бурятия,регион_ДФО
2024 (г/г),Сахалинская область,труд,динамика реальных денежных доходов населения (2024 к 2023),"105,3",% г/г,EastRussia (со ссылкой на Росстат),https://www.eastrussia.ru/news/chukotka-edinstvennyy-region-dfo-v-top-3-rossii-po-dokhodam-naseleniya/,2024,Year,высокая,Сахалинская область,регион_ДФО
2024 (г/г),Магаданская область,труд,динамика реальных денежных доходов населения (2024 к 2023),"105,3",% г/г,EastRussia (со ссылкой на Росстат),https://www.eastrussia.ru/news/chukotka-edinstvennyy-region-dfo-v-top-3-rossii-po-dokhodam-naseleniya/,2024,Year,высокая,Магаданская область,регион_ДФО
2024 (г/г),Хабаровский край,труд,динамика реальных денежных доходов населения (2024 к 2023),"103,3",% г/г,EastRussia (со ссылкой на Росстат),https://www.eastrussia.ru/news/chukotka-edinstvennyy-region-dfo-v-top-3-rossii-po-dokhodam-naseleniya/,2024,Year,высокая,Хабаровский край,регион_ДФО
2024 (г/г),Чукотский автономный округ,труд,динамика реальных денежных доходов населения (2024 к 2023),"101,0",% г/г,EastRussia (со ссылкой на Росстат),https://www.eastrussia.ru/news/chukotka-edinstvennyy-region-dfo-v-top-3-rossii-po-dokhodam-naseleniya/,2024,Year,высокая,Чукотский автономный округ,регион_ДФО
2024 (г/г),Камчатский край,труд,динамика реальных денежных доходов населения (2024 к 2023),"100,1",% г/г,EastRussia (со ссылкой на Росстат),https://www.eastrussia.ru/news/chukotka-edinstvennyy-region-dfo-v-top-3-rossii-po-dokhodam-naseleniya/,2024,Year,высокая,Камчатский край,регион_ДФО
2025 (апр-июнь),Российская Федерация,труд,уровень безработицы,"2,2",%,EastRussia (со ссылкой на Росстат),https://eastrussia.ru/news/v-ulan-ude-zarabotal-novyy-mnogoprofilnyy-klinicheskiy-gospital/,2025,Q2,высокая,Российская Федерация,РФ
2025 (апр-июнь),Российская Федерация,труд,численность рабочей силы,"75949,6",тыс. чел.,EastRussia (со ссылкой на Росстат),https://eastrussia.ru/news/v-ulan-ude-zarabotal-novyy-mnogoprofilnyy-klinicheskiy-gospital/,2025,Q2,высокая,Российская Федерация,РФ
2025 (апр-июнь),Иркутская область,труд,уровень безработицы,"3,0",%,EastRussia (со ссылкой на Росстат),https://eastrussia.ru/news/v-ulan-ude-zarabotal-novyy-mnogoprofilnyy-klinicheskiy-gospital/,2025,Q2,высокая,Иркутская область,иной
2025 (апр-июнь),Иркутская область,труд,численность рабочей силы,"1130,9",тыс. чел.,EastRussia (со ссылкой на Росстат),https://eastrussia.ru/news/v-ulan-ude-zarabotal-novyy-mnogoprofilnyy-klinicheskiy-gospital/,2025,Q2,высокая,Иркутская область,иной
2025 (апр-июнь),Дальневосточный федеральный округ,труд,уровень безработицы,"2,4",%,EastRussia (со ссылкой на Росстат),https://eastrussia.ru/news/v-ulan-ude-zarabotal-novyy-mnogoprofilnyy-klinicheskiy-gospital/,2025,Q2,высокая,Дальневосточный федеральный округ,округ_ДФО
2025 (апр-июнь),Дальневосточный федеральный округ,труд,численность рабочей силы,"4170,1",тыс. чел.,EastRussia (со ссылкой на Росстат),https://eastrussia.ru/news/v-ulan-ude-zarabotal-novyy-mnogoprofilnyy-klinicheskiy-gospital/,2025,Q2,высокая,Дальневосточный федеральный округ,округ_ДФО
2025 (апр-июнь),Забайкальский край,труд,уровень безработицы,"4,2",%,EastRussia (со ссылкой на Росстат),https://eastrussia.ru/news/v-ulan-ude-zarabotal-novyy-mnogoprofilnyy-klinicheskiy-gospital/,2025,Q2,высокая,Забайкальский край,регион_ДФО
2025 (апр-июнь),Забайкальский край,труд,численность рабочей силы,"479,1",тыс. чел.,EastRussia (со ссылкой на Росстат),https://eastrussia.ru/news/v-ulan-ude-zarabotal-novyy-mnogoprofilnyy-klinicheskiy-gospital/,2025,Q2,высокая,Забайкальский край,регион_ДФО
2025 (апр-июнь),Республика Бурятия,труд,уровень безработицы,"4,0",%,EastRussia (со ссылкой на Росстат),https://eastrussia.ru/news/v-ulan-ude-zarabotal-novyy-mnogoprofilnyy-klinicheskiy-gospital/,2025,Q2,высокая,Республика Бурятия,регион_ДФО
2025 (апр-июнь),Республика Бурятия,труд,численность рабочей силы,"448,6",тыс. чел.,EastRussia (со ссылкой на Росстат),https://eastrussia.ru/news/v-ulan-ude-zarabotal-novyy-mnogoprofilnyy-klinicheskiy-gospital/,2025,Q2,высокая,Республика Бурятия,регион_ДФО
2025 (апр-июнь),Республика Саха (Якутия),труд,уровень безработицы,"3,8",%,EastRussia (со ссылкой на Росстат),https://eastrussia.ru/news/v-ulan-ude-zarabotal-novyy-mnogoprofilnyy-klinicheskiy-gospital/,2025,Q2,высокая,Республика Саха (Якутия),регион_ДФО
2025 (апр-июнь),Республика Саха (Якутия),труд,численность рабочей силы,"526,4",тыс. чел.,EastRussia (со ссылкой на Росстат),https://eastrussia.ru/news/v-ulan-ude-zarabotal-novyy-mnogoprofilnyy-klinicheskiy-gospital/,2025,Q2,высокая,Республика Саха (Якутия),регион_ДФО
2025 (апр-июнь),Камчатский край,труд,уровень безработицы,"1,8",%,EastRussia (со ссылкой на Росстат),https://eastrussia.ru/news/v-ulan-ude-zarabotal-novyy-mnogoprofilnyy-klinicheskiy-gospital/,2025,Q2,высокая,Камчатский край,регион_ДФО
2025 (апр-июнь),Камчатский край,труд,численность рабочей силы,"166,8",тыс. чел.,EastRussia (со ссылкой на Росстат),https://eastrussia.ru/news/v-ulan-ude-zarabotal-novyy-mnogoprofilnyy-klinicheskiy-gospital/,2025,Q2,высокая,Камчатский край,регион_ДФО
2025 (апр-июнь),Приморский край,труд,уровень безработицы,"1,8",%,EastRussia (со ссылкой на Росстат),https://eastrussia.ru/news/v-ulan-ude-zarabotal-novyy-mnogoprofilnyy-klinicheskiy-gospital/,2025,Q2,высокая,Приморский край,регион_ДФО
2025 (апр-июнь),Приморский край,труд,численность рабочей силы,"979,9",тыс. чел.,EastRussia (со ссылкой на Росстат),https://eastrussia.ru/news/v-ulan-ude-zarabotal-novyy-mnogoprofilnyy-klinicheskiy-gospital/,2025,Q2,высокая,Приморский край,регион_ДФО
2025 (апр-июнь),Еврейская автономная область,труд,уровень безработицы,"1,7",%,EastRussia (со ссылкой на Росстат),https://eastrussia.ru/news/v-ulan-ude-zarabotal-novyy-mnogoprofilnyy-klinicheskiy-gospital/,2025,Q2,высокая,Еврейская автономная область,регион_ДФО
2025 (апр-июнь),Еврейская автономная область,труд,численность рабочей силы,"77,7",тыс. чел.,EastRussia (со ссылкой на Росстат),https://eastrussia.ru/news/v-ulan-ude-zarabotal-novyy-mnogoprofilnyy-klinicheskiy-gospital/,2025,Q2,высокая,Еврейская автономная область,регион_ДФО
2025 (апр-июнь),Магаданская область,труд,уровень безработицы,"1,7",%,EastRussia (со ссылкой на Росстат),https://eastrussia.ru/news/v-ulan-ude-zarabotal-novyy-mnogoprofilnyy-klinicheskiy-gospital/,2025,Q2,высокая,Магаданская область,регион_ДФО
2025 (апр-июнь),Магаданская область,труд,численность рабочей силы,"81,0",тыс. чел.,EastRussia (со ссылкой на Росстат),https://eastrussia.ru/news/v-ulan-ude-zarabotal-novyy-mnogoprofilnyy-klinicheskiy-gospital/,2025,Q2,высокая,Магаданская область,регион_ДФО
2025 (апр-июнь),Чукотский автономный округ,труд,уровень безработицы,"1,6",%,EastRussia (со ссылкой на Росстат),https://eastrussia.ru/news/v-ulan-ude-zarabotal-novyy-mnogoprofilnyy-klinicheskiy-gospital/,2025,Q2,высокая,Чукотский автономный округ,регион_ДФО
2025 (апр-июнь),Чукотский автономный округ,труд,численность рабочей силы,"28,6",тыс. чел.,EastRussia (со ссылкой на Росстат),https://eastrussia.ru/news/v-ulan-ude-zarabotal-novyy-mnogoprofilnyy-klinicheskiy-gospital/,2025,Q2,высокая,Чукотский автономный округ,регион_ДФО
2025 (апр-июнь),Сахалинская область,труд,уровень безработицы,"1,6",%,EastRussia (со ссылкой на Росстат),https://eastrussia.ru/news/v-ulan-ude-zarabotal-novyy-mnogoprofilnyy-klinicheskiy-gospital/,2025,Q2,высокая,Сахалинская область,регион_ДФО
2025 (апр-июнь),Сахалинская область,труд,численность рабочей силы,"266,3",тыс. чел.,EastRussia (со ссылкой на Росстат),https://eastrussia.ru/news/v-ulan-ude-zarabotal-novyy-mnogoprofilnyy-klinicheskiy-gospital/,2025,Q2,высокая,Сахалинская область,регион_ДФО
2025 (апр-июнь),Хабаровский край,труд,уровень безработицы,"1,2",%,EastRussia (со ссылкой на Росстат),https://eastrussia.ru/news/v-ulan-ude-zarabotal-novyy-mnogoprofilnyy-klinicheskiy-gospital/,2025,Q2,высокая,Хабаровский край,регион_ДФО
2025 (апр-июнь),Хабаровский край,труд,численность рабочей силы,"707,0",тыс. чел.,EastRussia (со ссылкой на Росстат),https://eastrussia.ru/news/v-ulan-ude-zarabotal-novyy-mnogoprofilnyy-klinicheskiy-gospital/,2025,Q2,высокая,Хабаровский край,регион_ДФО
январь-июль 2019 к январю-июлю 2018,Республика Саха (Якутия),промышленность,индекс промышленного производства (январь-июль 2019 к январю-июлю 2018),"111,6",% к соотв. периоду пред. года,Амурстат / Росстат (мониторинг соц.-экон. развития регионов ДФО),https://28.rosstat.gov.ru/storage//2019/08-28/kEKadQ0y/new1.pdf,2019,7M,высокая,Республика Саха (Якутия),регион_ДФО
январь-июль 2019 к январю-июлю 2018,Камчатский край,промышленность,индекс промышленного производства (январь-июль 2019 к январю-июлю 2018),"108,8",% к соотв. периоду пред. года,Амурстат / Росстат (мониторинг соц.-экон. развития регионов ДФО),https://28.rosstat.gov.ru/storage//2019/08-28/kEKadQ0y/new1.pdf,2019,7M,высокая,Камчатский край,регион_ДФО
январь-июль 2019 к январю-июлю 2018,Приморский край,промышленность,индекс промышленного производства (январь-июль 2019 к январю-июлю 2018),"108,9",% к соотв. периоду пред. года,Амурстат / Росстат (мониторинг соц.-экон. развития регионов ДФО),https://28.rosstat.gov.ru/storage//2019/08-28/kEKadQ0y/new1.pdf,2019,7M,высокая,Приморский край,регион_ДФО
январь-июль 2019 к январю-июлю 2018,Хабаровский край,промышленность,индекс промышленного производства (январь-июль 2019 к январю-июлю 2018),"101,6",% к соотв. периоду пред. года,Амурстат / Росстат (мониторинг соц.-экон. развития регионов ДФО),https://28.rosstat.gov.ru/storage//2019/08-28/kEKadQ0y/new1.pdf,2019,7M,высокая,Хабаровский край,регион_ДФО
январь-июль 2019 к январю-июлю 2018,Амурская область,промышленность,индекс промышленного производства (январь-июль 2019 к январю-июлю 2018),"101,6",% к соотв. периоду пред. года,Амурстат / Росстат (мониторинг соц.-экон. развития регионов ДФО),https://28.rosstat.gov.ru/storage//2019/08-28/kEKadQ0y/new1.pdf,2019,7M,высокая,Амурская область,регион_ДФО
январь-июль 2019 к январю-июлю 2018,Магаданская область,промышленность,индекс промышленного производства (январь-июль 2019 к январю-июлю 2018),"119,2",% к соотв. периоду пред. года,Амурстат / Росстат (мониторинг соц.-экон. развития регионов ДФО),https://28.rosstat.gov.ru/storage//2019/08-28/kEKadQ0y/new1.pdf,2019,7M,высокая,Магаданская область,регион_ДФО
январь-июль 2019 к январю-июлю 2018,Сахалинская область,промышленность,индекс промышленного производства (январь-июль 2019 к январю-июлю 2018),"102,1",% к соотв. периоду пред. года,Амурстат / Росстат (мониторинг соц.-экон. развития регионов ДФО),https://28.rosstat.gov.ru/storage//2019/08-28/kEKadQ0y/new1.pdf,2019,7M,высокая,Сахалинская область,регион_ДФО
январь-июль 2019 к январю-июлю 2018,Еврейская автономная область,промышленность,индекс промышленного производства (январь-июль 2019 к январю-июлю 2018),"97,9",% к соотв. периоду пред. года,Амурстат / Росстат (мониторинг соц.-экон. развития регионов ДФО),https://28.rosstat.gov.ru/storage//2019/08-28/kEKadQ0y/new1.pdf,2019,7M,высокая,Еврейская автономная область,регион_ДФО
январь-июль 2019 к январю-июлю 2018,Чукотский автономный округ,промышленность,индекс промышленного производства (январь-июль 2019 к январю-июлю 2018),"104,2",% к соотв. периоду пред. года,Амурстат / Росстат (мониторинг соц.-экон. развития регионов ДФО),https://28.rosstat.gov.ru/storage//2019/08-28/kEKadQ0y/new1.pdf,2019,7M,высокая,Чукотский автономный округ,регион_ДФО
январь-июль 2019 к январю-июлю 2018,Забайкальский край,промышленность,индекс промышленного производства (январь-июль 2019 к январю-июлю 2018),"104,3",% к соотв. периоду пред. года,Амурстат / Росстат (мониторинг соц.-экон. развития регионов ДФО),https://28.rosstat.gov.ru/storage//2019/08-28/kEKadQ0y/new1.pdf,2019,7M,высокая,Забайкальский край,регион_ДФО
январь-июль 2019 к январю-июлю 2018,Республика Бурятия,промышленность,индекс промышленного производства (январь-июль 2019 к январю-июлю 2018),"114,1",% к соотв. периоду пред. года,Амурстат / Росстат (мониторинг соц.-экон. развития регионов ДФО),https://28.rosstat.gov.ru/storage//2019/08-28/kEKadQ0y/new1.pdf,2019,7M,высокая,Республика Бурятия,регион_ДФО
январь-август 2019 к январю-августу 2018,Республика Саха (Якутия),промышленность,индекс промышленного производства (январь-август 2019 к январю-августу 2018),"111,8",% к соотв. периоду пред. года,Амурстат / Росстат (мониторинг соц.-экон. развития регионов ДФО),https://28.rosstat.gov.ru/storage//2019/09-27/kaILmbQH/new1.pdf,2019,8M,высокая,Республика Саха (Якутия),регион_ДФО
январь-август 2019 к январю-августу 2018,Камчатский край,промышленность,индекс промышленного производства (январь-август 2019 к январю-августу 2018),"103,8",% к соотв. периоду пред. года,Амурстат / Росстат (мониторинг соц.-экон. развития регионов ДФО),https://28.rosstat.gov.ru/storage//2019/09-27/kaILmbQH/new1.pdf,2019,8M,высокая,Камчатский край,регион_ДФО
январь-август 2019 к январю-августу 2018,Приморский край,промышленность,индекс промышленного производства (январь-август 2019 к январю-августу 2018),"109,5",% к соотв. периоду пред. года,Амурстат / Росстат (мониторинг соц.-экон. развития регионов ДФО),https://28.rosstat.gov.ru/storage//2019/09-27/kaILmbQH/new1.pdf,2019,8M,высокая,Приморский край,регион_ДФО
январь-август 2019 к январю-августу 2018,Хабаровский край,промышленность,индекс промышленного производства (январь-август 2019 к январю-августу 2018),"102,2",% к соотв. периоду пред. года,Амурстат / Росстат (мониторинг соц.-экон. развития регионов ДФО),https://28.rosstat.gov.ru/storage//2019/09-27/kaILmbQH/new1.pdf,2019,8M,высокая,Хабаровский край,регион_ДФО
январь-август 2019 к январю-августу 2018,Амурская область,промышленность,индекс промышленного производства (январь-август 2019 к январю-августу 2018),"103,7",% к соотв. периоду пред. года,Амурстат / Росстат (мониторинг соц.-экон. развития регионов ДФО),https://28.rosstat.gov.ru/storage//2019/09-27/kaILmbQH/new1.pdf,2019,8M,высокая,Амурская область,регион_ДФО
январь-август 2019 к январю-августу 2018,Магаданская область,промышленность,индекс промышленного производства (январь-август 2019 к январю-августу 2018),"116,4",% к соотв. периоду пред. года,Амурстат / Росстат (мониторинг соц.-экон. развития регионов ДФО),https://28.rosstat.gov.ru/storage//2019/09-27/kaILmbQH/new1.pdf,2019,8M,высокая,Магаданская область,регион_ДФО
январь-август 2019 к январю-августу 2018,Сахалинская область,промышленность,индекс промышленного производства (январь-август 2019 к январю-августу 2018),"103,8",% к соотв. периоду пред. года,Амурстат / Росстат (мониторинг соц.-экон. развития регионов ДФО),https://28.rosstat.gov.ru/storage//2019/09-27/kaILmbQH/new1.pdf,2019,8M,высокая,Сахалинская область,регион_ДФО
январь-август 2019 к январю-августу 2018,Еврейская автономная область,промышленность,индекс промышленного производства (январь-август 2019 к январю-августу 2018),"97,5",% к соотв. периоду пред. года,Амурстат / Росстат (мониторинг соц.-экон. развития регионов ДФО),https://28.rosstat.gov.ru/storage//2019/09-27/kaILmbQH/new1.pdf,2019,8M,высокая,Еврейская автономная область,регион_ДФО
январь-август 2019 к январю-августу 2018,Чукотский автономный округ,промышленность,индекс промышленного производства (январь-август 2019 к январю-августу 2018),"105,3",% к соотв. периоду пред. года,Амурстат / Росстат (мониторинг соц.-экон. развития регионов ДФО),https://28.rosstat.gov.ru/storage//2019/09-27/kaILmbQH/new1.pdf,2019,8M,высокая,Чукотский автономный округ,регион_ДФО
январь-август 2019 к январю-августу 2018,Забайкальский край,промышленность,индекс промышленного производства (январь-август 2019 к январю-августу 2018),"102,9",% к соотв. периоду пред. года,Амурстат / Росстат (мониторинг соц.-экон. развития регионов ДФО),https://28.rosstat.gov.ru/storage//2019/09-27/kaILmbQH/new1.pdf,2019,8M,высокая,Забайкальский край,регион_ДФО
январь-август 2019 к январю-августу 2018,Республика Бурятия,промышленность,индекс промышленного производства (январь-август 2019 к январю-августу 2018),"124,4",% к соотв. периоду пред. года,Амурстат / Росстат (мониторинг соц.-экон. развития регионов ДФО),https://28.rosstat.gov.ru/storage//2019/09-27/kaILmbQH/new1.pdf,2019,8M,высокая,Республика Бурятия,регион_ДФО
январь-октябрь 2019 к январю-октябрю 2018,Республика Саха (Якутия),промышленность,индекс промышленного производства (январь-октябрь 2019 к январю-октябрю 2018),"112,3",% к соотв. периоду пред. года,Амурстат / Росстат (мониторинг соц.-экон. развития регионов ДФО),https://28.rosstat.gov.ru/storage//2019/11-28/Mgx3gyp8/new1.pdf,2019,10M,высокая,Республика Саха (Якутия),регион_ДФО
январь-октябрь 2019 к январю-октябрю 2018,Камчатский край,промышленность,индекс промышленного производства (январь-октябрь 2019 к январю-октябрю 2018),"99,9",% к соотв. периоду пред. года,Амурстат / Росстат (мониторинг соц.-экон. развития регионов ДФО),https://28.rosstat.gov.ru/storage//2019/11-28/Mgx3gyp8/new1.pdf,2019,10M,высокая,Камчатский край,регион_ДФО
январь-октябрь 2019 к январю-октябрю 2018,Приморский край,промышленность,индекс промышленного производства (январь-октябрь 2019 к январю-октябрю 2018),"110,0",% к соотв. периоду пред. года,Амурстат / Росстат (мониторинг соц.-экон. развития регионов ДФО),https://28.rosstat.gov.ru/storage//2019/11-28/Mgx3gyp8/new1.pdf,2019,10M,высокая,Приморский край,регион_ДФО
январь-октябрь 2019 к январю-октябрю 2018,Хабаровский край,промышленность,индекс промышленного производства (январь-октябрь 2019 к январю-октябрю 2018),"102,3",% к соотв. периоду пред. года,Амурстат / Росстат (мониторинг соц.-экон. развития регионов ДФО),https://28.rosstat.gov.ru/storage//2019/11-28/Mgx3gyp8/new1.pdf,2019,10M,высокая,Хабаровский край,регион_ДФО
январь-октябрь 2019 к январю-октябрю 2018,Амурская область,промышленность,индекс промышленного производства (январь-октябрь 2019 к январю-октябрю 2018),"104,0",% к соотв. периоду пред. года,Амурстат / Росстат (мониторинг соц.-экон. развития регионов ДФО),https://28.rosstat.gov.ru/storage//2019/11-28/Mgx3gyp8/new1.pdf,2019,10M,высокая,Амурская область,регион_ДФО
январь-октябрь 2019 к январю-октябрю 2018,Магаданская область,промышленность,индекс промышленного производства (январь-октябрь 2019 к январю-октябрю 2018),"112,8",% к соотв. периоду пред. года,Амурстат / Росстат (мониторинг соц.-экон. развития регионов ДФО),https://28.rosstat.gov.ru/storage//2019/11-28/Mgx3gyp8/new1.pdf,2019,10M,высокая,Магаданская область,регион_ДФО
январь-октябрь 2019 к январю-октябрю 2018,Сахалинская область,промышленность,индекс промышленного производства (январь-октябрь 2019 к январю-октябрю 2018),"102,2",% к соотв. периоду пред. года,Амурстат / Росстат (мониторинг соц.-экон. развития регионов ДФО),https://28.rosstat.gov.ru/storage//2019/11-28/Mgx3gyp8/new1.pdf,2019,10M,высокая,Сахалинская область,регион_ДФО
январь-октябрь 2019 к январю-октябрю 2018,Еврейская автономная область,промышленность,индекс промышленного производства (январь-октябрь 2019 к январю-октябрю 2018),"102,5",% к соотв. периоду пред. года,Амурстат / Росстат (мониторинг соц.-экон. развития регионов ДФО),https://28.rosstat.gov.ru/storage//2019/11-28/Mgx3gyp8/new1.pdf,2019,10M,высокая,Еврейская автономная область,регион_ДФО
январь-октябрь 2019 к январю-октябрю 2018,Чукотский автономный округ,промышленность,индекс промышленного производства (январь-октябрь 2019 к январю-октябрю 2018),"101,7",% к соотв. периоду пред. года,Амурстат / Росстат (мониторинг соц.-экон. развития регионов ДФО),https://28.rosstat.gov.ru/storage//2019/11-28/Mgx3gyp8/new1.pdf,2019,10M,высокая,Чукотский автономный округ,регион_ДФО
январь-октябрь 2019 к январю-октябрю 2018,Забайкальский край,промышленность,индекс промышленного производства (январь-октябрь 2019 к январю-октябрю 2018),"104,9",% к соотв. периоду пред. года,Амурстат / Росстат (мониторинг соц.-экон. развития регионов ДФО),https://28.rosstat.gov.ru/storage//2019/11-28/Mgx3gyp8/new1.pdf,2019,10M,высокая,Забайкальский край,регион_ДФО
январь-октябрь 2019 к январю-октябрю 2018,Республика Бурятия,промышленность,индекс промышленного производства (январь-октябрь 2019 к январю-октябрю 2018),"128,3",% к соотв. периоду пред. года,Амурстат / Росстат (мониторинг соц.-экон. развития регионов ДФО),https://28.rosstat.gov.ru/storage//2019/11-28/Mgx3gyp8/new1.pdf,2019,10M,высокая,Республика Бурятия,регион_ДФО
январь-ноябрь 2019 к январю-ноябрю 2018,Республика Саха (Якутия),промышленность,индекс промышленного производства (январь-ноябрь 2019 к январю-ноябрю 2018),"111,9",% к соотв. периоду пред. года,Амурстат / Росстат (мониторинг соц.-экон. развития регионов ДФО),https://28.rosstat.gov.ru/storage//2019/12-27/dIsTZcSs/new1.pdf,2019,11M,высокая,Республика Саха (Якутия),регион_ДФО
январь-ноябрь 2019 к январю-ноябрю 2018,Камчатский край,промышленность,индекс промышленного производства (январь-ноябрь 2019 к январю-ноябрю 2018),"100,5",% к соотв. периоду пред. года,Амурстат / Росстат (мониторинг соц.-экон. развития регионов ДФО),https://28.rosstat.gov.ru/storage//2019/12-27/dIsTZcSs/new1.pdf,2019,11M,высокая,Камчатский край,регион_ДФО
январь-ноябрь 2019 к январю-ноябрю 2018,Приморский край,промышленность,индекс промышленного производства (январь-ноябрь 2019 к январю-ноябрю 2018),"112,2",% к соотв. периоду пред. года,Амурстат / Росстат (мониторинг соц.-экон. развития регионов ДФО),https://28.rosstat.gov.ru/storage//2019/12-27/dIsTZcSs/new1.pdf,2019,11M,высокая,Приморский край,регион_ДФО
январь-ноябрь 2019 к январю-ноябрю 2018,Хабаровский край,промышленность,индекс промышленного производства (январь-ноябрь 2019 к январю-ноябрю 2018),"98,7",% к соотв. периоду пред. года,Амурстат / Росстат (мониторинг соц.-экон. развития регионов ДФО),https://28.rosstat.gov.ru/storage//2019/12-27/dIsTZcSs/new1.pdf,2019,11M,высокая,Хабаровский край,регион_ДФО
январь-ноябрь 2019 к январю-ноябрю 2018,Амурская область,промышленность,индекс промышленного производства (январь-ноябрь 2019 к январю-ноябрю 2018),"104,5",% к соотв. периоду пред. года,Амурстат / Росстат (мониторинг соц.-экон. развития регионов ДФО),https://28.rosstat.gov.ru/storage//2019/12-27/dIsTZcSs/new1.pdf,2019,11M,высокая,Амурская область,регион_ДФО
январь-ноябрь 2019 к январю-ноябрю 2018,Магаданская область,промышленность,индекс промышленного производства (январь-ноябрь 2019 к январю-ноябрю 2018),"113,1",% к соотв. периоду пред. года,Амурстат / Росстат (мониторинг соц.-экон. развития регионов ДФО),https://28.rosstat.gov.ru/storage//2019/12-27/dIsTZcSs/new1.pdf,2019,11M,высокая,Магаданская область,регион_ДФО
январь-ноябрь 2019 к январю-ноябрю 2018,Сахалинская область,промышленность,индекс промышленного производства (январь-ноябрь 2019 к январю-ноябрю 2018),"101,8",% к соотв. периоду пред. года,Амурстат / Росстат (мониторинг соц.-экон. развития регионов ДФО),https://28.rosstat.gov.ru/storage//2019/12-27/dIsTZcSs/new1.pdf,2019,11M,высокая,Сахалинская область,регион_ДФО
январь-ноябрь 2019 к январю-ноябрю 2018,Еврейская автономная область,промышленность,индекс промышленного производства (январь-ноябрь 2019 к январю-ноябрю 2018),"103,7",% к соотв. периоду пред. года,Амурстат / Росстат (мониторинг соц.-экон. развития регионов ДФО),https://28.rosstat.gov.ru/storage//2019/12-27/dIsTZcSs/new1.pdf,2019,11M,высокая,Еврейская автономная область,регион_ДФО
январь-ноябрь 2019 к январю-ноябрю 2018,Чукотский автономный округ,промышленность,индекс промышленного производства (январь-ноябрь 2019 к январю-ноябрю 2018),"104,2",% к соотв. периоду пред. года,Амурстат / Росстат (мониторинг соц.-экон. развития регионов ДФО),https://28.rosstat.gov.ru/storage//2019/12-27/dIsTZcSs/new1.pdf,2019,11M,высокая,Чукотский автономный округ,регион_ДФО
январь-ноябрь 2019 к январю-ноябрю 2018,Забайкальский край,промышленность,индекс промышленного производства (январь-ноябрь 2019 к январю-ноябрю 2018),"103,9",% к соотв. периоду пред. года,Амурстат / Росстат (мониторинг соц.-экон. развития регионов ДФО),https://28.rosstat.gov.ru/storage//2019/12-27/dIsTZcSs/new1.pdf,2019,11M,высокая,Забайкальский край,регион_ДФО
январь-ноябрь 2019 к январю-ноябрю 2018,Республика Бурятия,промышленность,индекс промышленного производства (январь-ноябрь 2019 к январю-ноябрю 2018),"123,0",% к соотв. периоду пред. года,Амурстат / Росстат (мониторинг соц.-экон. развития регионов ДФО),https://28.rosstat.gov.ru/storage//2019/12-27/dIsTZcSs/new1.pdf,2019,11M,высокая,Республика Бурятия,регион_ДФО
январь-май 2025 к январю-маю 2024,Республика Саха (Якутия),промышленность,индекс промышленного производства (январь-май 2025 к январю-маю 2024),"104,8",% к соотв. периоду пред. года,Амурстат / Росстат (мониторинг соц.-экон. развития регионов ДФО),https://28.rosstat.gov.ru/storage/2025/07-07/CjbNkZXY/2025_new1.pdf,2025,5M,высокая,Республика Саха (Якутия),регион_ДФО
январь-май 2025 к январю-маю 2024,Камчатский край,промышленность,индекс промышленного производства (январь-май 2025 к январю-маю 2024),"91,7",% к соотв. периоду пред. года,Амурстат / Росстат (мониторинг соц.-экон. развития регионов ДФО),https://28.rosstat.gov.ru/storage/2025/07-07/CjbNkZXY/2025_new1.pdf,2025,5M,высокая,Камчатский край,регион_ДФО
январь-май 2025 к январю-маю 2024,Приморский край,промышленность,индекс промышленного производства (январь-май 2025 к январю-маю 2024),"100,9",% к соотв. периоду пред. года,Амурстат / Росстат (мониторинг соц.-экон. развития регионов ДФО),https://28.rosstat.gov.ru/storage/2025/07-07/CjbNkZXY/2025_new1.pdf,2025,5M,высокая,Приморский край,регион_ДФО
январь-май 2025 к январю-маю 2024,Хабаровский край,промышленность,индекс промышленного производства (январь-май 2025 к январю-маю 2024),"116,2",% к соотв. периоду пред. года,Амурстат / Росстат (мониторинг соц.-экон. развития регионов ДФО),https://28.rosstat.gov.ru/storage/2025/07-07/CjbNkZXY/2025_new1.pdf,2025,5M,высокая,Хабаровский край,регион_ДФО
январь-май 2025 к январю-маю 2024,Амурская область,промышленность,индекс промышленного производства (январь-май 2025 к январю-маю 2024),"103,6",% к соотв. периоду пред. года,Амурстат / Росстат (мониторинг соц.-экон. развития регионов ДФО),https://28.rosstat.gov.ru/storage/2025/07-07/CjbNkZXY/2025_new1.pdf,2025,5M,высокая,Амурская область,регион_ДФО
январь-май 2025 к январю-маю 2024,Магаданская область,промышленность,индекс промышленного производства (январь-май 2025 к январю-маю 2024),"110,9",% к соотв. периоду пред. года,Амурстат / Росстат (мониторинг соц.-экон. развития регионов ДФО),https://28.rosstat.gov.ru/storage/2025/07-07/CjbNkZXY/2025_new1.pdf,2025,5M,высокая,Магаданская область,регион_ДФО
январь-май 2025 к январю-маю 2024,Сахалинская область,промышленность,индекс промышленного производства (январь-май 2025 к январю-маю 2024),"97,5",% к соотв. периоду пред. года,Амурстат / Росстат (мониторинг соц.-экон. развития регионов ДФО),https://28.rosstat.gov.ru/storage/2025/07-07/CjbNkZXY/2025_new1.pdf,2025,5M,высокая,Сахалинская область,регион_ДФО
январь-май 2025 к январю-маю 2024,Еврейская автономная область,промышленность,индекс промышленного производства (январь-май 2025 к январю-маю 2024),"107,9",% к соотв. периоду пред. года,Амурстат / Росстат (мониторинг соц.-экон. развития регионов ДФО),https://28.rosstat.gov.ru/storage/2025/07-07/CjbNkZXY/2025_new1.pdf,2025,5M,высокая,Еврейская автономная область,регион_ДФО
январь-май 2025 к январю-маю 2024,Чукотский автономный округ,промышленность,индекс промышленного производства (январь-май 2025 к январю-маю 2024),"126,2",% к соотв. периоду пред. года,Амурстат / Росстат (мониторинг соц.-экон. развития регионов ДФО),https://28.rosstat.gov.ru/storage/2025/07-07/CjbNkZXY/2025_new1.pdf,2025,5M,высокая,Чукотский автономный округ,регион_ДФО
январь-май 2025 к январю-маю 2024,Забайкальский край,промышленность,индекс промышленного производства (январь-май 2025 к январю-маю 2024),"101,8",% к соотв. периоду пред. года,Амурстат / Росстат (мониторинг соц.-экон. развития регионов ДФО),https://28.rosstat.gov.ru/storage/2025/07-07/CjbNkZXY/2025_new1.pdf,2025,5M,высокая,Забайкальский край,регион_ДФО
январь-май 2025 к январю-маю 2024,Республика Бурятия,промышленность,индекс промышленного производства (январь-май 2025 к январю-маю 2024),"102,5",% к соотв. периоду пред. года,Амурстат / Росстат (мониторинг соц.-экон. развития регионов ДФО),https://28.rosstat.gov.ru/storage/2025/07-07/CjbNkZXY/2025_new1.pdf,2025,5M,высокая,Республика Бурятия,регион_ДФО
июль 2019,Республика Саха (Якутия),труд,среднемесячная номинальная начисленная зарплата (июль 2019),"67246,1",руб.,Амурстат / Росстат (мониторинг соц.-экон. развития регионов ДФО),https://28.rosstat.gov.ru/storage//2019/09-27/kaILmbQH/new1.pdf,2019,Jul,высокая,Республика Саха (Якутия),регион_ДФО
июль 2019,Камчатский край,труд,среднемесячная номинальная начисленная зарплата (июль 2019),"71785,9",руб.,Амурстат / Росстат (мониторинг соц.-экон. развития регионов ДФО),https://28.rosstat.gov.ru/storage//2019/09-27/kaILmbQH/new1.pdf,2019,Jul,высокая,Камчатский край,регион_ДФО
июль 2019,Приморский край,труд,среднемесячная номинальная начисленная зарплата (июль 2019),"46708,3",руб.,Амурстат / Росстат (мониторинг соц.-экон. развития регионов ДФО),https://28.rosstat.gov.ru/storage//2019/09-27/kaILmbQH/new1.pdf,2019,Jul,высокая,Приморский край,регион_ДФО
июль 2019,Хабаровский край,труд,среднемесячная номинальная начисленная зарплата (июль 2019),"50313,0",руб.,Амурстат / Росстат (мониторинг соц.-экон. развития регионов ДФО),https://28.rosstat.gov.ru/storage//2019/09-27/kaILmbQH/new1.pdf,2019,Jul,высокая,Хабаровский край,регион_ДФО
июль 2019,Амурская область,труд,среднемесячная номинальная начисленная зарплата (июль 2019),"46519,0",руб.,Амурстат / Росстат (мониторинг соц.-экон. развития регионов ДФО),https://28.rosstat.gov.ru/storage//2019/09-27/kaILmbQH/new1.pdf,2019,Jul,высокая,Амурская область,регион_ДФО
июль 2019,Магаданская область,труд,среднемесячная номинальная начисленная зарплата (июль 2019),"89170,7",руб.,Амурстат / Росстат (мониторинг соц.-экон. развития регионов ДФО),https://28.rosstat.gov.ru/storage//2019/09-27/kaILmbQH/new1.pdf,2019,Jul,высокая,Магаданская область,регион_ДФО
июль 2019,Сахалинская область,труд,среднемесячная номинальная начисленная зарплата (июль 2019),"88563,0",руб.,Амурстат / Росстат (мониторинг соц.-экон. развития регионов ДФО),https://28.rosstat.gov.ru/storage//2019/09-27/kaILmbQH/new1.pdf,2019,Jul,высокая,Сахалинская область,регион_ДФО
июль 2019,Еврейская автономная область,труд,среднемесячная номинальная начисленная зарплата (июль 2019),"42233,6",руб.,Амурстат / Росстат (мониторинг соц.-экон. развития регионов ДФО),https://28.rosstat.gov.ru/storage//2019/09-27/kaILmbQH/new1.pdf,2019,Jul,высокая,Еврейская автономная область,регион_ДФО
июль 2019,Чукотский автономный округ,труд,среднемесячная номинальная начисленная зарплата (июль 2019),"108268,0",руб.,Амурстат / Росстат (мониторинг соц.-экон. развития регионов ДФО),https://28.rosstat.gov.ru/storage//2019/09-27/kaILmbQH/new1.pdf,2019,Jul,высокая,Чукотский автономный округ,регион_ДФО
июль 2019,Забайкальский край,труд,среднемесячная номинальная начисленная зарплата (июль 2019),"41402,0",руб.,Амурстат / Росстат (мониторинг соц.-экон. развития регионов ДФО),https://28.rosstat.gov.ru/storage//2019/09-27/kaILmbQH/new1.pdf,2019,Jul,высокая,Забайкальский край,регион_ДФО
июль 2019,Республика Бурятия,труд,среднемесячная номинальная начисленная зарплата (июль 2019),"37120,6",руб.,Амурстат / Росстат (мониторинг соц.-экон. развития регионов ДФО),https://28.rosstat.gov.ru/storage//2019/09-27/kaILmbQH/new1.pdf,2019,Jul,высокая,Республика Бурятия,регион_ДФО
2016,Камчатский край,труд,среднемесячная номинальная начисленная зарплата (годовой показатель),61159,руб.,"Камчатстат (""Заработная плата работников организаций Камчатского края в 2021 году"")",https://41.rosstat.gov.ru/storage/mediabank/Заработная плата(93).pdf,2016,Year,высокая,Камчатский край,регион_ДФО
2017,Камчатский край,труд,среднемесячная номинальная начисленная зарплата (годовой показатель),65807,руб.,"Камчатстат (""Заработная плата работников организаций Камчатского края в 2021 году"")",https://41.rosstat.gov.ru/storage/mediabank/Заработная плата(93).pdf,2017,Year,высокая,Камчатский край,регион_ДФО
2018,Камчатский край,труд,среднемесячная номинальная начисленная зарплата (годовой показатель),73896,руб.,"Камчатстат (""Заработная плата работников организаций Камчатского края в 2021 году"")",https://41.rosstat.gov.ru/storage/mediabank/Заработная плата(93).pdf,2018,Year,высокая,Камчатский край,регион_ДФО
2019,Камчатский край,труд,среднемесячная номинальная начисленная зарплата (годовой показатель),80448,руб.,"Камчатстат (""Заработная плата работников организаций Камчатского края в 2021 году"")",https://41.rosstat.gov.ru/storage/mediabank/Заработная плата(93).pdf,2019,Year,высокая,Камчатский край,регион_ДФО
2020,Камчатский край,труд,среднемесячная номинальная начисленная зарплата (годовой показатель),85623,руб.,"Камчатстат (""Заработная плата работников организаций Камчатского края в 2021 году"")",https://41.rosstat.gov.ru/storage/mediabank/Заработная плата(93).pdf,2020,Year,высокая,Камчатский край,регион_ДФО
2021,Камчатский край,труд,среднемесячная номинальная начисленная зарплата (годовой показатель),93880,руб.,"Камчатстат (""Заработная плата работников организаций Камчатского края в 2021 году"")",https://41.rosstat.gov.ru/storage/mediabank/Заработная плата(93).pdf,2021,Year,высокая,Камчатский край,регион_ДФО
2019,ДФО,демография,"численность постоянного населения на 1 января (после присоединения Бурятии и Забайкальского края в 2018 г., рост показателя в 2019 г. — эффект присоединения, не органический рост)",,тыс. чел.,требует проверки — см. блок «что не удалось найти»,,2019,Year,низкая,Дальневосточный федеральный округ,округ_ДФО
2020,ДФО,демография,численность постоянного населения на 1 января,,тыс. чел.,требует проверки,,2020,Year,низкая,Дальневосточный федеральный округ,округ_ДФО
2021,ДФО,демография,"численность постоянного населения на 1 января (по Росстату, сокращение на 0,5% за 2021 год)",,тыс. чел.,"требует проверки (значение снижения % найдено, абсолютная цифра — нет)",https://science.vvsu.ru/files/1EE41846-2439-41AD-B4B3-DC5B24D94B39.pdf,2021,Year,низкая,Дальневосточный федеральный округ,округ_ДФО
2022,ДФО,демография,численность постоянного населения на 1 января,,тыс. чел.,требует проверки,,2022,Year,низкая,Дальневосточный федеральный округ,округ_ДФО
2023,ДФО,демография,численность постоянного населения на 1 января,,тыс. чел.,требует проверки,,2023,Year,низкая,Дальневосточный федеральный округ,округ_ДФО
2024,ДФО,демография,численность постоянного населения на 1 января 2024 г.,7851.3,тыс. чел.,EastRussia (интервью директора ФАНУ «Востокгосплан» М.Кузнецова),https://www.eastrussia.ru/material/demografiya-dalnego-vostoka-razvorachivaya-trend/,2024,Year,высокая,Дальневосточный федеральный округ,округ_ДФО
2025,ДФО,демография,численность постоянного населения на 1 января 2025 г.,7860.3,тыс. чел.,"EastRussia (Бюллетень EastRussia, со ссылкой на Росстат)",https://www.eastrussia.ru/material/byulleten-eastrussia-analiticheskiy-obzor-sotsialnoy-sfery-dfo-vesna-2026/,2025,Year,высокая,Дальневосточный федеральный округ,округ_ДФО
"2018 (справочно, не входит в ряд 2019-2025)",ДФО,демография,численность постоянного населения на момент присоединения Бурятии и Забайкальского края (справочная точка отсчёта),8200,тыс. чел.,Власть и управление на Востоке России (со ссылкой на Росстат),https://vlastdviu.ranepa.ru/downLoad/rio/j2025-2/3.pdf,2025,Cumulative,высокая,Дальневосточный федеральный округ,округ_ДФО
2018-2024 (совокупно),ДФО,демография,снижение численности населения ДФО с начала 2018 г. по 2024 г.,3.4,% (совокупно за период),"EastRussia (Бюллетень EastRussia, со ссылкой на Росстат)",https://www.eastrussia.ru/material/byulleten-eastrussia-analiticheskiy-obzor-sotsialnoy-sfery-dfo-vesna-2026/,2024,Cumulative,высокая,Дальневосточный федеральный округ,округ_ДФО
"1991-2024 (совокупно, справочно)",ДФО,демография,снижение численности населения макрорегиона с исторического максимума 1991 г.,24.6,% (совокупно за период),EastRussia,https://www.eastrussia.ru/material/byulleten-eastrussia-analiticheskiy-obzor-sotsialnoy-sfery-dfo-vesna-2026/,2024,Cumulative,высокая,Дальневосточный федеральный округ,округ_ДФО
2019,Республика Саха (Якутия),демография,"единственный регион ДФО с устойчивым ростом постоянного населения начиная с 2014 г. (качественный факт, без абсолютной цифры по годам)",,качественный показатель,Власть и управление на Востоке России (научная статья),https://vlastdviu.ranepa.ru/downLoad/rio/j2025-2/3.pdf,2019,Year,низкая,Республика Саха (Якутия),регион_ДФО
2024 (1-е полугодие),Республика Саха (Якутия),демография,рост численности населения за 1-е полугодие 2024 г.,0.3,% (за полугодие),EastRussia (интервью М.Кузнецова),https://www.eastrussia.ru/material/demografiya-dalnego-vostoka-razvorachivaya-trend/,2024,H1,высокая,Республика Саха (Якутия),регион_ДФО
2024 (1-е полугодие),Чукотский автономный округ,демография,рост численности населения за 1-е полугодие 2024 г.,0.1,% (за полугодие),EastRussia (интервью М.Кузнецова),https://www.eastrussia.ru/material/demografiya-dalnego-vostoka-razvorachivaya-trend/,2024,H1,высокая,Чукотский автономный округ,регион_ДФО
2024 (1-е полугодие),ДФО,демография,сокращение численности населения за 1-е полугодие 2024 г. (в целом по округу),-0.2,% (за полугодие),EastRussia (интервью М.Кузнецова),https://www.eastrussia.ru/material/demografiya-dalnego-vostoka-razvorachivaya-trend/,2024,H1,высокая,Дальневосточный федеральный округ,округ_ДФО
"2025 (стратегическая цель, не факт)",ДФО,демография,целевой показатель численности населения к 2025 г. по демографической стратегии ДФО — НЕ ДОСТИГНУТ,"8600 (план, не факт)",тыс. чел. (план),EastRussia (Бюллетень EastRussia),https://www.eastrussia.ru/material/byulleten-eastrussia-analiticheskiy-obzor-sotsialnoy-sfery-dfo-vesna-2026/,2025,Plan,высокая,Дальневосточный федеральный округ,округ_ДФО
2019,ДФО,демография,коэффициент миграционного прироста/убыли (на 10 тыс. чел. населения),-13,чел. на 10 тыс. населения,"Известия ДВФУ. Экономика и управление, 2025, №2 (научная статья, данные Росстата)",https://journals.dvfu.ru/jem/article/download/1902/1329/7409,2019,Year,высокая,Дальневосточный федеральный округ,округ_ДФО
2020,ДФО,демография,коэффициент миграционного прироста/убыли (на 10 тыс. чел. населения),-42,чел. на 10 тыс. населения,"Известия ДВФУ. Экономика и управление, 2025, №2",https://journals.dvfu.ru/jem/article/download/1902/1329/7409,2020,Year,высокая,Дальневосточный федеральный округ,округ_ДФО
2021,ДФО,демография,коэффициент миграционного прироста/убыли (на 10 тыс. чел. населения),-4,чел. на 10 тыс. населения,"Известия ДВФУ. Экономика и управление, 2025, №2",https://journals.dvfu.ru/jem/article/download/1902/1329/7409,2021,Year,высокая,Дальневосточный федеральный округ,округ_ДФО
2022,ДФО,демография,коэффициент миграционного прироста/убыли (на 10 тыс. чел. населения),-47,чел. на 10 тыс. населения,"Известия ДВФУ. Экономика и управление, 2025, №2",https://journals.dvfu.ru/jem/article/download/1902/1329/7409,2022,Year,высокая,Дальневосточный федеральный округ,округ_ДФО
2023,ДФО,демография,коэффициент миграционного прироста/убыли (на 10 тыс. чел. населения),-18,чел. на 10 тыс. населения,"Известия ДВФУ. Экономика и управление, 2025, №2",https://journals.dvfu.ru/jem/article/download/1902/1329/7409,2023,Year,высокая,Дальневосточный федеральный округ,округ_ДФО
2024,ДФО,демография,"миграционная убыль (абсолютное значение, версия директора «Востокгосплана» М.Кузнецова)",-14200,чел.,EastRussia (интервью М.Кузнецова),https://www.eastrussia.ru/material/demografiya-dalnego-vostoka-razvorachivaya-trend/,2024,Year,высокая,Дальневосточный федеральный округ,округ_ДФО
2024,ДФО,демография,"ПРОТИВОРЕЧИЕ: по данным другого интервью (Е.Ли, «Востокгосплан»), в 2024 г. миграционный баланс впервые за долгое время стал ПОЛОЖИТЕЛЬНЫМ — расходится с оценкой М.Кузнецова выше",требует проверки (два источника одной организации дают разные знаки),качественный показатель,EastRussia (интервью Е.Ли),https://www.eastrussia.ru/material/demografiya-dalnego-vostoka-nas-vse-menshe-no-est-nyuans/,2024,Year,низкая,Дальневосточный федеральный округ,округ_ДФО
2025,ДФО,демография,коэффициент/абсолютное значение миграционного прироста,,,требует проверки — не найдено в этом проходе,,2025,Year,низкая,Дальневосточный федеральный округ,округ_ДФО
2019-2025,ДФО (11 регионов),демография,миграционный прирост/убыль по каждому региону отдельно,,чел.,требует проверки — см. блок «что не удалось найти»,,2025,Cumulative,низкая,Дальневосточный федеральный округ,округ_ДФО
