id,текст_для_rag,регион_норм,уровень_агрегации,год_число,период,отрасль,полнота,ссылка,датасет
1,В 2023 году в регионе Российская Федерация показатель «индекс промышленного производства» в отрасли «обрабатывающая промышленность» составил 108.7 % к пред. году. Источник: Росстат.,Российская Федерация,РФ,2023,Year,обрабатывающая промышленность,высокая,https://rosstat.gov.ru/folder/313/document/253870,yearly
2,В 2024 году в регионе Российская Федерация показатель «рост выпуска обрабатывающих производств» в отрасли «обрабатывающая промышленность» составил 8.5 % г/г. Источник: Минэкономразвития РФ.,Российская Федерация,РФ,2024,Year,обрабатывающая промышленность,высокая,https://www.economy.gov.ru/material/file/8aa341310b8d9fb9d1c97ae486d87979/o_dinamike_promyshlennogo_proizvodstva_itogi_2024_goda.pdf,yearly
3,"В 2017 году в регионе Приморский край показатель «оценочная стоимость проекта ССК ""Звезда""» в отрасли «судостроение» составил 145.5 млрд руб. Источник: Коммерсантъ (со ссылкой на данные компании).",Приморский край,регион_ДФО,2017,Year,судостроение,высокая,https://www.kommersant.ru/doc/7295418,yearly
4,"В 2024 году в регионе Приморский край показатель «оценка активов ССК ""Звезда"" при обсуждении сделки с ОСК» в отрасли «судостроение» составил 250 млрд руб. Источник: The Moscow Times (со ссылкой на источники РБК).",Приморский край,регион_ДФО,2024,Year,судостроение,высокая,https://ru.themoscowtimes.com/2024/11/08/update-1-rosneft-i-vtb-nachali-peregovory-o-vkhozhdenii-sudoverfi-zvezda-v-osk-a147181,yearly
5,В 2023 году в регионе Хабаровский край показатель «заявленный плановый годовой выпуск SSJ-New (С.Чемезов)» в отрасли «авиастроение» составил 20 самолётов/год. Источник: BFM.ru.,Хабаровский край,регион_ДФО,2023,Year,авиастроение,высокая,https://www.bfm.ru/news/531276,yearly
6,В 2022 году в регионе Хабаровский край показатель «доля импортных комплектующих в версии SSJ-100 до импортозамещения» в отрасли «авиастроение» составил 70 %. Источник: EastRussia.,Хабаровский край,регион_ДФО,2022,Year,авиастроение,высокая,https://www.eastrussia.ru/news/edinaya-dalnevostochnaya-aviakompaniya-poluchit-vosem-ssj-new/,yearly
7,В 2022 году в регионе Хабаровский край показатель «заявленная стоимость сборки SSJ-New (без двигателей)» в отрасли «авиастроение» составил 50 млрд руб. Источник: EastRussia.,Хабаровский край,регион_ДФО,2022,Year,авиастроение,высокая,https://www.eastrussia.ru/news/edinaya-dalnevostochnaya-aviakompaniya-poluchit-vosem-ssj-new/,yearly
8,В 2024 году в регионе Дальневосточный федеральный округ показатель «производство гражданских беспилотников в РФ выросло» в отрасли «дроностроение» составил 2.5 раз к 2023 г. Источник: ComNews.,Дальневосточный федеральный округ,округ_ДФО,2024,Year,дроностроение,высокая,https://www.comnews.ru/content/237485/2025-01-30/2025-w05/1008/drony-vzleteli-proizvodstvo-grazhdanskikh-bespilotnikov-kratno-uvelichilo,yearly
9,"В 2025 году в регионе Приморский край показатель «число резидентов Свободного порта Владивосток» в отрасли «СПВ» составил 1991 ед. Источник: rlw.gov.ru (""Паспорт региона"", со ссылкой на erdc.ru).",Приморский край,регион_ДФО,2025,Year,СПВ,высокая,https://www.rlw.gov.ru/storage/document/document_file/2025-10/21/pasport-primorskogo-kraa-4.pdf,yearly
10,"В 2025 году в регионе Приморский край показатель «заявленные инвестиции резидентов СПВ» в отрасли «СПВ» составил 1854 млрд руб. Источник: rlw.gov.ru (""Паспорт региона"").",Приморский край,регион_ДФО,2025,Year,СПВ,высокая,https://www.rlw.gov.ru/storage/document/document_file/2025-10/21/pasport-primorskogo-kraa-4.pdf,yearly
11,"В 2025 году в регионе Приморский край показатель «создаваемые рабочие места (резиденты СПВ)» в отрасли «СПВ» составил 113174 рабочих мест. Источник: rlw.gov.ru (""Паспорт региона"").",Приморский край,регион_ДФО,2025,Year,СПВ,высокая,https://www.rlw.gov.ru/storage/document/document_file/2025-10/21/pasport-primorskogo-kraa-4.pdf,yearly
12,"В 2025 году в регионе Приморский край показатель «число резидентов ТОР ""Приморье""» в отрасли «ТОР» составил 123 ед. Источник: rlw.gov.ru (""Паспорт региона"").",Приморский край,регион_ДФО,2025,Year,ТОР,высокая,https://www.rlw.gov.ru/storage/document/document_file/2025-10/21/pasport-primorskogo-kraa-4.pdf,yearly
13,"В 2025 году в регионе Приморский край показатель «заявленные инвестиции резидентов ТОР ""Приморье""» в отрасли «ТОР» составил 211.4 млрд руб. Источник: rlw.gov.ru (""Паспорт региона"").",Приморский край,регион_ДФО,2025,Year,ТОР,высокая,https://www.rlw.gov.ru/storage/document/document_file/2025-10/21/pasport-primorskogo-kraa-4.pdf,yearly
14,"В 2025 году в регионе Приморский край показатель «создаваемые рабочие места (ТОР ""Приморье"")» в отрасли «ТОР» составил 15084 рабочих мест. Источник: rlw.gov.ru (""Паспорт региона"").",Приморский край,регион_ДФО,2025,Year,ТОР,высокая,https://www.rlw.gov.ru/storage/document/document_file/2025-10/21/pasport-primorskogo-kraa-4.pdf,yearly
15,"В 2025 году в регионе Хабаровский край показатель «пополнение ТОР ""Хабаровск"" новыми резидентами по итогам 2025 г.» в отрасли «ТОР» составил 25 ед. Источник: EastRussia.",Хабаровский край,регион_ДФО,2025,Year,ТОР,высокая,https://www.eastrussia.ru/news/po-itogam-2025-goda-tor-khabarovsk-popolnilsya-25-rezidentami/,yearly
16,В 2025 году в регионе Дальневосточный федеральный округ показатель «число туристических поездок на Дальний Восток за 2025 год» в отрасли «туризм (инвестиции)» составил 7.2 млн поездок. Источник: Минтранс РФ (со ссылкой на КРДВ).,Дальневосточный федеральный округ,округ_ДФО,2025,Year,туризм (инвестиции),высокая,https://www.mintrans.gov.ru/press-center/branch-news/9073,yearly
17,В 2024 году в регионе Дальневосточный федеральный округ показатель «рост числа турпоездок к 2024 году» в отрасли «туризм (инвестиции)» составил 9 % г/г. Источник: Минтранс РФ.,Дальневосточный федеральный округ,округ_ДФО,2024,Year,туризм (инвестиции),высокая,https://www.mintrans.gov.ru/press-center/branch-news/9073,yearly
18,В 2018 году в регионе Дальневосточный федеральный округ показатель «итоги ВЭФ-2018 — подписано соглашений» в отрасли «ВЭФ» составил 175 ед. Источник: EastRussia (цитата Ю.Трутнева).,Дальневосточный федеральный округ,округ_ДФО,2018,Year,ВЭФ,высокая,https://www.eastrussia.ru/news/uchastniki-vef-zaklyuchili-175-soglasheniy-na-2-9-trln-rubley/,yearly
19,В 2018 году в регионе Дальневосточный федеральный округ показатель «итоги ВЭФ-2018 — сумма соглашений» в отрасли «ВЭФ» составил 2.9 трлн руб. Источник: EastRussia.,Дальневосточный федеральный округ,округ_ДФО,2018,Year,ВЭФ,высокая,https://www.eastrussia.ru/news/uchastniki-vef-zaklyuchili-175-soglasheniy-na-2-9-trln-rubley/,yearly
20,"В 2017 году в регионе Дальневосточный федеральный округ показатель «сумма соглашений ВЭФ-2017 (справочно, по ретроспективной цитате)» в отрасли «ВЭФ» составил 2.5 трлн руб. Источник: EastRussia (ретроспективная цитата).",Дальневосточный федеральный округ,округ_ДФО,2017,Year,ВЭФ,высокая,https://www.eastrussia.ru/news/uchastniki-vef-zaklyuchili-175-soglasheniy-na-2-9-trln-rubley/,yearly
21,В 2016 году в регионе Дальневосточный федеральный округ показатель «сумма соглашений ВЭФ-2016 (справочно)» в отрасли «ВЭФ» составил 1.8 трлн руб. Источник: EastRussia (ретроспективная цитата).,Дальневосточный федеральный округ,округ_ДФО,2016,Year,ВЭФ,высокая,https://www.eastrussia.ru/news/uchastniki-vef-zaklyuchili-175-soglasheniy-na-2-9-trln-rubley/,yearly
22,В 2015 году в регионе Дальневосточный федеральный округ показатель «сумма соглашений ВЭФ-2015 (справочно)» в отрасли «ВЭФ» составил 1.3 трлн руб. Источник: EastRussia (ретроспективная цитата).,Дальневосточный федеральный округ,округ_ДФО,2015,Year,ВЭФ,высокая,https://www.eastrussia.ru/news/uchastniki-vef-zaklyuchili-175-soglasheniy-na-2-9-trln-rubley/,yearly
23,"В 2023 году в регионе Дальневосточный федеральный округ показатель «итоги ВЭФ-2023 — подписано соглашений» в отрасли «ВЭФ» составил 373 ед. Источник: cdu.ru (Минэнерго, журнал ""ТЭК России"").",Дальневосточный федеральный округ,округ_ДФО,2023,Year,ВЭФ,высокая,https://www.cdu.ru/tek_russia/articles/3/1303,yearly
24,В 2023 году в регионе Дальневосточный федеральный округ показатель «итоги ВЭФ-2023 — сумма соглашений» в отрасли «ВЭФ» составил 3.818 трлн руб. Источник: cdu.ru.,Дальневосточный федеральный округ,округ_ДФО,2023,Year,ВЭФ,высокая,https://www.cdu.ru/tek_russia/articles/3/1303,yearly
25,В 2024 году в регионе Дальневосточный федеральный округ показатель «заключено соглашений с иностранными организациями (ВЭФ-2024)» в отрасли «ВЭФ» составил 27 ед. Источник: cdu.ru.,Дальневосточный федеральный округ,округ_ДФО,2024,Year,ВЭФ,высокая,https://www.cdu.ru/tek_russia/articles/3/1303,yearly
26,В 2025 году в регионе Дальневосточный федеральный округ показатель «итоги ВЭФ-2025 — подписано соглашений» в отрасли «ВЭФ» составил 353 ед. Источник: Finance.Mail.ru / Expert.ru (цитата А.Кобякова).,Дальневосточный федеральный округ,округ_ДФО,2025,Year,ВЭФ,высокая,https://finance.mail.ru/article/soglasheniya-6-6-trln-rubley-byli-podpisany-v-ramkah-vef-2025-67767533/,yearly
27,В 2017 году в регионе Дальневосточный федеральный округ показатель «численность населения ДФО (до присоединения Бурятии и Забайкалья)» в отрасли «демография» составил 6.2 млн чел. Источник: Власть и управление на Востоке России (со ссылкой на Росстат).,Дальневосточный федеральный округ,округ_ДФО,2017,Year,демография,высокая,https://vlastdviu.ranepa.ru/downLoad/rio/j2025-2/3.pdf,yearly
28,В 2018 году в регионе Дальневосточный федеральный округ показатель «численность населения ДФО (после присоединения Бурятии и Забайкальского края)» в отрасли «демография» составил 8.2 млн чел. Источник: Власть и управление на Востоке России.,Дальневосточный федеральный округ,округ_ДФО,2018,Year,демография,высокая,https://vlastdviu.ranepa.ru/downLoad/rio/j2025-2/3.pdf,yearly
29,"В 2025 году в регионе Хабаровский край показатель «численность населения (паспорт региона, версия от мая 2025)» в отрасли «демография» составил 1273.091 тыс. чел. Источник: rlw.gov.ru (""Паспорт региона"").",Хабаровский край,регион_ДФО,2025,Year,демография,высокая,https://www.rlw.gov.ru/storage/document/document_file/2025-05/19/pasport-habarovskij-kraj-1.pdf,yearly
30,"В 2025 году в регионе Хабаровский край показатель «численность населения (паспорт региона, версия от сентября 2025)» в отрасли «демография» составил 1273.488 тыс. чел. Источник: rlw.gov.ru (""Паспорт региона"").",Хабаровский край,регион_ДФО,2025,Year,демография,высокая,https://www.rlw.gov.ru/storage/document/document_file/2025-09/18/pasport-habarovskij-kraj-17.09.pdf,yearly
31,"В 2024 году в регионе Дальневосточный федеральный округ показатель «динамика реальных денежных доходов населения (2024 к 2023)» в отрасли «труд» составил 106,0 % г/г. Источник: EastRussia (со ссылкой на Росстат).",Дальневосточный федеральный округ,округ_ДФО,2024,Year,труд,высокая,https://www.eastrussia.ru/news/chukotka-edinstvennyy-region-dfo-v-top-3-rossii-po-dokhodam-naseleniya/,yearly
32,"В 2024 году в регионе Амурская область показатель «динамика реальных денежных доходов населения (2024 к 2023)» в отрасли «труд» составил 109,8 % г/г. Источник: EastRussia (со ссылкой на Росстат).",Амурская область,регион_ДФО,2024,Year,труд,высокая,https://www.eastrussia.ru/news/chukotka-edinstvennyy-region-dfo-v-top-3-rossii-po-dokhodam-naseleniya/,yearly
33,"В 2024 году в регионе Еврейская автономная область показатель «динамика реальных денежных доходов населения (2024 к 2023)» в отрасли «труд» составил 108,9 % г/г. Источник: EastRussia (со ссылкой на Росстат).",Еврейская автономная область,регион_ДФО,2024,Year,труд,высокая,https://www.eastrussia.ru/news/chukotka-edinstvennyy-region-dfo-v-top-3-rossii-po-dokhodam-naseleniya/,yearly
34,"В 2024 году в регионе Приморский край показатель «динамика реальных денежных доходов населения (2024 к 2023)» в отрасли «труд» составил 108,1 % г/г. Источник: EastRussia (со ссылкой на Росстат).",Приморский край,регион_ДФО,2024,Year,труд,высокая,https://www.eastrussia.ru/news/chukotka-edinstvennyy-region-dfo-v-top-3-rossii-po-dokhodam-naseleniya/,yearly
35,"В 2024 году в регионе Республика Саха (Якутия) показатель «динамика реальных денежных доходов населения (2024 к 2023)» в отрасли «труд» составил 107,2 % г/г. Источник: EastRussia (со ссылкой на Росстат).",Республика Саха (Якутия),регион_ДФО,2024,Year,труд,высокая,https://www.eastrussia.ru/news/chukotka-edinstvennyy-region-dfo-v-top-3-rossii-po-dokhodam-naseleniya/,yearly
36,"В 2024 году в регионе Забайкальский край показатель «динамика реальных денежных доходов населения (2024 к 2023)» в отрасли «труд» составил 107,0 % г/г. Источник: EastRussia (со ссылкой на Росстат).",Забайкальский край,регион_ДФО,2024,Year,труд,высокая,https://www.eastrussia.ru/news/chukotka-edinstvennyy-region-dfo-v-top-3-rossii-po-dokhodam-naseleniya/,yearly
37,"В 2024 году в регионе Республика Бурятия показатель «динамика реальных денежных доходов населения (2024 к 2023)» в отрасли «труд» составил 105,7 % г/г. Источник: EastRussia (со ссылкой на Росстат).",Республика Бурятия,регион_ДФО,2024,Year,труд,высокая,https://www.eastrussia.ru/news/chukotka-edinstvennyy-region-dfo-v-top-3-rossii-po-dokhodam-naseleniya/,yearly
38,"В 2024 году в регионе Сахалинская область показатель «динамика реальных денежных доходов населения (2024 к 2023)» в отрасли «труд» составил 105,3 % г/г. Источник: EastRussia (со ссылкой на Росстат).",Сахалинская область,регион_ДФО,2024,Year,труд,высокая,https://www.eastrussia.ru/news/chukotka-edinstvennyy-region-dfo-v-top-3-rossii-po-dokhodam-naseleniya/,yearly
39,"В 2024 году в регионе Магаданская область показатель «динамика реальных денежных доходов населения (2024 к 2023)» в отрасли «труд» составил 105,3 % г/г. Источник: EastRussia (со ссылкой на Росстат).",Магаданская область,регион_ДФО,2024,Year,труд,высокая,https://www.eastrussia.ru/news/chukotka-edinstvennyy-region-dfo-v-top-3-rossii-po-dokhodam-naseleniya/,yearly
40,"В 2024 году в регионе Хабаровский край показатель «динамика реальных денежных доходов населения (2024 к 2023)» в отрасли «труд» составил 103,3 % г/г. Источник: EastRussia (со ссылкой на Росстат).",Хабаровский край,регион_ДФО,2024,Year,труд,высокая,https://www.eastrussia.ru/news/chukotka-edinstvennyy-region-dfo-v-top-3-rossii-po-dokhodam-naseleniya/,yearly
41,"В 2024 году в регионе Чукотский автономный округ показатель «динамика реальных денежных доходов населения (2024 к 2023)» в отрасли «труд» составил 101,0 % г/г. Источник: EastRussia (со ссылкой на Росстат).",Чукотский автономный округ,регион_ДФО,2024,Year,труд,высокая,https://www.eastrussia.ru/news/chukotka-edinstvennyy-region-dfo-v-top-3-rossii-po-dokhodam-naseleniya/,yearly
42,"В 2024 году в регионе Камчатский край показатель «динамика реальных денежных доходов населения (2024 к 2023)» в отрасли «труд» составил 100,1 % г/г. Источник: EastRussia (со ссылкой на Росстат).",Камчатский край,регион_ДФО,2024,Year,труд,высокая,https://www.eastrussia.ru/news/chukotka-edinstvennyy-region-dfo-v-top-3-rossii-po-dokhodam-naseleniya/,yearly
43,"В 2016 году в регионе Камчатский край показатель «среднемесячная номинальная начисленная зарплата (годовой показатель)» в отрасли «труд» составил 61159 руб. Источник: Камчатстат (""Заработная плата работников организаций Камчатского края в 2021 году"").",Камчатский край,регион_ДФО,2016,Year,труд,высокая,https://41.rosstat.gov.ru/storage/mediabank/Заработная плата(93).pdf,yearly
44,"В 2017 году в регионе Камчатский край показатель «среднемесячная номинальная начисленная зарплата (годовой показатель)» в отрасли «труд» составил 65807 руб. Источник: Камчатстат (""Заработная плата работников организаций Камчатского края в 2021 году"").",Камчатский край,регион_ДФО,2017,Year,труд,высокая,https://41.rosstat.gov.ru/storage/mediabank/Заработная плата(93).pdf,yearly
45,"В 2018 году в регионе Камчатский край показатель «среднемесячная номинальная начисленная зарплата (годовой показатель)» в отрасли «труд» составил 73896 руб. Источник: Камчатстат (""Заработная плата работников организаций Камчатского края в 2021 году"").",Камчатский край,регион_ДФО,2018,Year,труд,высокая,https://41.rosstat.gov.ru/storage/mediabank/Заработная плата(93).pdf,yearly
46,"В 2019 году в регионе Камчатский край показатель «среднемесячная номинальная начисленная зарплата (годовой показатель)» в отрасли «труд» составил 80448 руб. Источник: Камчатстат (""Заработная плата работников организаций Камчатского края в 2021 году"").",Камчатский край,регион_ДФО,2019,Year,труд,высокая,https://41.rosstat.gov.ru/storage/mediabank/Заработная плата(93).pdf,yearly
47,"В 2020 году в регионе Камчатский край показатель «среднемесячная номинальная начисленная зарплата (годовой показатель)» в отрасли «труд» составил 85623 руб. Источник: Камчатстат (""Заработная плата работников организаций Камчатского края в 2021 году"").",Камчатский край,регион_ДФО,2020,Year,труд,высокая,https://41.rosstat.gov.ru/storage/mediabank/Заработная плата(93).pdf,yearly
48,"В 2021 году в регионе Камчатский край показатель «среднемесячная номинальная начисленная зарплата (годовой показатель)» в отрасли «труд» составил 93880 руб. Источник: Камчатстат (""Заработная плата работников организаций Камчатского края в 2021 году"").",Камчатский край,регион_ДФО,2021,Year,труд,высокая,https://41.rosstat.gov.ru/storage/mediabank/Заработная плата(93).pdf,yearly
49,В 2024 году в регионе Дальневосточный федеральный округ показатель «численность постоянного населения на 1 января 2024 г.» в отрасли «демография» составил 7851.3 тыс. чел. Источник: EastRussia (интервью директора ФАНУ «Востокгосплан» М.Кузнецова).,Дальневосточный федеральный округ,округ_ДФО,2024,Year,демография,высокая,https://www.eastrussia.ru/material/demografiya-dalnego-vostoka-razvorachivaya-trend/,yearly
50,"В 2025 году в регионе Дальневосточный федеральный округ показатель «численность постоянного населения на 1 января 2025 г.» в отрасли «демография» составил 7860.3 тыс. чел. Источник: EastRussia (Бюллетень EastRussia, со ссылкой на Росстат).",Дальневосточный федеральный округ,округ_ДФО,2025,Year,демография,высокая,https://www.eastrussia.ru/material/byulleten-eastrussia-analiticheskiy-obzor-sotsialnoy-sfery-dfo-vesna-2026/,yearly
51,"В 2019 году в регионе Дальневосточный федеральный округ показатель «коэффициент миграционного прироста/убыли (на 10 тыс. чел. населения)» в отрасли «демография» составил -13 чел. на 10 тыс. населения. Источник: Известия ДВФУ. Экономика и управление, 2025, №2 (научная статья, данные Росстата).",Дальневосточный федеральный округ,округ_ДФО,2019,Year,демография,высокая,https://journals.dvfu.ru/jem/article/download/1902/1329/7409,yearly
52,"В 2020 году в регионе Дальневосточный федеральный округ показатель «коэффициент миграционного прироста/убыли (на 10 тыс. чел. населения)» в отрасли «демография» составил -42 чел. на 10 тыс. населения. Источник: Известия ДВФУ. Экономика и управление, 2025, №2.",Дальневосточный федеральный округ,округ_ДФО,2020,Year,демография,высокая,https://journals.dvfu.ru/jem/article/download/1902/1329/7409,yearly
53,"В 2021 году в регионе Дальневосточный федеральный округ показатель «коэффициент миграционного прироста/убыли (на 10 тыс. чел. населения)» в отрасли «демография» составил -4 чел. на 10 тыс. населения. Источник: Известия ДВФУ. Экономика и управление, 2025, №2.",Дальневосточный федеральный округ,округ_ДФО,2021,Year,демография,высокая,https://journals.dvfu.ru/jem/article/download/1902/1329/7409,yearly
54,"В 2022 году в регионе Дальневосточный федеральный округ показатель «коэффициент миграционного прироста/убыли (на 10 тыс. чел. населения)» в отрасли «демография» составил -47 чел. на 10 тыс. населения. Источник: Известия ДВФУ. Экономика и управление, 2025, №2.",Дальневосточный федеральный округ,округ_ДФО,2022,Year,демография,высокая,https://journals.dvfu.ru/jem/article/download/1902/1329/7409,yearly
55,"В 2023 году в регионе Дальневосточный федеральный округ показатель «коэффициент миграционного прироста/убыли (на 10 тыс. чел. населения)» в отрасли «демография» составил -18 чел. на 10 тыс. населения. Источник: Известия ДВФУ. Экономика и управление, 2025, №2.",Дальневосточный федеральный округ,округ_ДФО,2023,Year,демография,высокая,https://journals.dvfu.ru/jem/article/download/1902/1329/7409,yearly
56,"В 2024 году в регионе Дальневосточный федеральный округ показатель «миграционная убыль (абсолютное значение, версия директора «Востокгосплана» М.Кузнецова)» в отрасли «демография» составил -14200 чел. Источник: EastRussia (интервью М.Кузнецова).",Дальневосточный федеральный округ,округ_ДФО,2024,Year,демография,высокая,https://www.eastrussia.ru/material/demografiya-dalnego-vostoka-razvorachivaya-trend/,yearly
57,В 2025 году (Q2) в регионе Забайкальский край показатель «уровень безработицы» в отрасли «труд» составил 4.2 %. Источник: EastRussia (обзор соц.-экон. показателей ДФО).,Забайкальский край,регион_ДФО,2025,Q2,труд,высокая,https://eastrussia.ru/news/na-dalnem-vostoke-snizilis-otpusknye-tseny-na-krasnuyu-ikru/,quarterly
58,В 2025 году (Q2) в регионе Амурская область показатель «уровень безработицы (самый низкий в ДФО)» в отрасли «труд» составил 1.1 %. Источник: EastRussia.,Амурская область,регион_ДФО,2025,Q2,труд,высокая,https://eastrussia.ru/news/na-dalnem-vostoke-snizilis-otpusknye-tseny-na-krasnuyu-ikru/,quarterly
59,В 2025 году (Q2) в регионе Хабаровский край показатель «уровень безработицы» в отрасли «труд» составил 1.2 %. Источник: EastRussia.,Хабаровский край,регион_ДФО,2025,Q2,труд,высокая,https://eastrussia.ru/news/na-dalnem-vostoke-snizilis-otpusknye-tseny-na-krasnuyu-ikru/,quarterly
60,В 2025 году (Q2) в регионе Российская Федерация показатель «общероссийский уровень безработицы» в отрасли «труд» составил 2.2 %. Источник: EastRussia (со ссылкой на Росстат).,Российская Федерация,РФ,2025,Q2,труд,высокая,https://eastrussia.ru/news/na-dalnem-vostoke-snizilis-otpusknye-tseny-na-krasnuyu-ikru/,quarterly
61,В 2025 году (Dec) в регионе Республика Бурятия показатель «рост среднемесячной заработной платы» в отрасли «труд» составил 14.6 % г/г. Источник: EastRussia.,Республика Бурятия,регион_ДФО,2025,Dec,труд,высокая,https://eastrussia.ru/news/yubileynyy-pyatyy-mamafest-proshel-v-khabarovske/,quarterly
62,В 2025 году (Dec) в регионе Еврейская автономная область показатель «рост среднемесячной заработной платы» в отрасли «труд» составил 13.8 % г/г. Источник: EastRussia.,Еврейская автономная область,регион_ДФО,2025,Dec,труд,высокая,https://eastrussia.ru/news/yubileynyy-pyatyy-mamafest-proshel-v-khabarovske/,quarterly
63,В 2025 году (Dec) в регионе Камчатский край показатель «рост среднемесячной заработной платы» в отрасли «труд» составил 13.0 % г/г. Источник: EastRussia.,Камчатский край,регион_ДФО,2025,Dec,труд,высокая,https://eastrussia.ru/news/yubileynyy-pyatyy-mamafest-proshel-v-khabarovske/,quarterly
64,В 2025 году (Dec) в регионе Хабаровский край показатель «рост среднемесячной заработной платы» в отрасли «труд» составил 10.8 % г/г. Источник: EastRussia.,Хабаровский край,регион_ДФО,2025,Dec,труд,высокая,https://eastrussia.ru/news/yubileynyy-pyatyy-mamafest-proshel-v-khabarovske/,quarterly
65,В 2025 году (Dec) в регионе Амурская область показатель «рост среднемесячной заработной платы» в отрасли «труд» составил 10.3 % г/г. Источник: EastRussia.,Амурская область,регион_ДФО,2025,Dec,труд,высокая,https://eastrussia.ru/news/yubileynyy-pyatyy-mamafest-proshel-v-khabarovske/,quarterly
66,В 2025 году (Dec) в регионе Приморский край показатель «рост среднемесячной заработной платы (наименьший темп в ДФО)» в отрасли «труд» составил 2.6 % г/г. Источник: EastRussia.,Приморский край,регион_ДФО,2025,Dec,труд,высокая,https://eastrussia.ru/news/yubileynyy-pyatyy-mamafest-proshel-v-khabarovske/,quarterly
67,В 2025 году (Dec) в регионе Российская Федерация показатель «общероссийский рост заработной платы» в отрасли «труд» составил 8.1 % г/г. Источник: EastRussia.,Российская Федерация,РФ,2025,Dec,труд,высокая,https://eastrussia.ru/news/yubileynyy-pyatyy-mamafest-proshel-v-khabarovske/,quarterly
68,"В 2024 году (Q1) в регионе Республика Саха (Якутия) показатель «индекс промышленного производства (январь-март 2024 к январю-марту 2023)» в отрасли «промышленность» составил 108,9 % к соотв. периоду пред. года. Источник: Амурстат / Росстат (мониторинг соц.-экон. развития регионов ДФО).",Республика Саха (Якутия),регион_ДФО,2024,Q1,промышленность,высокая,https://28.rosstat.gov.ru/storage//2024/05-03/35mLvBNi/2024_new1.pdf,quarterly
69,"В 2024 году (Q1) в регионе Камчатский край показатель «индекс промышленного производства (январь-март 2024 к январю-марту 2023)» в отрасли «промышленность» составил 108,3 % к соотв. периоду пред. года. Источник: Амурстат / Росстат (мониторинг соц.-экон. развития регионов ДФО).",Камчатский край,регион_ДФО,2024,Q1,промышленность,высокая,https://28.rosstat.gov.ru/storage//2024/05-03/35mLvBNi/2024_new1.pdf,quarterly
70,"В 2024 году (Q1) в регионе Приморский край показатель «индекс промышленного производства (январь-март 2024 к январю-марту 2023)» в отрасли «промышленность» составил 108,5 % к соотв. периоду пред. года. Источник: Амурстат / Росстат (мониторинг соц.-экон. развития регионов ДФО).",Приморский край,регион_ДФО,2024,Q1,промышленность,высокая,https://28.rosstat.gov.ru/storage//2024/05-03/35mLvBNi/2024_new1.pdf,quarterly
71,"В 2024 году (Q1) в регионе Хабаровский край показатель «индекс промышленного производства (январь-март 2024 к январю-марту 2023)» в отрасли «промышленность» составил 101,4 % к соотв. периоду пред. года. Источник: Амурстат / Росстат (мониторинг соц.-экон. развития регионов ДФО).",Хабаровский край,регион_ДФО,2024,Q1,промышленность,высокая,https://28.rosstat.gov.ru/storage//2024/05-03/35mLvBNi/2024_new1.pdf,quarterly
72,"В 2024 году (Q1) в регионе Амурская область показатель «индекс промышленного производства (январь-март 2024 к январю-марту 2023)» в отрасли «промышленность» составил 102,9 % к соотв. периоду пред. года. Источник: Амурстат / Росстат (мониторинг соц.-экон. развития регионов ДФО).",Амурская область,регион_ДФО,2024,Q1,промышленность,высокая,https://28.rosstat.gov.ru/storage//2024/05-03/35mLvBNi/2024_new1.pdf,quarterly
73,"В 2024 году (Q1) в регионе Магаданская область показатель «индекс промышленного производства (январь-март 2024 к январю-марту 2023)» в отрасли «промышленность» составил 102,8 % к соотв. периоду пред. года. Источник: Амурстат / Росстат (мониторинг соц.-экон. развития регионов ДФО).",Магаданская область,регион_ДФО,2024,Q1,промышленность,высокая,https://28.rosstat.gov.ru/storage//2024/05-03/35mLvBNi/2024_new1.pdf,quarterly
74,"В 2024 году (Q1) в регионе Сахалинская область показатель «индекс промышленного производства (январь-март 2024 к январю-марту 2023)» в отрасли «промышленность» составил 100,1 % к соотв. периоду пред. года. Источник: Амурстат / Росстат (мониторинг соц.-экон. развития регионов ДФО).",Сахалинская область,регион_ДФО,2024,Q1,промышленность,высокая,https://28.rosstat.gov.ru/storage//2024/05-03/35mLvBNi/2024_new1.pdf,quarterly
75,"В 2024 году (Q1) в регионе Еврейская автономная область показатель «индекс промышленного производства (январь-март 2024 к январю-марту 2023)» в отрасли «промышленность» составил 92,5 % к соотв. периоду пред. года. Источник: Амурстат / Росстат (мониторинг соц.-экон. развития регионов ДФО).",Еврейская автономная область,регион_ДФО,2024,Q1,промышленность,высокая,https://28.rosstat.gov.ru/storage//2024/05-03/35mLvBNi/2024_new1.pdf,quarterly
76,"В 2024 году (Q1) в регионе Чукотский автономный округ показатель «индекс промышленного производства (январь-март 2024 к январю-марту 2023)» в отрасли «промышленность» составил 114,2 % к соотв. периоду пред. года. Источник: Амурстат / Росстат (мониторинг соц.-экон. развития регионов ДФО).",Чукотский автономный округ,регион_ДФО,2024,Q1,промышленность,высокая,https://28.rosstat.gov.ru/storage//2024/05-03/35mLvBNi/2024_new1.pdf,quarterly
77,"В 2024 году (Q1) в регионе Забайкальский край показатель «индекс промышленного производства (январь-март 2024 к январю-марту 2023)» в отрасли «промышленность» составил 101,5 % к соотв. периоду пред. года. Источник: Амурстат / Росстат (мониторинг соц.-экон. развития регионов ДФО).",Забайкальский край,регион_ДФО,2024,Q1,промышленность,высокая,https://28.rosstat.gov.ru/storage//2024/05-03/35mLvBNi/2024_new1.pdf,quarterly
78,"В 2024 году (Q1) в регионе Республика Бурятия показатель «индекс промышленного производства (январь-март 2024 к январю-марту 2023)» в отрасли «промышленность» составил 108,2 % к соотв. периоду пред. года. Источник: Амурстат / Росстат (мониторинг соц.-экон. развития регионов ДФО).",Республика Бурятия,регион_ДФО,2024,Q1,промышленность,высокая,https://28.rosstat.gov.ru/storage//2024/05-03/35mLvBNi/2024_new1.pdf,quarterly
79,"В 2024 году (H1) в регионе Республика Саха (Якутия) показатель «индекс промышленного производства (январь-июнь 2024 к январю-июню 2023)» в отрасли «промышленность» составил 109,5 % к соотв. периоду пред. года. Источник: Амурстат / Росстат (мониторинг соц.-экон. развития регионов ДФО).",Республика Саха (Якутия),регион_ДФО,2024,H1,промышленность,высокая,https://28.rosstat.gov.ru/storage//2024/08-01/KJ3ZsxOl/2024_new1.pdf,quarterly
80,"В 2024 году (H1) в регионе Камчатский край показатель «индекс промышленного производства (январь-июнь 2024 к январю-июню 2023)» в отрасли «промышленность» составил 104,9 % к соотв. периоду пред. года. Источник: Амурстат / Росстат (мониторинг соц.-экон. развития регионов ДФО).",Камчатский край,регион_ДФО,2024,H1,промышленность,высокая,https://28.rosstat.gov.ru/storage//2024/08-01/KJ3ZsxOl/2024_new1.pdf,quarterly
81,"В 2024 году (H1) в регионе Приморский край показатель «индекс промышленного производства (январь-июнь 2024 к январю-июню 2023)» в отрасли «промышленность» составил 101,3 % к соотв. периоду пред. года. Источник: Амурстат / Росстат (мониторинг соц.-экон. развития регионов ДФО).",Приморский край,регион_ДФО,2024,H1,промышленность,высокая,https://28.rosstat.gov.ru/storage//2024/08-01/KJ3ZsxOl/2024_new1.pdf,quarterly
82,"В 2024 году (H1) в регионе Хабаровский край показатель «индекс промышленного производства (январь-июнь 2024 к январю-июню 2023)» в отрасли «промышленность» составил 107,9 % к соотв. периоду пред. года. Источник: Амурстат / Росстат (мониторинг соц.-экон. развития регионов ДФО).",Хабаровский край,регион_ДФО,2024,H1,промышленность,высокая,https://28.rosstat.gov.ru/storage//2024/08-01/KJ3ZsxOl/2024_new1.pdf,quarterly
83,"В 2024 году (H1) в регионе Амурская область показатель «индекс промышленного производства (январь-июнь 2024 к январю-июню 2023)» в отрасли «промышленность» составил 102,5 % к соотв. периоду пред. года. Источник: Амурстат / Росстат (мониторинг соц.-экон. развития регионов ДФО).",Амурская область,регион_ДФО,2024,H1,промышленность,высокая,https://28.rosstat.gov.ru/storage//2024/08-01/KJ3ZsxOl/2024_new1.pdf,quarterly
84,"В 2024 году (H1) в регионе Магаданская область показатель «индекс промышленного производства (январь-июнь 2024 к январю-июню 2023)» в отрасли «промышленность» составил 106,5 % к соотв. периоду пред. года. Источник: Амурстат / Росстат (мониторинг соц.-экон. развития регионов ДФО).",Магаданская область,регион_ДФО,2024,H1,промышленность,высокая,https://28.rosstat.gov.ru/storage//2024/08-01/KJ3ZsxOl/2024_new1.pdf,quarterly
85,"В 2024 году (H1) в регионе Сахалинская область показатель «индекс промышленного производства (январь-июнь 2024 к январю-июню 2023)» в отрасли «промышленность» составил 95,6 % к соотв. периоду пред. года. Источник: Амурстат / Росстат (мониторинг соц.-экон. развития регионов ДФО).",Сахалинская область,регион_ДФО,2024,H1,промышленность,высокая,https://28.rosstat.gov.ru/storage//2024/08-01/KJ3ZsxOl/2024_new1.pdf,quarterly
86,"В 2024 году (H1) в регионе Еврейская автономная область показатель «индекс промышленного производства (январь-июнь 2024 к январю-июню 2023)» в отрасли «промышленность» составил 94,2 % к соотв. периоду пред. года. Источник: Амурстат / Росстат (мониторинг соц.-экон. развития регионов ДФО).",Еврейская автономная область,регион_ДФО,2024,H1,промышленность,высокая,https://28.rosstat.gov.ru/storage//2024/08-01/KJ3ZsxOl/2024_new1.pdf,quarterly
87,"В 2024 году (H1) в регионе Чукотский автономный округ показатель «индекс промышленного производства (январь-июнь 2024 к январю-июню 2023)» в отрасли «промышленность» составил 106,3 % к соотв. периоду пред. года. Источник: Амурстат / Росстат (мониторинг соц.-экон. развития регионов ДФО).",Чукотский автономный округ,регион_ДФО,2024,H1,промышленность,высокая,https://28.rosstat.gov.ru/storage//2024/08-01/KJ3ZsxOl/2024_new1.pdf,quarterly
88,"В 2024 году (H1) в регионе Забайкальский край показатель «индекс промышленного производства (январь-июнь 2024 к январю-июню 2023)» в отрасли «промышленность» составил 102,2 % к соотв. периоду пред. года. Источник: Амурстат / Росстат (мониторинг соц.-экон. развития регионов ДФО).",Забайкальский край,регион_ДФО,2024,H1,промышленность,высокая,https://28.rosstat.gov.ru/storage//2024/08-01/KJ3ZsxOl/2024_new1.pdf,quarterly
89,"В 2024 году (H1) в регионе Республика Бурятия показатель «индекс промышленного производства (январь-июнь 2024 к январю-июню 2023)» в отрасли «промышленность» составил 115,1 % к соотв. периоду пред. года. Источник: Амурстат / Росстат (мониторинг соц.-экон. развития регионов ДФО).",Республика Бурятия,регион_ДФО,2024,H1,промышленность,высокая,https://28.rosstat.gov.ru/storage//2024/08-01/KJ3ZsxOl/2024_new1.pdf,quarterly
90,"В 2024 году (8M) в регионе Республика Саха (Якутия) показатель «индекс промышленного производства (январь-август 2024 к январю-августу 2023)» в отрасли «промышленность» составил 108,9 % к соотв. периоду пред. года. Источник: Амурстат / Росстат (мониторинг соц.-экон. развития регионов ДФО).",Республика Саха (Якутия),регион_ДФО,2024,8M,промышленность,высокая,https://28.rosstat.gov.ru/storage//2024/10-07/K5f2aBl9/2024_new1.pdf,quarterly
91,"В 2024 году (8M) в регионе Камчатский край показатель «индекс промышленного производства (январь-август 2024 к январю-августу 2023)» в отрасли «промышленность» составил 81,6 % к соотв. периоду пред. года. Источник: Амурстат / Росстат (мониторинг соц.-экон. развития регионов ДФО).",Камчатский край,регион_ДФО,2024,8M,промышленность,высокая,https://28.rosstat.gov.ru/storage//2024/10-07/K5f2aBl9/2024_new1.pdf,quarterly
92,"В 2024 году (8M) в регионе Приморский край показатель «индекс промышленного производства (январь-август 2024 к январю-августу 2023)» в отрасли «промышленность» составил 101,0 % к соотв. периоду пред. года. Источник: Амурстат / Росстат (мониторинг соц.-экон. развития регионов ДФО).",Приморский край,регион_ДФО,2024,8M,промышленность,высокая,https://28.rosstat.gov.ru/storage//2024/10-07/K5f2aBl9/2024_new1.pdf,quarterly
93,"В 2024 году (8M) в регионе Хабаровский край показатель «индекс промышленного производства (январь-август 2024 к январю-августу 2023)» в отрасли «промышленность» составил 103,8 % к соотв. периоду пред. года. Источник: Амурстат / Росстат (мониторинг соц.-экон. развития регионов ДФО).",Хабаровский край,регион_ДФО,2024,8M,промышленность,высокая,https://28.rosstat.gov.ru/storage//2024/10-07/K5f2aBl9/2024_new1.pdf,quarterly
94,"В 2024 году (8M) в регионе Амурская область показатель «индекс промышленного производства (январь-август 2024 к январю-августу 2023)» в отрасли «промышленность» составил 97,2 % к соотв. периоду пред. года. Источник: Амурстат / Росстат (мониторинг соц.-экон. развития регионов ДФО).",Амурская область,регион_ДФО,2024,8M,промышленность,высокая,https://28.rosstat.gov.ru/storage//2024/10-07/K5f2aBl9/2024_new1.pdf,quarterly
95,"В 2024 году (8M) в регионе Магаданская область показатель «индекс промышленного производства (январь-август 2024 к январю-августу 2023)» в отрасли «промышленность» составил 104,2 % к соотв. периоду пред. года. Источник: Амурстат / Росстат (мониторинг соц.-экон. развития регионов ДФО).",Магаданская область,регион_ДФО,2024,8M,промышленность,высокая,https://28.rosstat.gov.ru/storage//2024/10-07/K5f2aBl9/2024_new1.pdf,quarterly
96,"В 2024 году (8M) в регионе Сахалинская область показатель «индекс промышленного производства (январь-август 2024 к январю-августу 2023)» в отрасли «промышленность» составил 96,6 % к соотв. периоду пред. года. Источник: Амурстат / Росстат (мониторинг соц.-экон. развития регионов ДФО).",Сахалинская область,регион_ДФО,2024,8M,промышленность,высокая,https://28.rosstat.gov.ru/storage//2024/10-07/K5f2aBl9/2024_new1.pdf,quarterly
97,"В 2024 году (8M) в регионе Еврейская автономная область показатель «индекс промышленного производства (январь-август 2024 к январю-августу 2023)» в отрасли «промышленность» составил 92,7 % к соотв. периоду пред. года. Источник: Амурстат / Росстат (мониторинг соц.-экон. развития регионов ДФО).",Еврейская автономная область,регион_ДФО,2024,8M,промышленность,высокая,https://28.rosstat.gov.ru/storage//2024/10-07/K5f2aBl9/2024_new1.pdf,quarterly
98,"В 2024 году (8M) в регионе Чукотский автономный округ показатель «индекс промышленного производства (январь-август 2024 к январю-августу 2023)» в отрасли «промышленность» составил 105,9 % к соотв. периоду пред. года. Источник: Амурстат / Росстат (мониторинг соц.-экон. развития регионов ДФО).",Чукотский автономный округ,регион_ДФО,2024,8M,промышленность,высокая,https://28.rosstat.gov.ru/storage//2024/10-07/K5f2aBl9/2024_new1.pdf,quarterly
99,"В 2024 году (8M) в регионе Забайкальский край показатель «индекс промышленного производства (январь-август 2024 к январю-августу 2023)» в отрасли «промышленность» составил 102,1 % к соотв. периоду пред. года. Источник: Амурстат / Росстат (мониторинг соц.-экон. развития регионов ДФО).",Забайкальский край,регион_ДФО,2024,8M,промышленность,высокая,https://28.rosstat.gov.ru/storage//2024/10-07/K5f2aBl9/2024_new1.pdf,quarterly
100,"В 2024 году (8M) в регионе Республика Бурятия показатель «индекс промышленного производства (январь-август 2024 к январю-августу 2023)» в отрасли «промышленность» составил 111,3 % к соотв. периоду пред. года. Источник: Амурстат / Росстат (мониторинг соц.-экон. развития регионов ДФО).",Республика Бурятия,регион_ДФО,2024,8M,промышленность,высокая,https://28.rosstat.gov.ru/storage//2024/10-07/K5f2aBl9/2024_new1.pdf,quarterly
101,"В 2024 году (10M) в регионе Республика Саха (Якутия) показатель «индекс промышленного производства (январь-октябрь 2024 к январю-октябрю 2023)» в отрасли «промышленность» составил 109,7 % к соотв. периоду пред. года. Источник: Амурстат / Росстат (мониторинг соц.-экон. развития регионов ДФО).",Республика Саха (Якутия),регион_ДФО,2024,10M,промышленность,высокая,https://28.rosstat.gov.ru/storage/mediabank/2024_new1.pdf,quarterly
102,"В 2024 году (10M) в регионе Камчатский край показатель «индекс промышленного производства (январь-октябрь 2024 к январю-октябрю 2023)» в отрасли «промышленность» составил 82,5 % к соотв. периоду пред. года. Источник: Амурстат / Росстат (мониторинг соц.-экон. развития регионов ДФО).",Камчатский край,регион_ДФО,2024,10M,промышленность,высокая,https://28.rosstat.gov.ru/storage/mediabank/2024_new1.pdf,quarterly
103,"В 2024 году (10M) в регионе Приморский край показатель «индекс промышленного производства (январь-октябрь 2024 к январю-октябрю 2023)» в отрасли «промышленность» составил 105,3 % к соотв. периоду пред. года. Источник: Амурстат / Росстат (мониторинг соц.-экон. развития регионов ДФО).",Приморский край,регион_ДФО,2024,10M,промышленность,высокая,https://28.rosstat.gov.ru/storage/mediabank/2024_new1.pdf,quarterly
104,"В 2024 году (10M) в регионе Хабаровский край показатель «индекс промышленного производства (январь-октябрь 2024 к январю-октябрю 2023)» в отрасли «промышленность» составил 106,4 % к соотв. периоду пред. года. Источник: Амурстат / Росстат (мониторинг соц.-экон. развития регионов ДФО).",Хабаровский край,регион_ДФО,2024,10M,промышленность,высокая,https://28.rosstat.gov.ru/storage/mediabank/2024_new1.pdf,quarterly
105,"В 2024 году (10M) в регионе Амурская область показатель «индекс промышленного производства (январь-октябрь 2024 к январю-октябрю 2023)» в отрасли «промышленность» составил 96,4 % к соотв. периоду пред. года. Источник: Амурстат / Росстат (мониторинг соц.-экон. развития регионов ДФО).",Амурская область,регион_ДФО,2024,10M,промышленность,высокая,https://28.rosstat.gov.ru/storage/mediabank/2024_new1.pdf,quarterly
106,"В 2024 году (10M) в регионе Магаданская область показатель «индекс промышленного производства (январь-октябрь 2024 к январю-октябрю 2023)» в отрасли «промышленность» составил 103,5 % к соотв. периоду пред. года. Источник: Амурстат / Росстат (мониторинг соц.-экон. развития регионов ДФО).",Магаданская область,регион_ДФО,2024,10M,промышленность,высокая,https://28.rosstat.gov.ru/storage/mediabank/2024_new1.pdf,quarterly
107,"В 2024 году (10M) в регионе Сахалинская область показатель «индекс промышленного производства (январь-октябрь 2024 к январю-октябрю 2023)» в отрасли «промышленность» составил 97,1 % к соотв. периоду пред. года. Источник: Амурстат / Росстат (мониторинг соц.-экон. развития регионов ДФО).",Сахалинская область,регион_ДФО,2024,10M,промышленность,высокая,https://28.rosstat.gov.ru/storage/mediabank/2024_new1.pdf,quarterly
108,"В 2024 году (10M) в регионе Еврейская автономная область показатель «индекс промышленного производства (январь-октябрь 2024 к январю-октябрю 2023)» в отрасли «промышленность» составил 94,1 % к соотв. периоду пред. года. Источник: Амурстат / Росстат (мониторинг соц.-экон. развития регионов ДФО).",Еврейская автономная область,регион_ДФО,2024,10M,промышленность,высокая,https://28.rosstat.gov.ru/storage/mediabank/2024_new1.pdf,quarterly
109,"В 2024 году (10M) в регионе Чукотский автономный округ показатель «индекс промышленного производства (январь-октябрь 2024 к январю-октябрю 2023)» в отрасли «промышленность» составил 104,1 % к соотв. периоду пред. года. Источник: Амурстат / Росстат (мониторинг соц.-экон. развития регионов ДФО).",Чукотский автономный округ,регион_ДФО,2024,10M,промышленность,высокая,https://28.rosstat.gov.ru/storage/mediabank/2024_new1.pdf,quarterly
110,"В 2024 году (10M) в регионе Забайкальский край показатель «индекс промышленного производства (январь-октябрь 2024 к январю-октябрю 2023)» в отрасли «промышленность» составил 101,5 % к соотв. периоду пред. года. Источник: Амурстат / Росстат (мониторинг соц.-экон. развития регионов ДФО).",Забайкальский край,регион_ДФО,2024,10M,промышленность,высокая,https://28.rosstat.gov.ru/storage/mediabank/2024_new1.pdf,quarterly
111,"В 2024 году (10M) в регионе Республика Бурятия показатель «индекс промышленного производства (январь-октябрь 2024 к январю-октябрю 2023)» в отрасли «промышленность» составил 108,7 % к соотв. периоду пред. года. Источник: Амурстат / Росстат (мониторинг соц.-экон. развития регионов ДФО).",Республика Бурятия,регион_ДФО,2024,10M,промышленность,высокая,https://28.rosstat.gov.ru/storage/mediabank/2024_new1.pdf,quarterly
112,"В 2023 году (11M) в регионе Республика Саха (Якутия) показатель «индекс промышленного производства (январь-ноябрь 2023 к январю-ноябрю 2022)» в отрасли «промышленность» составил 100,3 % к соотв. периоду пред. года. Источник: Амурстат / Росстат (мониторинг соц.-экон. развития регионов ДФО).",Республика Саха (Якутия),регион_ДФО,2023,11M,промышленность,высокая,https://28.rosstat.gov.ru/storage//2024/01-10/oPAfYBi6/2024_new1.pdf,quarterly
113,"В 2023 году (11M) в регионе Камчатский край показатель «индекс промышленного производства (январь-ноябрь 2023 к январю-ноябрю 2022)» в отрасли «промышленность» составил 131,7 % к соотв. периоду пред. года. Источник: Амурстат / Росстат (мониторинг соц.-экон. развития регионов ДФО).",Камчатский край,регион_ДФО,2023,11M,промышленность,высокая,https://28.rosstat.gov.ru/storage//2024/01-10/oPAfYBi6/2024_new1.pdf,quarterly
114,"В 2023 году (11M) в регионе Приморский край показатель «индекс промышленного производства (январь-ноябрь 2023 к январю-ноябрю 2022)» в отрасли «промышленность» составил 93,5 % к соотв. периоду пред. года. Источник: Амурстат / Росстат (мониторинг соц.-экон. развития регионов ДФО).",Приморский край,регион_ДФО,2023,11M,промышленность,высокая,https://28.rosstat.gov.ru/storage//2024/01-10/oPAfYBi6/2024_new1.pdf,quarterly
115,"В 2023 году (11M) в регионе Хабаровский край показатель «индекс промышленного производства (январь-ноябрь 2023 к январю-ноябрю 2022)» в отрасли «промышленность» составил 96,0 % к соотв. периоду пред. года. Источник: Амурстат / Росстат (мониторинг соц.-экон. развития регионов ДФО).",Хабаровский край,регион_ДФО,2023,11M,промышленность,высокая,https://28.rosstat.gov.ru/storage//2024/01-10/oPAfYBi6/2024_new1.pdf,quarterly
116,"В 2023 году (11M) в регионе Амурская область показатель «индекс промышленного производства (январь-ноябрь 2023 к январю-ноябрю 2022)» в отрасли «промышленность» составил 94,8 % к соотв. периоду пред. года. Источник: Амурстат / Росстат (мониторинг соц.-экон. развития регионов ДФО).",Амурская область,регион_ДФО,2023,11M,промышленность,высокая,https://28.rosstat.gov.ru/storage//2024/01-10/oPAfYBi6/2024_new1.pdf,quarterly
117,"В 2023 году (11M) в регионе Магаданская область показатель «индекс промышленного производства (январь-ноябрь 2023 к январю-ноябрю 2022)» в отрасли «промышленность» составил 92,7 % к соотв. периоду пред. года. Источник: Амурстат / Росстат (мониторинг соц.-экон. развития регионов ДФО).",Магаданская область,регион_ДФО,2023,11M,промышленность,высокая,https://28.rosstat.gov.ru/storage//2024/01-10/oPAfYBi6/2024_new1.pdf,quarterly
118,"В 2023 году (11M) в регионе Сахалинская область показатель «индекс промышленного производства (январь-ноябрь 2023 к январю-ноябрю 2022)» в отрасли «промышленность» составил 117,6 % к соотв. периоду пред. года. Источник: Амурстат / Росстат (мониторинг соц.-экон. развития регионов ДФО).",Сахалинская область,регион_ДФО,2023,11M,промышленность,высокая,https://28.rosstat.gov.ru/storage//2024/01-10/oPAfYBi6/2024_new1.pdf,quarterly
119,"В 2023 году (11M) в регионе Еврейская автономная область показатель «индекс промышленного производства (январь-ноябрь 2023 к январю-ноябрю 2022)» в отрасли «промышленность» составил 94,2 % к соотв. периоду пред. года. Источник: Амурстат / Росстат (мониторинг соц.-экон. развития регионов ДФО).",Еврейская автономная область,регион_ДФО,2023,11M,промышленность,высокая,https://28.rosstat.gov.ru/storage//2024/01-10/oPAfYBi6/2024_new1.pdf,quarterly
120,"В 2023 году (11M) в регионе Чукотский автономный округ показатель «индекс промышленного производства (январь-ноябрь 2023 к январю-ноябрю 2022)» в отрасли «промышленность» составил 106,8 % к соотв. периоду пред. года. Источник: Амурстат / Росстат (мониторинг соц.-экон. развития регионов ДФО).",Чукотский автономный округ,регион_ДФО,2023,11M,промышленность,высокая,https://28.rosstat.gov.ru/storage//2024/01-10/oPAfYBi6/2024_new1.pdf,quarterly
121,"В 2023 году (11M) в регионе Забайкальский край показатель «индекс промышленного производства (январь-ноябрь 2023 к январю-ноябрю 2022)» в отрасли «промышленность» составил 101,9 % к соотв. периоду пред. года. Источник: Амурстат / Росстат (мониторинг соц.-экон. развития регионов ДФО).",Забайкальский край,регион_ДФО,2023,11M,промышленность,высокая,https://28.rosstat.gov.ru/storage//2024/01-10/oPAfYBi6/2024_new1.pdf,quarterly
122,"В 2023 году (11M) в регионе Республика Бурятия показатель «индекс промышленного производства (январь-ноябрь 2023 к январю-ноябрю 2022)» в отрасли «промышленность» составил 96,8 % к соотв. периоду пред. года. Источник: Амурстат / Росстат (мониторинг соц.-экон. развития регионов ДФО).",Республика Бурятия,регион_ДФО,2023,11M,промышленность,высокая,https://28.rosstat.gov.ru/storage//2024/01-10/oPAfYBi6/2024_new1.pdf,quarterly
123,"В 2023 году (Q1) в регионе Республика Саха (Якутия) показатель «индекс промышленного производства (январь-март 2023 к январю-марту 2022)» в отрасли «промышленность» составил 103,7 % к соотв. периоду пред. года. Источник: Амурстат / Росстат (мониторинг соц.-экон. развития регионов ДФО).",Республика Саха (Якутия),регион_ДФО,2023,Q1,промышленность,высокая,https://28.rosstat.gov.ru/storage//2023/05-04/dD8ByBdb/new1_2023.pdf,quarterly
124,"В 2023 году (Q1) в регионе Камчатский край показатель «индекс промышленного производства (январь-март 2023 к январю-марту 2022)» в отрасли «промышленность» составил 115,8 % к соотв. периоду пред. года. Источник: Амурстат / Росстат (мониторинг соц.-экон. развития регионов ДФО).",Камчатский край,регион_ДФО,2023,Q1,промышленность,высокая,https://28.rosstat.gov.ru/storage//2023/05-04/dD8ByBdb/new1_2023.pdf,quarterly
125,"В 2023 году (Q1) в регионе Приморский край показатель «индекс промышленного производства (январь-март 2023 к январю-марту 2022)» в отрасли «промышленность» составил 85,6 % к соотв. периоду пред. года. Источник: Амурстат / Росстат (мониторинг соц.-экон. развития регионов ДФО).",Приморский край,регион_ДФО,2023,Q1,промышленность,высокая,https://28.rosstat.gov.ru/storage//2023/05-04/dD8ByBdb/new1_2023.pdf,quarterly
126,"В 2023 году (Q1) в регионе Хабаровский край показатель «индекс промышленного производства (январь-март 2023 к январю-марту 2022)» в отрасли «промышленность» составил 98,1 % к соотв. периоду пред. года. Источник: Амурстат / Росстат (мониторинг соц.-экон. развития регионов ДФО).",Хабаровский край,регион_ДФО,2023,Q1,промышленность,высокая,https://28.rosstat.gov.ru/storage//2023/05-04/dD8ByBdb/new1_2023.pdf,quarterly
127,"В 2023 году (Q1) в регионе Амурская область показатель «индекс промышленного производства (январь-март 2023 к январю-марту 2022)» в отрасли «промышленность» составил 99,3 % к соотв. периоду пред. года. Источник: Амурстат / Росстат (мониторинг соц.-экон. развития регионов ДФО).",Амурская область,регион_ДФО,2023,Q1,промышленность,высокая,https://28.rosstat.gov.ru/storage//2023/05-04/dD8ByBdb/new1_2023.pdf,quarterly
128,"В 2023 году (Q1) в регионе Магаданская область показатель «индекс промышленного производства (январь-март 2023 к январю-марту 2022)» в отрасли «промышленность» составил 95,8 % к соотв. периоду пред. года. Источник: Амурстат / Росстат (мониторинг соц.-экон. развития регионов ДФО).",Магаданская область,регион_ДФО,2023,Q1,промышленность,высокая,https://28.rosstat.gov.ru/storage//2023/05-04/dD8ByBdb/new1_2023.pdf,quarterly
129,"В 2023 году (Q1) в регионе Сахалинская область показатель «индекс промышленного производства (январь-март 2023 к январю-марту 2022)» в отрасли «промышленность» составил 89,8 % к соотв. периоду пред. года. Источник: Амурстат / Росстат (мониторинг соц.-экон. развития регионов ДФО).",Сахалинская область,регион_ДФО,2023,Q1,промышленность,высокая,https://28.rosstat.gov.ru/storage//2023/05-04/dD8ByBdb/new1_2023.pdf,quarterly
130,"В 2023 году (Q1) в регионе Еврейская автономная область показатель «индекс промышленного производства (январь-март 2023 к январю-марту 2022)» в отрасли «промышленность» составил 103,7 % к соотв. периоду пред. года. Источник: Амурстат / Росстат (мониторинг соц.-экон. развития регионов ДФО).",Еврейская автономная область,регион_ДФО,2023,Q1,промышленность,высокая,https://28.rosstat.gov.ru/storage//2023/05-04/dD8ByBdb/new1_2023.pdf,quarterly
131,"В 2023 году (Q1) в регионе Чукотский автономный округ показатель «индекс промышленного производства (январь-март 2023 к январю-марту 2022)» в отрасли «промышленность» составил 98,3 % к соотв. периоду пред. года. Источник: Амурстат / Росстат (мониторинг соц.-экон. развития регионов ДФО).",Чукотский автономный округ,регион_ДФО,2023,Q1,промышленность,высокая,https://28.rosstat.gov.ru/storage//2023/05-04/dD8ByBdb/new1_2023.pdf,quarterly
132,"В 2023 году (Q1) в регионе Забайкальский край показатель «индекс промышленного производства (январь-март 2023 к январю-марту 2022)» в отрасли «промышленность» составил 103,3 % к соотв. периоду пред. года. Источник: Амурстат / Росстат (мониторинг соц.-экон. развития регионов ДФО).",Забайкальский край,регион_ДФО,2023,Q1,промышленность,высокая,https://28.rosstat.gov.ru/storage//2023/05-04/dD8ByBdb/new1_2023.pdf,quarterly
133,"В 2023 году (Q1) в регионе Республика Бурятия показатель «индекс промышленного производства (январь-март 2023 к январю-марту 2022)» в отрасли «промышленность» составил 95,8 % к соотв. периоду пред. года. Источник: Амурстат / Росстат (мониторинг соц.-экон. развития регионов ДФО).",Республика Бурятия,регион_ДФО,2023,Q1,промышленность,высокая,https://28.rosstat.gov.ru/storage//2023/05-04/dD8ByBdb/new1_2023.pdf,quarterly
134,"В 2024 году (Feb) в регионе Республика Саха (Якутия) показатель «среднемесячная номинальная начисленная зарплата (февраль 2024)» в отрасли «труд» составил 108958,4 руб. Источник: Амурстат / Росстат (мониторинг соц.-экон. развития регионов ДФО).",Республика Саха (Якутия),регион_ДФО,2024,Feb,труд,высокая,https://28.rosstat.gov.ru/storage//2024/05-03/35mLvBNi/2024_new1.pdf,quarterly
135,"В 2024 году (Feb) в регионе Камчатский край показатель «среднемесячная номинальная начисленная зарплата (февраль 2024)» в отрасли «труд» составил 112099,7 руб. Источник: Амурстат / Росстат (мониторинг соц.-экон. развития регионов ДФО).",Камчатский край,регион_ДФО,2024,Feb,труд,высокая,https://28.rosstat.gov.ru/storage//2024/05-03/35mLvBNi/2024_new1.pdf,quarterly
136,"В 2024 году (Feb) в регионе Приморский край показатель «среднемесячная номинальная начисленная зарплата (февраль 2024)» в отрасли «труд» составил 75076,3 руб. Источник: Амурстат / Росстат (мониторинг соц.-экон. развития регионов ДФО).",Приморский край,регион_ДФО,2024,Feb,труд,высокая,https://28.rosstat.gov.ru/storage//2024/05-03/35mLvBNi/2024_new1.pdf,quarterly
137,"В 2024 году (Feb) в регионе Хабаровский край показатель «среднемесячная номинальная начисленная зарплата (февраль 2024)» в отрасли «труд» составил 75167,0 руб. Источник: Амурстат / Росстат (мониторинг соц.-экон. развития регионов ДФО).",Хабаровский край,регион_ДФО,2024,Feb,труд,высокая,https://28.rosstat.gov.ru/storage//2024/05-03/35mLvBNi/2024_new1.pdf,quarterly
138,"В 2024 году (Feb) в регионе Амурская область показатель «среднемесячная номинальная начисленная зарплата (февраль 2024)» в отрасли «труд» составил 74947,5 руб. Источник: Амурстат / Росстат (мониторинг соц.-экон. развития регионов ДФО).",Амурская область,регион_ДФО,2024,Feb,труд,высокая,https://28.rosstat.gov.ru/storage//2024/05-03/35mLvBNi/2024_new1.pdf,quarterly
139,"В 2024 году (Feb) в регионе Магаданская область показатель «среднемесячная номинальная начисленная зарплата (февраль 2024)» в отрасли «труд» составил 150357,8 руб. Источник: Амурстат / Росстат (мониторинг соц.-экон. развития регионов ДФО).",Магаданская область,регион_ДФО,2024,Feb,труд,высокая,https://28.rosstat.gov.ru/storage//2024/05-03/35mLvBNi/2024_new1.pdf,quarterly
140,"В 2024 году (Feb) в регионе Сахалинская область показатель «среднемесячная номинальная начисленная зарплата (февраль 2024)» в отрасли «труд» составил 134069,0 руб. Источник: Амурстат / Росстат (мониторинг соц.-экон. развития регионов ДФО).",Сахалинская область,регион_ДФО,2024,Feb,труд,высокая,https://28.rosstat.gov.ru/storage//2024/05-03/35mLvBNi/2024_new1.pdf,quarterly
141,"В 2024 году (Feb) в регионе Еврейская автономная область показатель «среднемесячная номинальная начисленная зарплата (февраль 2024)» в отрасли «труд» составил 66927,9 руб. Источник: Амурстат / Росстат (мониторинг соц.-экон. развития регионов ДФО).",Еврейская автономная область,регион_ДФО,2024,Feb,труд,высокая,https://28.rosstat.gov.ru/storage//2024/05-03/35mLvBNi/2024_new1.pdf,quarterly
142,"В 2024 году (Feb) в регионе Чукотский автономный округ показатель «среднемесячная номинальная начисленная зарплата (февраль 2024)» в отрасли «труд» составил 162543,0 руб. Источник: Амурстат / Росстат (мониторинг соц.-экон. развития регионов ДФО).",Чукотский автономный округ,регион_ДФО,2024,Feb,труд,высокая,https://28.rosstat.gov.ru/storage//2024/05-03/35mLvBNi/2024_new1.pdf,quarterly
143,"В 2024 году (Feb) в регионе Забайкальский край показатель «среднемесячная номинальная начисленная зарплата (февраль 2024)» в отрасли «труд» составил 71526,2 руб. Источник: Амурстат / Росстат (мониторинг соц.-экон. развития регионов ДФО).",Забайкальский край,регион_ДФО,2024,Feb,труд,высокая,https://28.rosstat.gov.ru/storage//2024/05-03/35mLvBNi/2024_new1.pdf,quarterly
144,"В 2024 году (Feb) в регионе Республика Бурятия показатель «среднемесячная номинальная начисленная зарплата (февраль 2024)» в отрасли «труд» составил 63363,2 руб. Источник: Амурстат / Росстат (мониторинг соц.-экон. развития регионов ДФО).",Республика Бурятия,регион_ДФО,2024,Feb,труд,высокая,https://28.rosstat.gov.ru/storage//2024/05-03/35mLvBNi/2024_new1.pdf,quarterly
145,"В 2024 году (May) в регионе Республика Саха (Якутия) показатель «среднемесячная номинальная начисленная зарплата (май 2024)» в отрасли «труд» составил 138666,7 руб. Источник: Амурстат / Росстат (мониторинг соц.-экон. развития регионов ДФО).",Республика Саха (Якутия),регион_ДФО,2024,May,труд,высокая,https://28.rosstat.gov.ru/storage//2024/08-01/KJ3ZsxOl/2024_new1.pdf,quarterly
146,"В 2024 году (May) в регионе Камчатский край показатель «среднемесячная номинальная начисленная зарплата (май 2024)» в отрасли «труд» составил 157067,1 руб. Источник: Амурстат / Росстат (мониторинг соц.-экон. развития регионов ДФО).",Камчатский край,регион_ДФО,2024,May,труд,высокая,https://28.rosstat.gov.ru/storage//2024/08-01/KJ3ZsxOl/2024_new1.pdf,quarterly
147,"В 2024 году (May) в регионе Приморский край показатель «среднемесячная номинальная начисленная зарплата (май 2024)» в отрасли «труд» составил 85332,3 руб. Источник: Амурстат / Росстат (мониторинг соц.-экон. развития регионов ДФО).",Приморский край,регион_ДФО,2024,May,труд,высокая,https://28.rosstat.gov.ru/storage//2024/08-01/KJ3ZsxOl/2024_new1.pdf,quarterly
148,"В 2024 году (May) в регионе Хабаровский край показатель «среднемесячная номинальная начисленная зарплата (май 2024)» в отрасли «труд» составил 83411,0 руб. Источник: Амурстат / Росстат (мониторинг соц.-экон. развития регионов ДФО).",Хабаровский край,регион_ДФО,2024,May,труд,высокая,https://28.rosstat.gov.ru/storage//2024/08-01/KJ3ZsxOl/2024_new1.pdf,quarterly
149,"В 2024 году (May) в регионе Амурская область показатель «среднемесячная номинальная начисленная зарплата (май 2024)» в отрасли «труд» составил 86899,9 руб. Источник: Амурстат / Росстат (мониторинг соц.-экон. развития регионов ДФО).",Амурская область,регион_ДФО,2024,May,труд,высокая,https://28.rosstat.gov.ru/storage//2024/08-01/KJ3ZsxOl/2024_new1.pdf,quarterly
150,"В 2024 году (May) в регионе Магаданская область показатель «среднемесячная номинальная начисленная зарплата (май 2024)» в отрасли «труд» составил 152829,4 руб. Источник: Амурстат / Росстат (мониторинг соц.-экон. развития регионов ДФО).",Магаданская область,регион_ДФО,2024,May,труд,высокая,https://28.rosstat.gov.ru/storage//2024/08-01/KJ3ZsxOl/2024_new1.pdf,quarterly
151,"В 2024 году (May) в регионе Сахалинская область показатель «среднемесячная номинальная начисленная зарплата (май 2024)» в отрасли «труд» составил 134250,0 руб. Источник: Амурстат / Росстат (мониторинг соц.-экон. развития регионов ДФО).",Сахалинская область,регион_ДФО,2024,May,труд,высокая,https://28.rosstat.gov.ru/storage//2024/08-01/KJ3ZsxOl/2024_new1.pdf,quarterly
152,"В 2024 году (May) в регионе Еврейская автономная область показатель «среднемесячная номинальная начисленная зарплата (май 2024)» в отрасли «труд» составил 77505,6 руб. Источник: Амурстат / Росстат (мониторинг соц.-экон. развития регионов ДФО).",Еврейская автономная область,регион_ДФО,2024,May,труд,высокая,https://28.rosstat.gov.ru/storage//2024/08-01/KJ3ZsxOl/2024_new1.pdf,quarterly
153,"В 2024 году (May) в регионе Чукотский автономный округ показатель «среднемесячная номинальная начисленная зарплата (май 2024)» в отрасли «труд» составил 194469,0 руб. Источник: Амурстат / Росстат (мониторинг соц.-экон. развития регионов ДФО).",Чукотский автономный округ,регион_ДФО,2024,May,труд,высокая,https://28.rosstat.gov.ru/storage//2024/08-01/KJ3ZsxOl/2024_new1.pdf,quarterly
154,"В 2024 году (May) в регионе Забайкальский край показатель «среднемесячная номинальная начисленная зарплата (май 2024)» в отрасли «труд» составил 83387,4 руб. Источник: Амурстат / Росстат (мониторинг соц.-экон. развития регионов ДФО).",Забайкальский край,регион_ДФО,2024,May,труд,высокая,https://28.rosstat.gov.ru/storage//2024/08-01/KJ3ZsxOl/2024_new1.pdf,quarterly
155,"В 2024 году (May) в регионе Республика Бурятия показатель «среднемесячная номинальная начисленная зарплата (май 2024)» в отрасли «труд» составил 73984,4 руб. Источник: Амурстат / Росстат (мониторинг соц.-экон. развития регионов ДФО).",Республика Бурятия,регион_ДФО,2024,May,труд,высокая,https://28.rosstat.gov.ru/storage//2024/08-01/KJ3ZsxOl/2024_new1.pdf,quarterly
156,"В 2024 году (Jul) в регионе Республика Саха (Якутия) показатель «среднемесячная номинальная начисленная зарплата (июль 2024)» в отрасли «труд» составил 115590,7 руб. Источник: Амурстат / Росстат (мониторинг соц.-экон. развития регионов ДФО).",Республика Саха (Якутия),регион_ДФО,2024,Jul,труд,высокая,https://28.rosstat.gov.ru/storage//2024/10-07/K5f2aBl9/2024_new1.pdf,quarterly
157,"В 2024 году (Jul) в регионе Камчатский край показатель «среднемесячная номинальная начисленная зарплата (июль 2024)» в отрасли «труд» составил 118589,5 руб. Источник: Амурстат / Росстат (мониторинг соц.-экон. развития регионов ДФО).",Камчатский край,регион_ДФО,2024,Jul,труд,высокая,https://28.rosstat.gov.ru/storage//2024/10-07/K5f2aBl9/2024_new1.pdf,quarterly
158,"В 2024 году (Jul) в регионе Приморский край показатель «среднемесячная номинальная начисленная зарплата (июль 2024)» в отрасли «труд» составил 83785,5 руб. Источник: Амурстат / Росстат (мониторинг соц.-экон. развития регионов ДФО).",Приморский край,регион_ДФО,2024,Jul,труд,высокая,https://28.rosstat.gov.ru/storage//2024/10-07/K5f2aBl9/2024_new1.pdf,quarterly
159,"В 2024 году (Jul) в регионе Хабаровский край показатель «среднемесячная номинальная начисленная зарплата (июль 2024)» в отрасли «труд» составил 84891,0 руб. Источник: Амурстат / Росстат (мониторинг соц.-экон. развития регионов ДФО).",Хабаровский край,регион_ДФО,2024,Jul,труд,высокая,https://28.rosstat.gov.ru/storage//2024/10-07/K5f2aBl9/2024_new1.pdf,quarterly
160,"В 2024 году (Jul) в регионе Амурская область показатель «среднемесячная номинальная начисленная зарплата (июль 2024)» в отрасли «труд» составил 83623,3 руб. Источник: Амурстат / Росстат (мониторинг соц.-экон. развития регионов ДФО).",Амурская область,регион_ДФО,2024,Jul,труд,высокая,https://28.rosstat.gov.ru/storage//2024/10-07/K5f2aBl9/2024_new1.pdf,quarterly
161,"В 2024 году (Jul) в регионе Магаданская область показатель «среднемесячная номинальная начисленная зарплата (июль 2024)» в отрасли «труд» составил 143367,2 руб. Источник: Амурстат / Росстат (мониторинг соц.-экон. развития регионов ДФО).",Магаданская область,регион_ДФО,2024,Jul,труд,высокая,https://28.rosstat.gov.ru/storage//2024/10-07/K5f2aBl9/2024_new1.pdf,quarterly
162,"В 2024 году (Jul) в регионе Сахалинская область показатель «среднемесячная номинальная начисленная зарплата (июль 2024)» в отрасли «труд» составил 129795,0 руб. Источник: Амурстат / Росстат (мониторинг соц.-экон. развития регионов ДФО).",Сахалинская область,регион_ДФО,2024,Jul,труд,высокая,https://28.rosstat.gov.ru/storage//2024/10-07/K5f2aBl9/2024_new1.pdf,quarterly
163,"В 2024 году (Jul) в регионе Еврейская автономная область показатель «среднемесячная номинальная начисленная зарплата (июль 2024)» в отрасли «труд» составил 79021,3 руб. Источник: Амурстат / Росстат (мониторинг соц.-экон. развития регионов ДФО).",Еврейская автономная область,регион_ДФО,2024,Jul,труд,высокая,https://28.rosstat.gov.ru/storage//2024/10-07/K5f2aBl9/2024_new1.pdf,quarterly
164,"В 2024 году (Jul) в регионе Чукотский автономный округ показатель «среднемесячная номинальная начисленная зарплата (июль 2024)» в отрасли «труд» составил 181435,0 руб. Источник: Амурстат / Росстат (мониторинг соц.-экон. развития регионов ДФО).",Чукотский автономный округ,регион_ДФО,2024,Jul,труд,высокая,https://28.rosstat.gov.ru/storage//2024/10-07/K5f2aBl9/2024_new1.pdf,quarterly
165,"В 2024 году (Jul) в регионе Забайкальский край показатель «среднемесячная номинальная начисленная зарплата (июль 2024)» в отрасли «труд» составил 80592,4 руб. Источник: Амурстат / Росстат (мониторинг соц.-экон. развития регионов ДФО).",Забайкальский край,регион_ДФО,2024,Jul,труд,высокая,https://28.rosstat.gov.ru/storage//2024/10-07/K5f2aBl9/2024_new1.pdf,quarterly
166,"В 2024 году (Jul) в регионе Республика Бурятия показатель «среднемесячная номинальная начисленная зарплата (июль 2024)» в отрасли «труд» составил 68998,8 руб. Источник: Амурстат / Росстат (мониторинг соц.-экон. развития регионов ДФО).",Республика Бурятия,регион_ДФО,2024,Jul,труд,высокая,https://28.rosstat.gov.ru/storage//2024/10-07/K5f2aBl9/2024_new1.pdf,quarterly
167,"В 2024 году (Sep) в регионе Республика Саха (Якутия) показатель «среднемесячная номинальная начисленная зарплата (сентябрь 2024)» в отрасли «труд» составил 116898,9 руб. Источник: Амурстат / Росстат (мониторинг соц.-экон. развития регионов ДФО).",Республика Саха (Якутия),регион_ДФО,2024,Sep,труд,высокая,https://28.rosstat.gov.ru/storage/mediabank/2024_new1.pdf,quarterly
168,"В 2024 году (Sep) в регионе Камчатский край показатель «среднемесячная номинальная начисленная зарплата (сентябрь 2024)» в отрасли «труд» составил 137593,0 руб. Источник: Амурстат / Росстат (мониторинг соц.-экон. развития регионов ДФО).",Камчатский край,регион_ДФО,2024,Sep,труд,высокая,https://28.rosstat.gov.ru/storage/mediabank/2024_new1.pdf,quarterly
169,"В 2024 году (Sep) в регионе Приморский край показатель «среднемесячная номинальная начисленная зарплата (сентябрь 2024)» в отрасли «труд» составил 80868,3 руб. Источник: Амурстат / Росстат (мониторинг соц.-экон. развития регионов ДФО).",Приморский край,регион_ДФО,2024,Sep,труд,высокая,https://28.rosstat.gov.ru/storage/mediabank/2024_new1.pdf,quarterly
170,"В 2024 году (Sep) в регионе Хабаровский край показатель «среднемесячная номинальная начисленная зарплата (сентябрь 2024)» в отрасли «труд» составил 83986,0 руб. Источник: Амурстат / Росстат (мониторинг соц.-экон. развития регионов ДФО).",Хабаровский край,регион_ДФО,2024,Sep,труд,высокая,https://28.rosstat.gov.ru/storage/mediabank/2024_new1.pdf,quarterly
171,"В 2024 году (Sep) в регионе Амурская область показатель «среднемесячная номинальная начисленная зарплата (сентябрь 2024)» в отрасли «труд» составил 83315,6 руб. Источник: Амурстат / Росстат (мониторинг соц.-экон. развития регионов ДФО).",Амурская область,регион_ДФО,2024,Sep,труд,высокая,https://28.rosstat.gov.ru/storage/mediabank/2024_new1.pdf,quarterly
172,"В 2024 году (Sep) в регионе Магаданская область показатель «среднемесячная номинальная начисленная зарплата (сентябрь 2024)» в отрасли «труд» составил 132048,9 руб. Источник: Амурстат / Росстат (мониторинг соц.-экон. развития регионов ДФО).",Магаданская область,регион_ДФО,2024,Sep,труд,высокая,https://28.rosstat.gov.ru/storage/mediabank/2024_new1.pdf,quarterly
173,"В 2024 году (Sep) в регионе Сахалинская область показатель «среднемесячная номинальная начисленная зарплата (сентябрь 2024)» в отрасли «труд» составил 123349,0 руб. Источник: Амурстат / Росстат (мониторинг соц.-экон. развития регионов ДФО).",Сахалинская область,регион_ДФО,2024,Sep,труд,высокая,https://28.rosstat.gov.ru/storage/mediabank/2024_new1.pdf,quarterly
174,"В 2024 году (Sep) в регионе Еврейская автономная область показатель «среднемесячная номинальная начисленная зарплата (сентябрь 2024)» в отрасли «труд» составил 73316,0 руб. Источник: Амурстат / Росстат (мониторинг соц.-экон. развития регионов ДФО).",Еврейская автономная область,регион_ДФО,2024,Sep,труд,высокая,https://28.rosstat.gov.ru/storage/mediabank/2024_new1.pdf,quarterly
175,"В 2024 году (Sep) в регионе Чукотский автономный округ показатель «среднемесячная номинальная начисленная зарплата (сентябрь 2024)» в отрасли «труд» составил 170017,0 руб. Источник: Амурстат / Росстат (мониторинг соц.-экон. развития регионов ДФО).",Чукотский автономный округ,регион_ДФО,2024,Sep,труд,высокая,https://28.rosstat.gov.ru/storage/mediabank/2024_new1.pdf,quarterly
176,"В 2024 году (Sep) в регионе Забайкальский край показатель «среднемесячная номинальная начисленная зарплата (сентябрь 2024)» в отрасли «труд» составил 81793,1 руб. Источник: Амурстат / Росстат (мониторинг соц.-экон. развития регионов ДФО).",Забайкальский край,регион_ДФО,2024,Sep,труд,высокая,https://28.rosstat.gov.ru/storage/mediabank/2024_new1.pdf,quarterly
177,"В 2024 году (Sep) в регионе Республика Бурятия показатель «среднемесячная номинальная начисленная зарплата (сентябрь 2024)» в отрасли «труд» составил 69916,9 руб. Источник: Амурстат / Росстат (мониторинг соц.-экон. развития регионов ДФО).",Республика Бурятия,регион_ДФО,2024,Sep,труд,высокая,https://28.rosstat.gov.ru/storage/mediabank/2024_new1.pdf,quarterly
178,"В 2024 году (5M) в регионе Республика Бурятия показатель «индекс промышленного производства (январь-май 2024 к январю-маю 2023)» в отрасли «промышленность» составил 115,7 % к соотв. периоду пред. года. Источник: Хабаровскстат (бюллетень ""Промышленное производство"").",Республика Бурятия,регион_ДФО,2024,5M,промышленность,высокая,https://27.rosstat.gov.ru/storage/mediabank/ИАМ Хаб.край(1).pdf,quarterly
179,"В 2024 году (5M) в регионе Республика Саха (Якутия) показатель «индекс промышленного производства (январь-май 2024 к январю-маю 2023)» в отрасли «промышленность» составил 110,0 % к соотв. периоду пред. года. Источник: Хабаровскстат (бюллетень ""Промышленное производство"").",Республика Саха (Якутия),регион_ДФО,2024,5M,промышленность,высокая,https://27.rosstat.gov.ru/storage/mediabank/ИАМ Хаб.край(1).pdf,quarterly
180,"В 2024 году (5M) в регионе Чукотский автономный округ показатель «индекс промышленного производства (январь-май 2024 к январю-маю 2023)» в отрасли «промышленность» составил 107,8 % к соотв. периоду пред. года. Источник: Хабаровскстат (бюллетень ""Промышленное производство"").",Чукотский автономный округ,регион_ДФО,2024,5M,промышленность,высокая,https://27.rosstat.gov.ru/storage/mediabank/ИАМ Хаб.край(1).pdf,quarterly
181,"В 2024 году (5M) в регионе Хабаровский край показатель «индекс промышленного производства (январь-май 2024 к январю-маю 2023)» в отрасли «промышленность» составил 106,6 % к соотв. периоду пред. года. Источник: Хабаровскстат (бюллетень ""Промышленное производство"").",Хабаровский край,регион_ДФО,2024,5M,промышленность,высокая,https://27.rosstat.gov.ru/storage/mediabank/ИАМ Хаб.край(1).pdf,quarterly
182,"В 2024 году (5M) в регионе Амурская область показатель «индекс промышленного производства (январь-май 2024 к январю-маю 2023)» в отрасли «промышленность» составил 105,9 % к соотв. периоду пред. года. Источник: Хабаровскстат (бюллетень ""Промышленное производство"").",Амурская область,регион_ДФО,2024,5M,промышленность,высокая,https://27.rosstat.gov.ru/storage/mediabank/ИАМ Хаб.край(1).pdf,quarterly
183,"В 2024 году (5M) в регионе Приморский край показатель «индекс промышленного производства (январь-май 2024 к январю-маю 2023)» в отрасли «промышленность» составил 105,5 % к соотв. периоду пред. года. Источник: Хабаровскстат (бюллетень ""Промышленное производство"").",Приморский край,регион_ДФО,2024,5M,промышленность,высокая,https://27.rosstat.gov.ru/storage/mediabank/ИАМ Хаб.край(1).pdf,quarterly
184,"В 2024 году (5M) в регионе Магаданская область показатель «индекс промышленного производства (январь-май 2024 к январю-маю 2023)» в отрасли «промышленность» составил 104,4 % к соотв. периоду пред. года. Источник: Хабаровскстат (бюллетень ""Промышленное производство"").",Магаданская область,регион_ДФО,2024,5M,промышленность,высокая,https://27.rosstat.gov.ru/storage/mediabank/ИАМ Хаб.край(1).pdf,quarterly
185,"В 2024 году (5M) в регионе Камчатский край показатель «индекс промышленного производства (январь-май 2024 к январю-маю 2023)» в отрасли «промышленность» составил 104,1 % к соотв. периоду пред. года. Источник: Хабаровскстат (бюллетень ""Промышленное производство"").",Камчатский край,регион_ДФО,2024,5M,промышленность,высокая,https://27.rosstat.gov.ru/storage/mediabank/ИАМ Хаб.край(1).pdf,quarterly
186,"В 2024 году (5M) в регионе Забайкальский край показатель «индекс промышленного производства (январь-май 2024 к январю-маю 2023)» в отрасли «промышленность» составил 102,4 % к соотв. периоду пред. года. Источник: Хабаровскстат (бюллетень ""Промышленное производство"").",Забайкальский край,регион_ДФО,2024,5M,промышленность,высокая,https://27.rosstat.gov.ru/storage/mediabank/ИАМ Хаб.край(1).pdf,quarterly
187,"В 2024 году (5M) в регионе Сахалинская область показатель «индекс промышленного производства (январь-май 2024 к январю-маю 2023)» в отрасли «промышленность» составил 97,8 % к соотв. периоду пред. года. Источник: Хабаровскстат (бюллетень ""Промышленное производство"").",Сахалинская область,регион_ДФО,2024,5M,промышленность,высокая,https://27.rosstat.gov.ru/storage/mediabank/ИАМ Хаб.край(1).pdf,quarterly
188,"В 2024 году (5M) в регионе Еврейская автономная область показатель «индекс промышленного производства (январь-май 2024 к январю-маю 2023)» в отрасли «промышленность» составил 94,4 % к соотв. периоду пред. года. Источник: Хабаровскстат (бюллетень ""Промышленное производство"").",Еврейская автономная область,регион_ДФО,2024,5M,промышленность,высокая,https://27.rosstat.gov.ru/storage/mediabank/ИАМ Хаб.край(1).pdf,quarterly
189,"В 2024 году (9M) в регионе Республика Бурятия показатель «индекс промышленного производства (январь-сентябрь 2024 к январю-сентябрю 2023)» в отрасли «промышленность» составил 111,6 % к соотв. периоду пред. года. Источник: Хабаровскстат (бюллетень ""Промышленное производство"").",Республика Бурятия,регион_ДФО,2024,9M,промышленность,высокая,https://27.rosstat.gov.ru/storage/mediabank/ИАМ январь-сентябрь 2024+(1).pdf,quarterly
190,"В 2024 году (9M) в регионе Республика Саха (Якутия) показатель «индекс промышленного производства (январь-сентябрь 2024 к январю-сентябрю 2023)» в отрасли «промышленность» составил 108,6 % к соотв. периоду пред. года. Источник: Хабаровскстат (бюллетень ""Промышленное производство"").",Республика Саха (Якутия),регион_ДФО,2024,9M,промышленность,высокая,https://27.rosstat.gov.ru/storage/mediabank/ИАМ январь-сентябрь 2024+(1).pdf,quarterly
191,"В 2024 году (9M) в регионе Хабаровский край показатель «индекс промышленного производства (январь-сентябрь 2024 к январю-сентябрю 2023)» в отрасли «промышленность» составил 105,4 % к соотв. периоду пред. года. Источник: Хабаровскстат (бюллетень ""Промышленное производство"").",Хабаровский край,регион_ДФО,2024,9M,промышленность,высокая,https://27.rosstat.gov.ru/storage/mediabank/ИАМ январь-сентябрь 2024+(1).pdf,quarterly
192,"В 2024 году (9M) в регионе Магаданская область показатель «индекс промышленного производства (январь-сентябрь 2024 к январю-сентябрю 2023)» в отрасли «промышленность» составил 103,8 % к соотв. периоду пред. года. Источник: Хабаровскстат (бюллетень ""Промышленное производство"").",Магаданская область,регион_ДФО,2024,9M,промышленность,высокая,https://27.rosstat.gov.ru/storage/mediabank/ИАМ январь-сентябрь 2024+(1).pdf,quarterly
193,"В 2024 году (9M) в регионе Чукотский автономный округ показатель «индекс промышленного производства (январь-сентябрь 2024 к январю-сентябрю 2023)» в отрасли «промышленность» составил 103,5 % к соотв. периоду пред. года. Источник: Хабаровскстат (бюллетень ""Промышленное производство"").",Чукотский автономный округ,регион_ДФО,2024,9M,промышленность,высокая,https://27.rosstat.gov.ru/storage/mediabank/ИАМ январь-сентябрь 2024+(1).pdf,quarterly
194,"В 2024 году (9M) в регионе Приморский край показатель «индекс промышленного производства (январь-сентябрь 2024 к январю-сентябрю 2023)» в отрасли «промышленность» составил 102,7 % к соотв. периоду пред. года. Источник: Хабаровскстат (бюллетень ""Промышленное производство"").",Приморский край,регион_ДФО,2024,9M,промышленность,высокая,https://27.rosstat.gov.ru/storage/mediabank/ИАМ январь-сентябрь 2024+(1).pdf,quarterly
195,"В 2024 году (9M) в регионе Забайкальский край показатель «индекс промышленного производства (январь-сентябрь 2024 к январю-сентябрю 2023)» в отрасли «промышленность» составил 101,7 % к соотв. периоду пред. года. Источник: Хабаровскстат (бюллетень ""Промышленное производство"").",Забайкальский край,регион_ДФО,2024,9M,промышленность,высокая,https://27.rosstat.gov.ru/storage/mediabank/ИАМ январь-сентябрь 2024+(1).pdf,quarterly
196,"В 2024 году (9M) в регионе Сахалинская область показатель «индекс промышленного производства (январь-сентябрь 2024 к январю-сентябрю 2023)» в отрасли «промышленность» составил 97,1 % к соотв. периоду пред. года. Источник: Хабаровскстат (бюллетень ""Промышленное производство"").",Сахалинская область,регион_ДФО,2024,9M,промышленность,высокая,https://27.rosstat.gov.ru/storage/mediabank/ИАМ январь-сентябрь 2024+(1).pdf,quarterly
197,"В 2024 году (9M) в регионе Амурская область показатель «индекс промышленного производства (январь-сентябрь 2024 к январю-сентябрю 2023)» в отрасли «промышленность» составил 96,5 % к соотв. периоду пред. года. Источник: Хабаровскстат (бюллетень ""Промышленное производство"").",Амурская область,регион_ДФО,2024,9M,промышленность,высокая,https://27.rosstat.gov.ru/storage/mediabank/ИАМ январь-сентябрь 2024+(1).pdf,quarterly
198,"В 2024 году (9M) в регионе Еврейская автономная область показатель «индекс промышленного производства (январь-сентябрь 2024 к январю-сентябрю 2023)» в отрасли «промышленность» составил 93,6 % к соотв. периоду пред. года. Источник: Хабаровскстат (бюллетень ""Промышленное производство"").",Еврейская автономная область,регион_ДФО,2024,9M,промышленность,высокая,https://27.rosstat.gov.ru/storage/mediabank/ИАМ январь-сентябрь 2024+(1).pdf,quarterly
199,"В 2024 году (9M) в регионе Камчатский край показатель «индекс промышленного производства (январь-сентябрь 2024 к январю-сентябрю 2023)» в отрасли «промышленность» составил 81,5 % к соотв. периоду пред. года. Источник: Хабаровскстат (бюллетень ""Промышленное производство"").",Камчатский край,регион_ДФО,2024,9M,промышленность,высокая,https://27.rosstat.gov.ru/storage/mediabank/ИАМ январь-сентябрь 2024+(1).pdf,quarterly
200,"В 2024 году (11M) в регионе Республика Саха (Якутия) показатель «индекс промышленного производства (январь-ноябрь 2024 к январю-ноябрю 2023)» в отрасли «промышленность» составил 108,5 % к соотв. периоду пред. года. Источник: Хабаровскстат (бюллетень ""Промышленное производство"").",Республика Саха (Якутия),регион_ДФО,2024,11M,промышленность,высокая,https://27.rosstat.gov.ru/storage/mediabank/ИАМ январь-ноябрь 2024.pdf,quarterly
201,"В 2024 году (11M) в регионе Хабаровский край показатель «индекс промышленного производства (январь-ноябрь 2024 к январю-ноябрю 2023)» в отрасли «промышленность» составил 106,5 % к соотв. периоду пред. года. Источник: Хабаровскстат (бюллетень ""Промышленное производство"").",Хабаровский край,регион_ДФО,2024,11M,промышленность,высокая,https://27.rosstat.gov.ru/storage/mediabank/ИАМ январь-ноябрь 2024.pdf,quarterly
202,"В 2024 году (11M) в регионе Республика Бурятия показатель «индекс промышленного производства (январь-ноябрь 2024 к январю-ноябрю 2023)» в отрасли «промышленность» составил 105,9 % к соотв. периоду пред. года. Источник: Хабаровскстат (бюллетень ""Промышленное производство"").",Республика Бурятия,регион_ДФО,2024,11M,промышленность,высокая,https://27.rosstat.gov.ru/storage/mediabank/ИАМ январь-ноябрь 2024.pdf,quarterly
203,"В 2024 году (11M) в регионе Приморский край показатель «индекс промышленного производства (январь-ноябрь 2024 к январю-ноябрю 2023)» в отрасли «промышленность» составил 105,6 % к соотв. периоду пред. года. Источник: Хабаровскстат (бюллетень ""Промышленное производство"").",Приморский край,регион_ДФО,2024,11M,промышленность,высокая,https://27.rosstat.gov.ru/storage/mediabank/ИАМ январь-ноябрь 2024.pdf,quarterly
204,"В 2024 году (11M) в регионе Чукотский автономный округ показатель «индекс промышленного производства (январь-ноябрь 2024 к январю-ноябрю 2023)» в отрасли «промышленность» составил 103,9 % к соотв. периоду пред. года. Источник: Хабаровскстат (бюллетень ""Промышленное производство"").",Чукотский автономный округ,регион_ДФО,2024,11M,промышленность,высокая,https://27.rosstat.gov.ru/storage/mediabank/ИАМ январь-ноябрь 2024.pdf,quarterly
205,"В 2024 году (11M) в регионе Магаданская область показатель «индекс промышленного производства (январь-ноябрь 2024 к январю-ноябрю 2023)» в отрасли «промышленность» составил 103,7 % к соотв. периоду пред. года. Источник: Хабаровскстат (бюллетень ""Промышленное производство"").",Магаданская область,регион_ДФО,2024,11M,промышленность,высокая,https://27.rosstat.gov.ru/storage/mediabank/ИАМ январь-ноябрь 2024.pdf,quarterly
206,"В 2024 году (11M) в регионе Забайкальский край показатель «индекс промышленного производства (январь-ноябрь 2024 к январю-ноябрю 2023)» в отрасли «промышленность» составил 101,6 % к соотв. периоду пред. года. Источник: Хабаровскстат (бюллетень ""Промышленное производство"").",Забайкальский край,регион_ДФО,2024,11M,промышленность,высокая,https://27.rosstat.gov.ru/storage/mediabank/ИАМ январь-ноябрь 2024.pdf,quarterly
207,"В 2024 году (11M) в регионе Сахалинская область показатель «индекс промышленного производства (январь-ноябрь 2024 к январю-ноябрю 2023)» в отрасли «промышленность» составил 97,0 % к соотв. периоду пред. года. Источник: Хабаровскстат (бюллетень ""Промышленное производство"").",Сахалинская область,регион_ДФО,2024,11M,промышленность,высокая,https://27.rosstat.gov.ru/storage/mediabank/ИАМ январь-ноябрь 2024.pdf,quarterly
208,"В 2024 году (11M) в регионе Амурская область показатель «индекс промышленного производства (январь-ноябрь 2024 к январю-ноябрю 2023)» в отрасли «промышленность» составил 96,7 % к соотв. периоду пред. года. Источник: Хабаровскстат (бюллетень ""Промышленное производство"").",Амурская область,регион_ДФО,2024,11M,промышленность,высокая,https://27.rosstat.gov.ru/storage/mediabank/ИАМ январь-ноябрь 2024.pdf,quarterly
209,"В 2024 году (11M) в регионе Еврейская автономная область показатель «индекс промышленного производства (январь-ноябрь 2024 к январю-ноябрю 2023)» в отрасли «промышленность» составил 94,5 % к соотв. периоду пред. года. Источник: Хабаровскстат (бюллетень ""Промышленное производство"").",Еврейская автономная область,регион_ДФО,2024,11M,промышленность,высокая,https://27.rosstat.gov.ru/storage/mediabank/ИАМ январь-ноябрь 2024.pdf,quarterly
210,"В 2024 году (11M) в регионе Камчатский край показатель «индекс промышленного производства (январь-ноябрь 2024 к январю-ноябрю 2023)» в отрасли «промышленность» составил 82,8 % к соотв. периоду пред. года. Источник: Хабаровскстат (бюллетень ""Промышленное производство"").",Камчатский край,регион_ДФО,2024,11M,промышленность,высокая,https://27.rosstat.gov.ru/storage/mediabank/ИАМ январь-ноябрь 2024.pdf,quarterly
211,"В 2023 году (5M) в регионе Республика Бурятия показатель «индекс промышленного производства (январь-май 2023 к январю-маю 2022)» в отрасли «промышленность» составил 87,1 % к соотв. периоду пред. года. Источник: Саха(Якутия)стат (бюллетень ""Промышленное производство"").",Республика Бурятия,регион_ДФО,2023,5M,промышленность,высокая,https://14.rosstat.gov.ru/storage/mediabank/Промышленное производство РС(Я) январь-май 2023_888471.pdf,quarterly
212,"В 2023 году (5M) в регионе Приморский край показатель «индекс промышленного производства (январь-май 2023 к январю-маю 2022)» в отрасли «промышленность» составил 92,1 % к соотв. периоду пред. года. Источник: Саха(Якутия)стат (бюллетень ""Промышленное производство"").",Приморский край,регион_ДФО,2023,5M,промышленность,высокая,https://14.rosstat.gov.ru/storage/mediabank/Промышленное производство РС(Я) январь-май 2023_888471.pdf,quarterly
213,"В 2023 году (5M) в регионе Магаданская область показатель «индекс промышленного производства (январь-май 2023 к январю-маю 2022)» в отрасли «промышленность» составил 94,1 % к соотв. периоду пред. года. Источник: Саха(Якутия)стат (бюллетень ""Промышленное производство"").",Магаданская область,регион_ДФО,2023,5M,промышленность,высокая,https://14.rosstat.gov.ru/storage/mediabank/Промышленное производство РС(Я) январь-май 2023_888471.pdf,quarterly
214,"В 2023 году (5M) в регионе Амурская область показатель «индекс промышленного производства (январь-май 2023 к январю-маю 2022)» в отрасли «промышленность» составил 96,7 % к соотв. периоду пред. года. Источник: Саха(Якутия)стат (бюллетень ""Промышленное производство"").",Амурская область,регион_ДФО,2023,5M,промышленность,высокая,https://14.rosstat.gov.ru/storage/mediabank/Промышленное производство РС(Я) январь-май 2023_888471.pdf,quarterly
215,"В 2023 году (5M) в регионе Хабаровский край показатель «индекс промышленного производства (январь-май 2023 к январю-маю 2022)» в отрасли «промышленность» составил 96,8 % к соотв. периоду пред. года. Источник: Саха(Якутия)стат (бюллетень ""Промышленное производство"").",Хабаровский край,регион_ДФО,2023,5M,промышленность,высокая,https://14.rosstat.gov.ru/storage/mediabank/Промышленное производство РС(Я) январь-май 2023_888471.pdf,quarterly
216,"В 2023 году (5M) в регионе Сахалинская область показатель «индекс промышленного производства (январь-май 2023 к январю-маю 2022)» в отрасли «промышленность» составил 99,7 % к соотв. периоду пред. года. Источник: Саха(Якутия)стат (бюллетень ""Промышленное производство"").",Сахалинская область,регион_ДФО,2023,5M,промышленность,высокая,https://14.rosstat.gov.ru/storage/mediabank/Промышленное производство РС(Я) январь-май 2023_888471.pdf,quarterly
217,"В 2023 году (5M) в регионе Еврейская автономная область показатель «индекс промышленного производства (январь-май 2023 к январю-маю 2022)» в отрасли «промышленность» составил 100,6 % к соотв. периоду пред. года. Источник: Саха(Якутия)стат (бюллетень ""Промышленное производство"").",Еврейская автономная область,регион_ДФО,2023,5M,промышленность,высокая,https://14.rosstat.gov.ru/storage/mediabank/Промышленное производство РС(Я) январь-май 2023_888471.pdf,quarterly
218,"В 2023 году (5M) в регионе Чукотский автономный округ показатель «индекс промышленного производства (январь-май 2023 к январю-маю 2022)» в отрасли «промышленность» составил 101,0 % к соотв. периоду пред. года. Источник: Саха(Якутия)стат (бюллетень ""Промышленное производство"").",Чукотский автономный округ,регион_ДФО,2023,5M,промышленность,высокая,https://14.rosstat.gov.ru/storage/mediabank/Промышленное производство РС(Я) январь-май 2023_888471.pdf,quarterly
219,"В 2023 году (5M) в регионе Республика Саха (Якутия) показатель «индекс промышленного производства (январь-май 2023 к январю-маю 2022)» в отрасли «промышленность» составил 102,2 % к соотв. периоду пред. года. Источник: Саха(Якутия)стат (бюллетень ""Промышленное производство"").",Республика Саха (Якутия),регион_ДФО,2023,5M,промышленность,высокая,https://14.rosstat.gov.ru/storage/mediabank/Промышленное производство РС(Я) январь-май 2023_888471.pdf,quarterly
220,"В 2023 году (5M) в регионе Забайкальский край показатель «индекс промышленного производства (январь-май 2023 к январю-маю 2022)» в отрасли «промышленность» составил 103,7 % к соотв. периоду пред. года. Источник: Саха(Якутия)стат (бюллетень ""Промышленное производство"").",Забайкальский край,регион_ДФО,2023,5M,промышленность,высокая,https://14.rosstat.gov.ru/storage/mediabank/Промышленное производство РС(Я) январь-май 2023_888471.pdf,quarterly
221,"В 2023 году (5M) в регионе Камчатский край показатель «индекс промышленного производства (январь-май 2023 к январю-маю 2022)» в отрасли «промышленность» составил 117,1 % к соотв. периоду пред. года. Источник: Саха(Якутия)стат (бюллетень ""Промышленное производство"").",Камчатский край,регион_ДФО,2023,5M,промышленность,высокая,https://14.rosstat.gov.ru/storage/mediabank/Промышленное производство РС(Я) январь-май 2023_888471.pdf,quarterly
222,"В 2023 году (9M) в регионе Приморский край показатель «индекс промышленного производства (январь-сентябрь 2023 к январю-сентябрю 2022)» в отрасли «промышленность» составил 88,7 % к соотв. периоду пред. года. Источник: Саха(Якутия)стат (бюллетень ""Промышленное производство"").",Приморский край,регион_ДФО,2023,9M,промышленность,высокая,https://14.rosstat.gov.ru/storage/mediabank/Промышленное производство РС(Я) январь-сентябрь 2023_888476.pdf,quarterly
223,"В 2023 году (9M) в регионе Магаданская область показатель «индекс промышленного производства (январь-сентябрь 2023 к январю-сентябрю 2022)» в отрасли «промышленность» составил 90,5 % к соотв. периоду пред. года. Источник: Саха(Якутия)стат (бюллетень ""Промышленное производство"").",Магаданская область,регион_ДФО,2023,9M,промышленность,высокая,https://14.rosstat.gov.ru/storage/mediabank/Промышленное производство РС(Я) январь-сентябрь 2023_888476.pdf,quarterly
224,"В 2023 году (9M) в регионе Республика Бурятия показатель «индекс промышленного производства (январь-сентябрь 2023 к январю-сентябрю 2022)» в отрасли «промышленность» составил 93,6 % к соотв. периоду пред. года. Источник: Саха(Якутия)стат (бюллетень ""Промышленное производство"").",Республика Бурятия,регион_ДФО,2023,9M,промышленность,высокая,https://14.rosstat.gov.ru/storage/mediabank/Промышленное производство РС(Я) январь-сентябрь 2023_888476.pdf,quarterly
225,"В 2023 году (9M) в регионе Еврейская автономная область показатель «индекс промышленного производства (январь-сентябрь 2023 к январю-сентябрю 2022)» в отрасли «промышленность» составил 93,9 % к соотв. периоду пред. года. Источник: Саха(Якутия)стат (бюллетень ""Промышленное производство"").",Еврейская автономная область,регион_ДФО,2023,9M,промышленность,высокая,https://14.rosstat.gov.ru/storage/mediabank/Промышленное производство РС(Я) январь-сентябрь 2023_888476.pdf,quarterly
226,"В 2023 году (9M) в регионе Хабаровский край показатель «индекс промышленного производства (январь-сентябрь 2023 к январю-сентябрю 2022)» в отрасли «промышленность» составил 94,1 % к соотв. периоду пред. года. Источник: Саха(Якутия)стат (бюллетень ""Промышленное производство"").",Хабаровский край,регион_ДФО,2023,9M,промышленность,высокая,https://14.rosstat.gov.ru/storage/mediabank/Промышленное производство РС(Я) январь-сентябрь 2023_888476.pdf,quarterly
227,"В 2023 году (9M) в регионе Республика Саха (Якутия) показатель «индекс промышленного производства (январь-сентябрь 2023 к январю-сентябрю 2022)» в отрасли «промышленность» составил 99,5 % к соотв. периоду пред. года. Источник: Саха(Якутия)стат (бюллетень ""Промышленное производство"").",Республика Саха (Якутия),регион_ДФО,2023,9M,промышленность,высокая,https://14.rosstat.gov.ru/storage/mediabank/Промышленное производство РС(Я) январь-сентябрь 2023_888476.pdf,quarterly
228,"В 2023 году (9M) в регионе Забайкальский край показатель «индекс промышленного производства (январь-сентябрь 2023 к январю-сентябрю 2022)» в отрасли «промышленность» составил 102,7 % к соотв. периоду пред. года. Источник: Саха(Якутия)стат (бюллетень ""Промышленное производство"").",Забайкальский край,регион_ДФО,2023,9M,промышленность,высокая,https://14.rosstat.gov.ru/storage/mediabank/Промышленное производство РС(Я) январь-сентябрь 2023_888476.pdf,quarterly
229,"В 2023 году (9M) в регионе Чукотский автономный округ показатель «индекс промышленного производства (январь-сентябрь 2023 к январю-сентябрю 2022)» в отрасли «промышленность» составил 104,5 % к соотв. периоду пред. года. Источник: Саха(Якутия)стат (бюллетень ""Промышленное производство"").",Чукотский автономный округ,регион_ДФО,2023,9M,промышленность,высокая,https://14.rosstat.gov.ru/storage/mediabank/Промышленное производство РС(Я) январь-сентябрь 2023_888476.pdf,quarterly
230,"В 2023 году (9M) в регионе Сахалинская область показатель «индекс промышленного производства (январь-сентябрь 2023 к январю-сентябрю 2022)» в отрасли «промышленность» составил 117,1 % к соотв. периоду пред. года. Источник: Саха(Якутия)стат (бюллетень ""Промышленное производство"").",Сахалинская область,регион_ДФО,2023,9M,промышленность,высокая,https://14.rosstat.gov.ru/storage/mediabank/Промышленное производство РС(Я) январь-сентябрь 2023_888476.pdf,quarterly
231,"В 2023 году (9M) в регионе Амурская область показатель «индекс промышленного производства (январь-сентябрь 2023 к январю-сентябрю 2022)» в отрасли «промышленность» составил 130,7 % к соотв. периоду пред. года. Источник: Саха(Якутия)стат (бюллетень ""Промышленное производство"").",Амурская область,регион_ДФО,2023,9M,промышленность,высокая,https://14.rosstat.gov.ru/storage/mediabank/Промышленное производство РС(Я) январь-сентябрь 2023_888476.pdf,quarterly
232,"В 2023 году (9M) в регионе Камчатский край показатель «индекс промышленного производства (январь-сентябрь 2023 к январю-сентябрю 2022)» в отрасли «промышленность» составил 136,5 % к соотв. периоду пред. года. Источник: Саха(Якутия)стат (бюллетень ""Промышленное производство"").",Камчатский край,регион_ДФО,2023,9M,промышленность,высокая,https://14.rosstat.gov.ru/storage/mediabank/Промышленное производство РС(Я) январь-сентябрь 2023_888476.pdf,quarterly
233,"В 2025 году (Q2) в регионе Российская Федерация показатель «уровень безработицы» в отрасли «труд» составил 2,2 %. Источник: EastRussia (со ссылкой на Росстат).",Российская Федерация,РФ,2025,Q2,труд,высокая,https://eastrussia.ru/news/v-ulan-ude-zarabotal-novyy-mnogoprofilnyy-klinicheskiy-gospital/,quarterly
234,"В 2025 году (Q2) в регионе Российская Федерация показатель «численность рабочей силы» в отрасли «труд» составил 75949,6 тыс. чел. Источник: EastRussia (со ссылкой на Росстат).",Российская Федерация,РФ,2025,Q2,труд,высокая,https://eastrussia.ru/news/v-ulan-ude-zarabotal-novyy-mnogoprofilnyy-klinicheskiy-gospital/,quarterly
235,"В 2025 году (Q2) в регионе Иркутская область показатель «уровень безработицы» в отрасли «труд» составил 3,0 %. Источник: EastRussia (со ссылкой на Росстат).",Иркутская область,иной,2025,Q2,труд,высокая,https://eastrussia.ru/news/v-ulan-ude-zarabotal-novyy-mnogoprofilnyy-klinicheskiy-gospital/,quarterly
236,"В 2025 году (Q2) в регионе Иркутская область показатель «численность рабочей силы» в отрасли «труд» составил 1130,9 тыс. чел. Источник: EastRussia (со ссылкой на Росстат).",Иркутская область,иной,2025,Q2,труд,высокая,https://eastrussia.ru/news/v-ulan-ude-zarabotal-novyy-mnogoprofilnyy-klinicheskiy-gospital/,quarterly
237,"В 2025 году (Q2) в регионе Дальневосточный федеральный округ показатель «уровень безработицы» в отрасли «труд» составил 2,4 %. Источник: EastRussia (со ссылкой на Росстат).",Дальневосточный федеральный округ,округ_ДФО,2025,Q2,труд,высокая,https://eastrussia.ru/news/v-ulan-ude-zarabotal-novyy-mnogoprofilnyy-klinicheskiy-gospital/,quarterly
238,"В 2025 году (Q2) в регионе Дальневосточный федеральный округ показатель «численность рабочей силы» в отрасли «труд» составил 4170,1 тыс. чел. Источник: EastRussia (со ссылкой на Росстат).",Дальневосточный федеральный округ,округ_ДФО,2025,Q2,труд,высокая,https://eastrussia.ru/news/v-ulan-ude-zarabotal-novyy-mnogoprofilnyy-klinicheskiy-gospital/,quarterly
239,"В 2025 году (Q2) в регионе Забайкальский край показатель «уровень безработицы» в отрасли «труд» составил 4,2 %. Источник: EastRussia (со ссылкой на Росстат).",Забайкальский край,регион_ДФО,2025,Q2,труд,высокая,https://eastrussia.ru/news/v-ulan-ude-zarabotal-novyy-mnogoprofilnyy-klinicheskiy-gospital/,quarterly
240,"В 2025 году (Q2) в регионе Забайкальский край показатель «численность рабочей силы» в отрасли «труд» составил 479,1 тыс. чел. Источник: EastRussia (со ссылкой на Росстат).",Забайкальский край,регион_ДФО,2025,Q2,труд,высокая,https://eastrussia.ru/news/v-ulan-ude-zarabotal-novyy-mnogoprofilnyy-klinicheskiy-gospital/,quarterly
241,"В 2025 году (Q2) в регионе Республика Бурятия показатель «уровень безработицы» в отрасли «труд» составил 4,0 %. Источник: EastRussia (со ссылкой на Росстат).",Республика Бурятия,регион_ДФО,2025,Q2,труд,высокая,https://eastrussia.ru/news/v-ulan-ude-zarabotal-novyy-mnogoprofilnyy-klinicheskiy-gospital/,quarterly
242,"В 2025 году (Q2) в регионе Республика Бурятия показатель «численность рабочей силы» в отрасли «труд» составил 448,6 тыс. чел. Источник: EastRussia (со ссылкой на Росстат).",Республика Бурятия,регион_ДФО,2025,Q2,труд,высокая,https://eastrussia.ru/news/v-ulan-ude-zarabotal-novyy-mnogoprofilnyy-klinicheskiy-gospital/,quarterly
243,"В 2025 году (Q2) в регионе Республика Саха (Якутия) показатель «уровень безработицы» в отрасли «труд» составил 3,8 %. Источник: EastRussia (со ссылкой на Росстат).",Республика Саха (Якутия),регион_ДФО,2025,Q2,труд,высокая,https://eastrussia.ru/news/v-ulan-ude-zarabotal-novyy-mnogoprofilnyy-klinicheskiy-gospital/,quarterly
244,"В 2025 году (Q2) в регионе Республика Саха (Якутия) показатель «численность рабочей силы» в отрасли «труд» составил 526,4 тыс. чел. Источник: EastRussia (со ссылкой на Росстат).",Республика Саха (Якутия),регион_ДФО,2025,Q2,труд,высокая,https://eastrussia.ru/news/v-ulan-ude-zarabotal-novyy-mnogoprofilnyy-klinicheskiy-gospital/,quarterly
245,"В 2025 году (Q2) в регионе Камчатский край показатель «уровень безработицы» в отрасли «труд» составил 1,8 %. Источник: EastRussia (со ссылкой на Росстат).",Камчатский край,регион_ДФО,2025,Q2,труд,высокая,https://eastrussia.ru/news/v-ulan-ude-zarabotal-novyy-mnogoprofilnyy-klinicheskiy-gospital/,quarterly
246,"В 2025 году (Q2) в регионе Камчатский край показатель «численность рабочей силы» в отрасли «труд» составил 166,8 тыс. чел. Источник: EastRussia (со ссылкой на Росстат).",Камчатский край,регион_ДФО,2025,Q2,труд,высокая,https://eastrussia.ru/news/v-ulan-ude-zarabotal-novyy-mnogoprofilnyy-klinicheskiy-gospital/,quarterly
247,"В 2025 году (Q2) в регионе Приморский край показатель «уровень безработицы» в отрасли «труд» составил 1,8 %. Источник: EastRussia (со ссылкой на Росстат).",Приморский край,регион_ДФО,2025,Q2,труд,высокая,https://eastrussia.ru/news/v-ulan-ude-zarabotal-novyy-mnogoprofilnyy-klinicheskiy-gospital/,quarterly
248,"В 2025 году (Q2) в регионе Приморский край показатель «численность рабочей силы» в отрасли «труд» составил 979,9 тыс. чел. Источник: EastRussia (со ссылкой на Росстат).",Приморский край,регион_ДФО,2025,Q2,труд,высокая,https://eastrussia.ru/news/v-ulan-ude-zarabotal-novyy-mnogoprofilnyy-klinicheskiy-gospital/,quarterly
249,"В 2025 году (Q2) в регионе Еврейская автономная область показатель «уровень безработицы» в отрасли «труд» составил 1,7 %. Источник: EastRussia (со ссылкой на Росстат).",Еврейская автономная область,регион_ДФО,2025,Q2,труд,высокая,https://eastrussia.ru/news/v-ulan-ude-zarabotal-novyy-mnogoprofilnyy-klinicheskiy-gospital/,quarterly
250,"В 2025 году (Q2) в регионе Еврейская автономная область показатель «численность рабочей силы» в отрасли «труд» составил 77,7 тыс. чел. Источник: EastRussia (со ссылкой на Росстат).",Еврейская автономная область,регион_ДФО,2025,Q2,труд,высокая,https://eastrussia.ru/news/v-ulan-ude-zarabotal-novyy-mnogoprofilnyy-klinicheskiy-gospital/,quarterly
251,"В 2025 году (Q2) в регионе Магаданская область показатель «уровень безработицы» в отрасли «труд» составил 1,7 %. Источник: EastRussia (со ссылкой на Росстат).",Магаданская область,регион_ДФО,2025,Q2,труд,высокая,https://eastrussia.ru/news/v-ulan-ude-zarabotal-novyy-mnogoprofilnyy-klinicheskiy-gospital/,quarterly
252,"В 2025 году (Q2) в регионе Магаданская область показатель «численность рабочей силы» в отрасли «труд» составил 81,0 тыс. чел. Источник: EastRussia (со ссылкой на Росстат).",Магаданская область,регион_ДФО,2025,Q2,труд,высокая,https://eastrussia.ru/news/v-ulan-ude-zarabotal-novyy-mnogoprofilnyy-klinicheskiy-gospital/,quarterly
253,"В 2025 году (Q2) в регионе Чукотский автономный округ показатель «уровень безработицы» в отрасли «труд» составил 1,6 %. Источник: EastRussia (со ссылкой на Росстат).",Чукотский автономный округ,регион_ДФО,2025,Q2,труд,высокая,https://eastrussia.ru/news/v-ulan-ude-zarabotal-novyy-mnogoprofilnyy-klinicheskiy-gospital/,quarterly
254,"В 2025 году (Q2) в регионе Чукотский автономный округ показатель «численность рабочей силы» в отрасли «труд» составил 28,6 тыс. чел. Источник: EastRussia (со ссылкой на Росстат).",Чукотский автономный округ,регион_ДФО,2025,Q2,труд,высокая,https://eastrussia.ru/news/v-ulan-ude-zarabotal-novyy-mnogoprofilnyy-klinicheskiy-gospital/,quarterly
255,"В 2025 году (Q2) в регионе Сахалинская область показатель «уровень безработицы» в отрасли «труд» составил 1,6 %. Источник: EastRussia (со ссылкой на Росстат).",Сахалинская область,регион_ДФО,2025,Q2,труд,высокая,https://eastrussia.ru/news/v-ulan-ude-zarabotal-novyy-mnogoprofilnyy-klinicheskiy-gospital/,quarterly
256,"В 2025 году (Q2) в регионе Сахалинская область показатель «численность рабочей силы» в отрасли «труд» составил 266,3 тыс. чел. Источник: EastRussia (со ссылкой на Росстат).",Сахалинская область,регион_ДФО,2025,Q2,труд,высокая,https://eastrussia.ru/news/v-ulan-ude-zarabotal-novyy-mnogoprofilnyy-klinicheskiy-gospital/,quarterly
257,"В 2025 году (Q2) в регионе Хабаровский край показатель «уровень безработицы» в отрасли «труд» составил 1,2 %. Источник: EastRussia (со ссылкой на Росстат).",Хабаровский край,регион_ДФО,2025,Q2,труд,высокая,https://eastrussia.ru/news/v-ulan-ude-zarabotal-novyy-mnogoprofilnyy-klinicheskiy-gospital/,quarterly
258,"В 2025 году (Q2) в регионе Хабаровский край показатель «численность рабочей силы» в отрасли «труд» составил 707,0 тыс. чел. Источник: EastRussia (со ссылкой на Росстат).",Хабаровский край,регион_ДФО,2025,Q2,труд,высокая,https://eastrussia.ru/news/v-ulan-ude-zarabotal-novyy-mnogoprofilnyy-klinicheskiy-gospital/,quarterly
259,"В 2019 году (7M) в регионе Республика Саха (Якутия) показатель «индекс промышленного производства (январь-июль 2019 к январю-июлю 2018)» в отрасли «промышленность» составил 111,6 % к соотв. периоду пред. года. Источник: Амурстат / Росстат (мониторинг соц.-экон. развития регионов ДФО).",Республика Саха (Якутия),регион_ДФО,2019,7M,промышленность,высокая,https://28.rosstat.gov.ru/storage//2019/08-28/kEKadQ0y/new1.pdf,quarterly
260,"В 2019 году (7M) в регионе Камчатский край показатель «индекс промышленного производства (январь-июль 2019 к январю-июлю 2018)» в отрасли «промышленность» составил 108,8 % к соотв. периоду пред. года. Источник: Амурстат / Росстат (мониторинг соц.-экон. развития регионов ДФО).",Камчатский край,регион_ДФО,2019,7M,промышленность,высокая,https://28.rosstat.gov.ru/storage//2019/08-28/kEKadQ0y/new1.pdf,quarterly
261,"В 2019 году (7M) в регионе Приморский край показатель «индекс промышленного производства (январь-июль 2019 к январю-июлю 2018)» в отрасли «промышленность» составил 108,9 % к соотв. периоду пред. года. Источник: Амурстат / Росстат (мониторинг соц.-экон. развития регионов ДФО).",Приморский край,регион_ДФО,2019,7M,промышленность,высокая,https://28.rosstat.gov.ru/storage//2019/08-28/kEKadQ0y/new1.pdf,quarterly
262,"В 2019 году (7M) в регионе Хабаровский край показатель «индекс промышленного производства (январь-июль 2019 к январю-июлю 2018)» в отрасли «промышленность» составил 101,6 % к соотв. периоду пред. года. Источник: Амурстат / Росстат (мониторинг соц.-экон. развития регионов ДФО).",Хабаровский край,регион_ДФО,2019,7M,промышленность,высокая,https://28.rosstat.gov.ru/storage//2019/08-28/kEKadQ0y/new1.pdf,quarterly
263,"В 2019 году (7M) в регионе Амурская область показатель «индекс промышленного производства (январь-июль 2019 к январю-июлю 2018)» в отрасли «промышленность» составил 101,6 % к соотв. периоду пред. года. Источник: Амурстат / Росстат (мониторинг соц.-экон. развития регионов ДФО).",Амурская область,регион_ДФО,2019,7M,промышленность,высокая,https://28.rosstat.gov.ru/storage//2019/08-28/kEKadQ0y/new1.pdf,quarterly
264,"В 2019 году (7M) в регионе Магаданская область показатель «индекс промышленного производства (январь-июль 2019 к январю-июлю 2018)» в отрасли «промышленность» составил 119,2 % к соотв. периоду пред. года. Источник: Амурстат / Росстат (мониторинг соц.-экон. развития регионов ДФО).",Магаданская область,регион_ДФО,2019,7M,промышленность,высокая,https://28.rosstat.gov.ru/storage//2019/08-28/kEKadQ0y/new1.pdf,quarterly
265,"В 2019 году (7M) в регионе Сахалинская область показатель «индекс промышленного производства (январь-июль 2019 к январю-июлю 2018)» в отрасли «промышленность» составил 102,1 % к соотв. периоду пред. года. Источник: Амурстат / Росстат (мониторинг соц.-экон. развития регионов ДФО).",Сахалинская область,регион_ДФО,2019,7M,промышленность,высокая,https://28.rosstat.gov.ru/storage//2019/08-28/kEKadQ0y/new1.pdf,quarterly
266,"В 2019 году (7M) в регионе Еврейская автономная область показатель «индекс промышленного производства (январь-июль 2019 к январю-июлю 2018)» в отрасли «промышленность» составил 97,9 % к соотв. периоду пред. года. Источник: Амурстат / Росстат (мониторинг соц.-экон. развития регионов ДФО).",Еврейская автономная область,регион_ДФО,2019,7M,промышленность,высокая,https://28.rosstat.gov.ru/storage//2019/08-28/kEKadQ0y/new1.pdf,quarterly
267,"В 2019 году (7M) в регионе Чукотский автономный округ показатель «индекс промышленного производства (январь-июль 2019 к январю-июлю 2018)» в отрасли «промышленность» составил 104,2 % к соотв. периоду пред. года. Источник: Амурстат / Росстат (мониторинг соц.-экон. развития регионов ДФО).",Чукотский автономный округ,регион_ДФО,2019,7M,промышленность,высокая,https://28.rosstat.gov.ru/storage//2019/08-28/kEKadQ0y/new1.pdf,quarterly
268,"В 2019 году (7M) в регионе Забайкальский край показатель «индекс промышленного производства (январь-июль 2019 к январю-июлю 2018)» в отрасли «промышленность» составил 104,3 % к соотв. периоду пред. года. Источник: Амурстат / Росстат (мониторинг соц.-экон. развития регионов ДФО).",Забайкальский край,регион_ДФО,2019,7M,промышленность,высокая,https://28.rosstat.gov.ru/storage//2019/08-28/kEKadQ0y/new1.pdf,quarterly
269,"В 2019 году (7M) в регионе Республика Бурятия показатель «индекс промышленного производства (январь-июль 2019 к январю-июлю 2018)» в отрасли «промышленность» составил 114,1 % к соотв. периоду пред. года. Источник: Амурстат / Росстат (мониторинг соц.-экон. развития регионов ДФО).",Республика Бурятия,регион_ДФО,2019,7M,промышленность,высокая,https://28.rosstat.gov.ru/storage//2019/08-28/kEKadQ0y/new1.pdf,quarterly
270,"В 2019 году (8M) в регионе Республика Саха (Якутия) показатель «индекс промышленного производства (январь-август 2019 к январю-августу 2018)» в отрасли «промышленность» составил 111,8 % к соотв. периоду пред. года. Источник: Амурстат / Росстат (мониторинг соц.-экон. развития регионов ДФО).",Республика Саха (Якутия),регион_ДФО,2019,8M,промышленность,высокая,https://28.rosstat.gov.ru/storage//2019/09-27/kaILmbQH/new1.pdf,quarterly
271,"В 2019 году (8M) в регионе Камчатский край показатель «индекс промышленного производства (январь-август 2019 к январю-августу 2018)» в отрасли «промышленность» составил 103,8 % к соотв. периоду пред. года. Источник: Амурстат / Росстат (мониторинг соц.-экон. развития регионов ДФО).",Камчатский край,регион_ДФО,2019,8M,промышленность,высокая,https://28.rosstat.gov.ru/storage//2019/09-27/kaILmbQH/new1.pdf,quarterly
272,"В 2019 году (8M) в регионе Приморский край показатель «индекс промышленного производства (январь-август 2019 к январю-августу 2018)» в отрасли «промышленность» составил 109,5 % к соотв. периоду пред. года. Источник: Амурстат / Росстат (мониторинг соц.-экон. развития регионов ДФО).",Приморский край,регион_ДФО,2019,8M,промышленность,высокая,https://28.rosstat.gov.ru/storage//2019/09-27/kaILmbQH/new1.pdf,quarterly
273,"В 2019 году (8M) в регионе Хабаровский край показатель «индекс промышленного производства (январь-август 2019 к январю-августу 2018)» в отрасли «промышленность» составил 102,2 % к соотв. периоду пред. года. Источник: Амурстат / Росстат (мониторинг соц.-экон. развития регионов ДФО).",Хабаровский край,регион_ДФО,2019,8M,промышленность,высокая,https://28.rosstat.gov.ru/storage//2019/09-27/kaILmbQH/new1.pdf,quarterly
274,"В 2019 году (8M) в регионе Амурская область показатель «индекс промышленного производства (январь-август 2019 к январю-августу 2018)» в отрасли «промышленность» составил 103,7 % к соотв. периоду пред. года. Источник: Амурстат / Росстат (мониторинг соц.-экон. развития регионов ДФО).",Амурская область,регион_ДФО,2019,8M,промышленность,высокая,https://28.rosstat.gov.ru/storage//2019/09-27/kaILmbQH/new1.pdf,quarterly
275,"В 2019 году (8M) в регионе Магаданская область показатель «индекс промышленного производства (январь-август 2019 к январю-августу 2018)» в отрасли «промышленность» составил 116,4 % к соотв. периоду пред. года. Источник: Амурстат / Росстат (мониторинг соц.-экон. развития регионов ДФО).",Магаданская область,регион_ДФО,2019,8M,промышленность,высокая,https://28.rosstat.gov.ru/storage//2019/09-27/kaILmbQH/new1.pdf,quarterly
276,"В 2019 году (8M) в регионе Сахалинская область показатель «индекс промышленного производства (январь-август 2019 к январю-августу 2018)» в отрасли «промышленность» составил 103,8 % к соотв. периоду пред. года. Источник: Амурстат / Росстат (мониторинг соц.-экон. развития регионов ДФО).",Сахалинская область,регион_ДФО,2019,8M,промышленность,высокая,https://28.rosstat.gov.ru/storage//2019/09-27/kaILmbQH/new1.pdf,quarterly
277,"В 2019 году (8M) в регионе Еврейская автономная область показатель «индекс промышленного производства (январь-август 2019 к январю-августу 2018)» в отрасли «промышленность» составил 97,5 % к соотв. периоду пред. года. Источник: Амурстат / Росстат (мониторинг соц.-экон. развития регионов ДФО).",Еврейская автономная область,регион_ДФО,2019,8M,промышленность,высокая,https://28.rosstat.gov.ru/storage//2019/09-27/kaILmbQH/new1.pdf,quarterly
278,"В 2019 году (8M) в регионе Чукотский автономный округ показатель «индекс промышленного производства (январь-август 2019 к январю-августу 2018)» в отрасли «промышленность» составил 105,3 % к соотв. периоду пред. года. Источник: Амурстат / Росстат (мониторинг соц.-экон. развития регионов ДФО).",Чукотский автономный округ,регион_ДФО,2019,8M,промышленность,высокая,https://28.rosstat.gov.ru/storage//2019/09-27/kaILmbQH/new1.pdf,quarterly
279,"В 2019 году (8M) в регионе Забайкальский край показатель «индекс промышленного производства (январь-август 2019 к январю-августу 2018)» в отрасли «промышленность» составил 102,9 % к соотв. периоду пред. года. Источник: Амурстат / Росстат (мониторинг соц.-экон. развития регионов ДФО).",Забайкальский край,регион_ДФО,2019,8M,промышленность,высокая,https://28.rosstat.gov.ru/storage//2019/09-27/kaILmbQH/new1.pdf,quarterly
280,"В 2019 году (8M) в регионе Республика Бурятия показатель «индекс промышленного производства (январь-август 2019 к январю-августу 2018)» в отрасли «промышленность» составил 124,4 % к соотв. периоду пред. года. Источник: Амурстат / Росстат (мониторинг соц.-экон. развития регионов ДФО).",Республика Бурятия,регион_ДФО,2019,8M,промышленность,высокая,https://28.rosstat.gov.ru/storage//2019/09-27/kaILmbQH/new1.pdf,quarterly
281,"В 2019 году (10M) в регионе Республика Саха (Якутия) показатель «индекс промышленного производства (январь-октябрь 2019 к январю-октябрю 2018)» в отрасли «промышленность» составил 112,3 % к соотв. периоду пред. года. Источник: Амурстат / Росстат (мониторинг соц.-экон. развития регионов ДФО).",Республика Саха (Якутия),регион_ДФО,2019,10M,промышленность,высокая,https://28.rosstat.gov.ru/storage//2019/11-28/Mgx3gyp8/new1.pdf,quarterly
282,"В 2019 году (10M) в регионе Камчатский край показатель «индекс промышленного производства (январь-октябрь 2019 к январю-октябрю 2018)» в отрасли «промышленность» составил 99,9 % к соотв. периоду пред. года. Источник: Амурстат / Росстат (мониторинг соц.-экон. развития регионов ДФО).",Камчатский край,регион_ДФО,2019,10M,промышленность,высокая,https://28.rosstat.gov.ru/storage//2019/11-28/Mgx3gyp8/new1.pdf,quarterly
283,"В 2019 году (10M) в регионе Приморский край показатель «индекс промышленного производства (январь-октябрь 2019 к январю-октябрю 2018)» в отрасли «промышленность» составил 110,0 % к соотв. периоду пред. года. Источник: Амурстат / Росстат (мониторинг соц.-экон. развития регионов ДФО).",Приморский край,регион_ДФО,2019,10M,промышленность,высокая,https://28.rosstat.gov.ru/storage//2019/11-28/Mgx3gyp8/new1.pdf,quarterly
284,"В 2019 году (10M) в регионе Хабаровский край показатель «индекс промышленного производства (январь-октябрь 2019 к январю-октябрю 2018)» в отрасли «промышленность» составил 102,3 % к соотв. периоду пред. года. Источник: Амурстат / Росстат (мониторинг соц.-экон. развития регионов ДФО).",Хабаровский край,регион_ДФО,2019,10M,промышленность,высокая,https://28.rosstat.gov.ru/storage//2019/11-28/Mgx3gyp8/new1.pdf,quarterly
285,"В 2019 году (10M) в регионе Амурская область показатель «индекс промышленного производства (январь-октябрь 2019 к январю-октябрю 2018)» в отрасли «промышленность» составил 104,0 % к соотв. периоду пред. года. Источник: Амурстат / Росстат (мониторинг соц.-экон. развития регионов ДФО).",Амурская область,регион_ДФО,2019,10M,промышленность,высокая,https://28.rosstat.gov.ru/storage//2019/11-28/Mgx3gyp8/new1.pdf,quarterly
286,"В 2019 году (10M) в регионе Магаданская область показатель «индекс промышленного производства (январь-октябрь 2019 к январю-октябрю 2018)» в отрасли «промышленность» составил 112,8 % к соотв. периоду пред. года. Источник: Амурстат / Росстат (мониторинг соц.-экон. развития регионов ДФО).",Магаданская область,регион_ДФО,2019,10M,промышленность,высокая,https://28.rosstat.gov.ru/storage//2019/11-28/Mgx3gyp8/new1.pdf,quarterly
287,"В 2019 году (10M) в регионе Сахалинская область показатель «индекс промышленного производства (январь-октябрь 2019 к январю-октябрю 2018)» в отрасли «промышленность» составил 102,2 % к соотв. периоду пред. года. Источник: Амурстат / Росстат (мониторинг соц.-экон. развития регионов ДФО).",Сахалинская область,регион_ДФО,2019,10M,промышленность,высокая,https://28.rosstat.gov.ru/storage//2019/11-28/Mgx3gyp8/new1.pdf,quarterly
288,"В 2019 году (10M) в регионе Еврейская автономная область показатель «индекс промышленного производства (январь-октябрь 2019 к январю-октябрю 2018)» в отрасли «промышленность» составил 102,5 % к соотв. периоду пред. года. Источник: Амурстат / Росстат (мониторинг соц.-экон. развития регионов ДФО).",Еврейская автономная область,регион_ДФО,2019,10M,промышленность,высокая,https://28.rosstat.gov.ru/storage//2019/11-28/Mgx3gyp8/new1.pdf,quarterly
289,"В 2019 году (10M) в регионе Чукотский автономный округ показатель «индекс промышленного производства (январь-октябрь 2019 к январю-октябрю 2018)» в отрасли «промышленность» составил 101,7 % к соотв. периоду пред. года. Источник: Амурстат / Росстат (мониторинг соц.-экон. развития регионов ДФО).",Чукотский автономный округ,регион_ДФО,2019,10M,промышленность,высокая,https://28.rosstat.gov.ru/storage//2019/11-28/Mgx3gyp8/new1.pdf,quarterly
290,"В 2019 году (10M) в регионе Забайкальский край показатель «индекс промышленного производства (январь-октябрь 2019 к январю-октябрю 2018)» в отрасли «промышленность» составил 104,9 % к соотв. периоду пред. года. Источник: Амурстат / Росстат (мониторинг соц.-экон. развития регионов ДФО).",Забайкальский край,регион_ДФО,2019,10M,промышленность,высокая,https://28.rosstat.gov.ru/storage//2019/11-28/Mgx3gyp8/new1.pdf,quarterly
291,"В 2019 году (10M) в регионе Республика Бурятия показатель «индекс промышленного производства (январь-октябрь 2019 к январю-октябрю 2018)» в отрасли «промышленность» составил 128,3 % к соотв. периоду пред. года. Источник: Амурстат / Росстат (мониторинг соц.-экон. развития регионов ДФО).",Республика Бурятия,регион_ДФО,2019,10M,промышленность,высокая,https://28.rosstat.gov.ru/storage//2019/11-28/Mgx3gyp8/new1.pdf,quarterly
292,"В 2019 году (11M) в регионе Республика Саха (Якутия) показатель «индекс промышленного производства (январь-ноябрь 2019 к январю-ноябрю 2018)» в отрасли «промышленность» составил 111,9 % к соотв. периоду пред. года. Источник: Амурстат / Росстат (мониторинг соц.-экон. развития регионов ДФО).",Республика Саха (Якутия),регион_ДФО,2019,11M,промышленность,высокая,https://28.rosstat.gov.ru/storage//2019/12-27/dIsTZcSs/new1.pdf,quarterly
293,"В 2019 году (11M) в регионе Камчатский край показатель «индекс промышленного производства (январь-ноябрь 2019 к январю-ноябрю 2018)» в отрасли «промышленность» составил 100,5 % к соотв. периоду пред. года. Источник: Амурстат / Росстат (мониторинг соц.-экон. развития регионов ДФО).",Камчатский край,регион_ДФО,2019,11M,промышленность,высокая,https://28.rosstat.gov.ru/storage//2019/12-27/dIsTZcSs/new1.pdf,quarterly
294,"В 2019 году (11M) в регионе Приморский край показатель «индекс промышленного производства (январь-ноябрь 2019 к январю-ноябрю 2018)» в отрасли «промышленность» составил 112,2 % к соотв. периоду пред. года. Источник: Амурстат / Росстат (мониторинг соц.-экон. развития регионов ДФО).",Приморский край,регион_ДФО,2019,11M,промышленность,высокая,https://28.rosstat.gov.ru/storage//2019/12-27/dIsTZcSs/new1.pdf,quarterly
295,"В 2019 году (11M) в регионе Хабаровский край показатель «индекс промышленного производства (январь-ноябрь 2019 к январю-ноябрю 2018)» в отрасли «промышленность» составил 98,7 % к соотв. периоду пред. года. Источник: Амурстат / Росстат (мониторинг соц.-экон. развития регионов ДФО).",Хабаровский край,регион_ДФО,2019,11M,промышленность,высокая,https://28.rosstat.gov.ru/storage//2019/12-27/dIsTZcSs/new1.pdf,quarterly
296,"В 2019 году (11M) в регионе Амурская область показатель «индекс промышленного производства (январь-ноябрь 2019 к январю-ноябрю 2018)» в отрасли «промышленность» составил 104,5 % к соотв. периоду пред. года. Источник: Амурстат / Росстат (мониторинг соц.-экон. развития регионов ДФО).",Амурская область,регион_ДФО,2019,11M,промышленность,высокая,https://28.rosstat.gov.ru/storage//2019/12-27/dIsTZcSs/new1.pdf,quarterly
297,"В 2019 году (11M) в регионе Магаданская область показатель «индекс промышленного производства (январь-ноябрь 2019 к январю-ноябрю 2018)» в отрасли «промышленность» составил 113,1 % к соотв. периоду пред. года. Источник: Амурстат / Росстат (мониторинг соц.-экон. развития регионов ДФО).",Магаданская область,регион_ДФО,2019,11M,промышленность,высокая,https://28.rosstat.gov.ru/storage//2019/12-27/dIsTZcSs/new1.pdf,quarterly
298,"В 2019 году (11M) в регионе Сахалинская область показатель «индекс промышленного производства (январь-ноябрь 2019 к январю-ноябрю 2018)» в отрасли «промышленность» составил 101,8 % к соотв. периоду пред. года. Источник: Амурстат / Росстат (мониторинг соц.-экон. развития регионов ДФО).",Сахалинская область,регион_ДФО,2019,11M,промышленность,высокая,https://28.rosstat.gov.ru/storage//2019/12-27/dIsTZcSs/new1.pdf,quarterly
299,"В 2019 году (11M) в регионе Еврейская автономная область показатель «индекс промышленного производства (январь-ноябрь 2019 к январю-ноябрю 2018)» в отрасли «промышленность» составил 103,7 % к соотв. периоду пред. года. Источник: Амурстат / Росстат (мониторинг соц.-экон. развития регионов ДФО).",Еврейская автономная область,регион_ДФО,2019,11M,промышленность,высокая,https://28.rosstat.gov.ru/storage//2019/12-27/dIsTZcSs/new1.pdf,quarterly
300,"В 2019 году (11M) в регионе Чукотский автономный округ показатель «индекс промышленного производства (январь-ноябрь 2019 к январю-ноябрю 2018)» в отрасли «промышленность» составил 104,2 % к соотв. периоду пред. года. Источник: Амурстат / Росстат (мониторинг соц.-экон. развития регионов ДФО).",Чукотский автономный округ,регион_ДФО,2019,11M,промышленность,высокая,https://28.rosstat.gov.ru/storage//2019/12-27/dIsTZcSs/new1.pdf,quarterly
301,"В 2019 году (11M) в регионе Забайкальский край показатель «индекс промышленного производства (январь-ноябрь 2019 к январю-ноябрю 2018)» в отрасли «промышленность» составил 103,9 % к соотв. периоду пред. года. Источник: Амурстат / Росстат (мониторинг соц.-экон. развития регионов ДФО).",Забайкальский край,регион_ДФО,2019,11M,промышленность,высокая,https://28.rosstat.gov.ru/storage//2019/12-27/dIsTZcSs/new1.pdf,quarterly
302,"В 2019 году (11M) в регионе Республика Бурятия показатель «индекс промышленного производства (январь-ноябрь 2019 к январю-ноябрю 2018)» в отрасли «промышленность» составил 123,0 % к соотв. периоду пред. года. Источник: Амурстат / Росстат (мониторинг соц.-экон. развития регионов ДФО).",Республика Бурятия,регион_ДФО,2019,11M,промышленность,высокая,https://28.rosstat.gov.ru/storage//2019/12-27/dIsTZcSs/new1.pdf,quarterly
303,"В 2025 году (5M) в регионе Республика Саха (Якутия) показатель «индекс промышленного производства (январь-май 2025 к январю-маю 2024)» в отрасли «промышленность» составил 104,8 % к соотв. периоду пред. года. Источник: Амурстат / Росстат (мониторинг соц.-экон. развития регионов ДФО).",Республика Саха (Якутия),регион_ДФО,2025,5M,промышленность,высокая,https://28.rosstat.gov.ru/storage/2025/07-07/CjbNkZXY/2025_new1.pdf,quarterly
304,"В 2025 году (5M) в регионе Камчатский край показатель «индекс промышленного производства (январь-май 2025 к январю-маю 2024)» в отрасли «промышленность» составил 91,7 % к соотв. периоду пред. года. Источник: Амурстат / Росстат (мониторинг соц.-экон. развития регионов ДФО).",Камчатский край,регион_ДФО,2025,5M,промышленность,высокая,https://28.rosstat.gov.ru/storage/2025/07-07/CjbNkZXY/2025_new1.pdf,quarterly
305,"В 2025 году (5M) в регионе Приморский край показатель «индекс промышленного производства (январь-май 2025 к январю-маю 2024)» в отрасли «промышленность» составил 100,9 % к соотв. периоду пред. года. Источник: Амурстат / Росстат (мониторинг соц.-экон. развития регионов ДФО).",Приморский край,регион_ДФО,2025,5M,промышленность,высокая,https://28.rosstat.gov.ru/storage/2025/07-07/CjbNkZXY/2025_new1.pdf,quarterly
306,"В 2025 году (5M) в регионе Хабаровский край показатель «индекс промышленного производства (январь-май 2025 к январю-маю 2024)» в отрасли «промышленность» составил 116,2 % к соотв. периоду пред. года. Источник: Амурстат / Росстат (мониторинг соц.-экон. развития регионов ДФО).",Хабаровский край,регион_ДФО,2025,5M,промышленность,высокая,https://28.rosstat.gov.ru/storage/2025/07-07/CjbNkZXY/2025_new1.pdf,quarterly
307,"В 2025 году (5M) в регионе Амурская область показатель «индекс промышленного производства (январь-май 2025 к январю-маю 2024)» в отрасли «промышленность» составил 103,6 % к соотв. периоду пред. года. Источник: Амурстат / Росстат (мониторинг соц.-экон. развития регионов ДФО).",Амурская область,регион_ДФО,2025,5M,промышленность,высокая,https://28.rosstat.gov.ru/storage/2025/07-07/CjbNkZXY/2025_new1.pdf,quarterly
308,"В 2025 году (5M) в регионе Магаданская область показатель «индекс промышленного производства (январь-май 2025 к январю-маю 2024)» в отрасли «промышленность» составил 110,9 % к соотв. периоду пред. года. Источник: Амурстат / Росстат (мониторинг соц.-экон. развития регионов ДФО).",Магаданская область,регион_ДФО,2025,5M,промышленность,высокая,https://28.rosstat.gov.ru/storage/2025/07-07/CjbNkZXY/2025_new1.pdf,quarterly
309,"В 2025 году (5M) в регионе Сахалинская область показатель «индекс промышленного производства (январь-май 2025 к январю-маю 2024)» в отрасли «промышленность» составил 97,5 % к соотв. периоду пред. года. Источник: Амурстат / Росстат (мониторинг соц.-экон. развития регионов ДФО).",Сахалинская область,регион_ДФО,2025,5M,промышленность,высокая,https://28.rosstat.gov.ru/storage/2025/07-07/CjbNkZXY/2025_new1.pdf,quarterly
310,"В 2025 году (5M) в регионе Еврейская автономная область показатель «индекс промышленного производства (январь-май 2025 к январю-маю 2024)» в отрасли «промышленность» составил 107,9 % к соотв. периоду пред. года. Источник: Амурстат / Росстат (мониторинг соц.-экон. развития регионов ДФО).",Еврейская автономная область,регион_ДФО,2025,5M,промышленность,высокая,https://28.rosstat.gov.ru/storage/2025/07-07/CjbNkZXY/2025_new1.pdf,quarterly
311,"В 2025 году (5M) в регионе Чукотский автономный округ показатель «индекс промышленного производства (январь-май 2025 к январю-маю 2024)» в отрасли «промышленность» составил 126,2 % к соотв. периоду пред. года. Источник: Амурстат / Росстат (мониторинг соц.-экон. развития регионов ДФО).",Чукотский автономный округ,регион_ДФО,2025,5M,промышленность,высокая,https://28.rosstat.gov.ru/storage/2025/07-07/CjbNkZXY/2025_new1.pdf,quarterly
312,"В 2025 году (5M) в регионе Забайкальский край показатель «индекс промышленного производства (январь-май 2025 к январю-маю 2024)» в отрасли «промышленность» составил 101,8 % к соотв. периоду пред. года. Источник: Амурстат / Росстат (мониторинг соц.-экон. развития регионов ДФО).",Забайкальский край,регион_ДФО,2025,5M,промышленность,высокая,https://28.rosstat.gov.ru/storage/2025/07-07/CjbNkZXY/2025_new1.pdf,quarterly
313,"В 2025 году (5M) в регионе Республика Бурятия показатель «индекс промышленного производства (январь-май 2025 к январю-маю 2024)» в отрасли «промышленность» составил 102,5 % к соотв. периоду пред. года. Источник: Амурстат / Росстат (мониторинг соц.-экон. развития регионов ДФО).",Республика Бурятия,регион_ДФО,2025,5M,промышленность,высокая,https://28.rosstat.gov.ru/storage/2025/07-07/CjbNkZXY/2025_new1.pdf,quarterly
314,"В 2019 году (Jul) в регионе Республика Саха (Якутия) показатель «среднемесячная номинальная начисленная зарплата (июль 2019)» в отрасли «труд» составил 67246,1 руб. Источник: Амурстат / Росстат (мониторинг соц.-экон. развития регионов ДФО).",Республика Саха (Якутия),регион_ДФО,2019,Jul,труд,высокая,https://28.rosstat.gov.ru/storage//2019/09-27/kaILmbQH/new1.pdf,quarterly
315,"В 2019 году (Jul) в регионе Камчатский край показатель «среднемесячная номинальная начисленная зарплата (июль 2019)» в отрасли «труд» составил 71785,9 руб. Источник: Амурстат / Росстат (мониторинг соц.-экон. развития регионов ДФО).",Камчатский край,регион_ДФО,2019,Jul,труд,высокая,https://28.rosstat.gov.ru/storage//2019/09-27/kaILmbQH/new1.pdf,quarterly
316,"В 2019 году (Jul) в регионе Приморский край показатель «среднемесячная номинальная начисленная зарплата (июль 2019)» в отрасли «труд» составил 46708,3 руб. Источник: Амурстат / Росстат (мониторинг соц.-экон. развития регионов ДФО).",Приморский край,регион_ДФО,2019,Jul,труд,высокая,https://28.rosstat.gov.ru/storage//2019/09-27/kaILmbQH/new1.pdf,quarterly
317,"В 2019 году (Jul) в регионе Хабаровский край показатель «среднемесячная номинальная начисленная зарплата (июль 2019)» в отрасли «труд» составил 50313,0 руб. Источник: Амурстат / Росстат (мониторинг соц.-экон. развития регионов ДФО).",Хабаровский край,регион_ДФО,2019,Jul,труд,высокая,https://28.rosstat.gov.ru/storage//2019/09-27/kaILmbQH/new1.pdf,quarterly
318,"В 2019 году (Jul) в регионе Амурская область показатель «среднемесячная номинальная начисленная зарплата (июль 2019)» в отрасли «труд» составил 46519,0 руб. Источник: Амурстат / Росстат (мониторинг соц.-экон. развития регионов ДФО).",Амурская область,регион_ДФО,2019,Jul,труд,высокая,https://28.rosstat.gov.ru/storage//2019/09-27/kaILmbQH/new1.pdf,quarterly
319,"В 2019 году (Jul) в регионе Магаданская область показатель «среднемесячная номинальная начисленная зарплата (июль 2019)» в отрасли «труд» составил 89170,7 руб. Источник: Амурстат / Росстат (мониторинг соц.-экон. развития регионов ДФО).",Магаданская область,регион_ДФО,2019,Jul,труд,высокая,https://28.rosstat.gov.ru/storage//2019/09-27/kaILmbQH/new1.pdf,quarterly
320,"В 2019 году (Jul) в регионе Сахалинская область показатель «среднемесячная номинальная начисленная зарплата (июль 2019)» в отрасли «труд» составил 88563,0 руб. Источник: Амурстат / Росстат (мониторинг соц.-экон. развития регионов ДФО).",Сахалинская область,регион_ДФО,2019,Jul,труд,высокая,https://28.rosstat.gov.ru/storage//2019/09-27/kaILmbQH/new1.pdf,quarterly
321,"В 2019 году (Jul) в регионе Еврейская автономная область показатель «среднемесячная номинальная начисленная зарплата (июль 2019)» в отрасли «труд» составил 42233,6 руб. Источник: Амурстат / Росстат (мониторинг соц.-экон. развития регионов ДФО).",Еврейская автономная область,регион_ДФО,2019,Jul,труд,высокая,https://28.rosstat.gov.ru/storage//2019/09-27/kaILmbQH/new1.pdf,quarterly
322,"В 2019 году (Jul) в регионе Чукотский автономный округ показатель «среднемесячная номинальная начисленная зарплата (июль 2019)» в отрасли «труд» составил 108268,0 руб. Источник: Амурстат / Росстат (мониторинг соц.-экон. развития регионов ДФО).",Чукотский автономный округ,регион_ДФО,2019,Jul,труд,высокая,https://28.rosstat.gov.ru/storage//2019/09-27/kaILmbQH/new1.pdf,quarterly
323,"В 2019 году (Jul) в регионе Забайкальский край показатель «среднемесячная номинальная начисленная зарплата (июль 2019)» в отрасли «труд» составил 41402,0 руб. Источник: Амурстат / Росстат (мониторинг соц.-экон. развития регионов ДФО).",Забайкальский край,регион_ДФО,2019,Jul,труд,высокая,https://28.rosstat.gov.ru/storage//2019/09-27/kaILmbQH/new1.pdf,quarterly
324,"В 2019 году (Jul) в регионе Республика Бурятия показатель «среднемесячная номинальная начисленная зарплата (июль 2019)» в отрасли «труд» составил 37120,6 руб. Источник: Амурстат / Росстат (мониторинг соц.-экон. развития регионов ДФО).",Республика Бурятия,регион_ДФО,2019,Jul,труд,высокая,https://28.rosstat.gov.ru/storage//2019/09-27/kaILmbQH/new1.pdf,quarterly
325,В 2024 году (H1) в регионе Республика Саха (Якутия) показатель «рост численности населения за 1-е полугодие 2024 г.» в отрасли «демография» составил 0.3 % (за полугодие). Источник: EastRussia (интервью М.Кузнецова).,Республика Саха (Якутия),регион_ДФО,2024,H1,демография,высокая,https://www.eastrussia.ru/material/demografiya-dalnego-vostoka-razvorachivaya-trend/,quarterly
326,В 2024 году (H1) в регионе Чукотский автономный округ показатель «рост численности населения за 1-е полугодие 2024 г.» в отрасли «демография» составил 0.1 % (за полугодие). Источник: EastRussia (интервью М.Кузнецова).,Чукотский автономный округ,регион_ДФО,2024,H1,демография,высокая,https://www.eastrussia.ru/material/demografiya-dalnego-vostoka-razvorachivaya-trend/,quarterly
327,В 2024 году (H1) в регионе Дальневосточный федеральный округ показатель «сокращение численности населения за 1-е полугодие 2024 г. (в целом по округу)» в отрасли «демография» составил -0.2 % (за полугодие). Источник: EastRussia (интервью М.Кузнецова).,Дальневосточный федеральный округ,округ_ДФО,2024,H1,демография,высокая,https://www.eastrussia.ru/material/demografiya-dalnego-vostoka-razvorachivaya-trend/,quarterly
328,"Дальневосточный федеральный округ, промышленность: индекс промышленного производства. Значение: данные отсутствуют. Период: Year. Источник: источник не указан.",Дальневосточный федеральный округ,округ_ДФО,2019,Year,промышленность,низкая,требует проверки — см. блок пробелов,qualitative
329,"Дальневосточный федеральный округ, промышленность: индекс промышленного производства. Значение: данные отсутствуют. Период: Year. Источник: источник не указан.",Дальневосточный федеральный округ,округ_ДФО,2020,Year,промышленность,низкая,требует проверки — см. блок пробелов,qualitative
330,"Дальневосточный федеральный округ, промышленность: индекс промышленного производства. Значение: данные отсутствуют. Период: Year. Источник: источник не указан.",Дальневосточный федеральный округ,округ_ДФО,2021,Year,промышленность,низкая,требует проверки — см. блок пробелов,qualitative
331,"Дальневосточный федеральный округ, промышленность: индекс промышленного производства. Значение: данные отсутствуют. Период: Year. Источник: источник не указан.",Дальневосточный федеральный округ,округ_ДФО,2022,Year,промышленность,низкая,требует проверки — см. блок пробелов,qualitative
332,"Дальневосточный федеральный округ, промышленность: индекс промышленного производства. Значение: данные отсутствуют. Период: Year. Источник: источник не указан.",Дальневосточный федеральный округ,округ_ДФО,2023,Year,промышленность,низкая,требует проверки — см. блок пробелов,qualitative
333,"Дальневосточный федеральный округ, промышленность: индекс промышленного производства. Значение: данные отсутствуют. Период: Year. Источник: источник не указан.",Дальневосточный федеральный округ,округ_ДФО,2024,Year,промышленность,низкая,требует проверки — см. блок пробелов,qualitative
334,"Дальневосточный федеральный округ, промышленность: индекс промышленного производства. Значение: данные отсутствуют. Период: Year. Источник: источник не указан.",Дальневосточный федеральный округ,округ_ДФО,2025,Year,промышленность,низкая,данные за год ещё не опубликованы полностью,qualitative
335,"Дальневосточный федеральный округ, обрабатывающая промышленность: доля обрабатывающих производств в ВРП. Значение: данные отсутствуют. Период: Cumulative. Источник: источник не указан.",Дальневосточный федеральный округ,округ_ДФО,2025,Cumulative,обрабатывающая промышленность,низкая,требует проверки — см. блок пробелов,qualitative
336,"Приморский край, судостроение: портфель заказов ССК ""Звезда"". Значение: 60+ судов (12 спущено на воду, 20+ строятся). Период: Year. Источник: Коммерсантъ.",Приморский край,регион_ДФО,2024,Year,судостроение,высокая,https://www.kommersant.ru/doc/7284699,qualitative
337,"Приморский край, судостроение: включение ССК ""Звезда"" в санкционный список Минфина США (февраль 2024). Значение: факт. Период: Year. Источник: Коммерсантъ.",Приморский край,регион_ДФО,2024,Year,судостроение,высокая,https://www.kommersant.ru/doc/7295418,qualitative
338,"Приморский край, судостроение: плановый срок запуска новой верфи ОСК на ДВ (мощность до 12 судов/год). Значение: 2032. Период: Plan. Источник: EastRussia (обзор отрасли).",Приморский край,регион_ДФО,2032,Plan,судостроение,высокая,https://www.eastrussia.ru/material/byulleten-eastrussia-otraslevoy-analiticheskiy-obzor-sudostroeniya-dfo-osen-2025/,qualitative
339,"Дальневосточный федеральный округ, инвестиции: плановый объём инвестиций в ДФО до 2025 г. (цитата Ю.Трутнева). Значение: 3.9. Период: Unknown. Источник: EastRussia (цитата вице-премьера).",Дальневосточный федеральный округ,округ_ДФО,,Unknown,инвестиции,высокая,https://www.eastrussia.ru/news/trutnev-na-dalniy-vostok-pridet-3-9-trln-rubley-investitsiy/,qualitative
340,"Дальневосточный федеральный округ, ТОР/СПВ: число резидентов ТОР/СПВ с иностранным участием. Значение: 73. Период: Unknown. Источник: ERDC / материал КРДВ (дата не указана — требует проверки). [Данные требуют проверки.]",Дальневосточный федеральный округ,округ_ДФО,,Unknown,ТОР/СПВ,низкая,https://erdc.ru/pdf/krdv.pdf,qualitative
341,"Дальневосточный федеральный округ, ТОР/СПВ: заявленные инвестиции иностранных резидентов ТОР/СПВ. Значение: 255.7. Период: Unknown. Источник: ERDC / материал КРДВ (дата не указана — требует проверки). [Данные требуют проверки.]",Дальневосточный федеральный округ,округ_ДФО,,Unknown,ТОР/СПВ,низкая,https://erdc.ru/pdf/krdv.pdf,qualitative
342,"Дальневосточный федеральный округ, СПВ: число открытых предприятий резидентами СПВ. Значение: 200+. Период: Unknown. Источник: EastRussia.",Дальневосточный федеральный округ,округ_ДФО,,Unknown,СПВ,высокая,https://www.eastrussia.ru/news/bolee-200-predpriyatiy-otkryli-rezidenty-spv-na-dalnem-vostoke/,qualitative
343,"Дальневосточный федеральный округ, СПВ: проекты резидентов СПВ в сфере недвижимости. Значение: 762 проекта / 33.7 млрд руб.. Период: Unknown. Источник: EastRussia.",Дальневосточный федеральный округ,округ_ДФО,,Unknown,СПВ,высокая,https://www.eastrussia.ru/news/bolee-200-predpriyatiy-otkryli-rezidenty-spv-na-dalnem-vostoke/,qualitative
344,"Дальневосточный федеральный округ, ТОР: лидеры по числу резидентов ТОР. Значение: Приморский край, Камчатка, Хабаровский край, Якутия. Период: Unknown. Источник: EastRussia (интервью гендиректора КРДВ Д.Тихонова).",Дальневосточный федеральный округ,округ_ДФО,,Unknown,ТОР,высокая,https://www.eastrussia.ru/material/gendirektor-ao-krdv-denis-tikhonov-dostignutye-rezultaty-menyayut-vzglyad-na-veshchi/,qualitative
345,"Амурская область, ТОР: лидер по объёму инвестиций резидентов ТОР. Значение: качественный факт, без цифры. Период: Unknown. Источник: EastRussia (интервью гендиректора КРДВ).",Амурская область,регион_ДФО,,Unknown,ТОР,высокая,https://www.eastrussia.ru/material/gendirektor-ao-krdv-denis-tikhonov-dostignutye-rezultaty-menyayut-vzglyad-na-veshchi/,qualitative
346,"Хабаровский край, авиастроение: первый фюзеляж SSJ-New собран на заводе ""Иркут"" (Комсомольск-на-Амуре). Значение: факт. Период: Year. Источник: EastRussia.",Хабаровский край,регион_ДФО,2022,Year,авиастроение,высокая,https://www.eastrussia.ru/news/pervyy-fyuzelyazh-laynera-ssj-new-sobrali-v-komsomolske-na-amure/,qualitative
347,"Хабаровский край, авиастроение: начало серийного выпуска SSJ-New. Значение: факт (план). Период: Plan. Источник: BFM.ru / EastRussia.",Хабаровский край,регион_ДФО,2024,Plan,авиастроение,высокая,https://www.bfm.ru/news/531276,qualitative
348,"Дальневосточный федеральный округ, авиастроение: план поставок SSJ New Единой дальневосточной авиакомпании до конца 2025 г.. Значение: 8 (SSJ New) из 45 отечественных самолётов. Период: Unknown. Источник: EastRussia (со ссылкой на КРДВ).",Дальневосточный федеральный округ,округ_ДФО,,Unknown,авиастроение,высокая,https://www.eastrussia.ru/news/edinaya-dalnevostochnaya-aviakompaniya-poluchit-vosem-ssj-new/,qualitative
349,"Республика Саха (Якутия), авиастроение: SSJ-100 на вооружении авиакомпании ""Якутия"". Значение: 5. Период: Unknown. Источник: EastRussia (со ссылкой на КРДВ).",Республика Саха (Якутия),регион_ДФО,,Unknown,авиастроение,высокая,https://www.eastrussia.ru/news/edinaya-dalnevostochnaya-aviakompaniya-poluchit-vosem-ssj-new/,qualitative
350,"Приморский край, вертолётостроение: завод ""Прогресс"" (Арсеньев) продолжает серийный выпуск Ка-52 ""Аллигатор"". Значение: факт. Период: Year. Источник: Коммерсантъ (историческая справка).",Приморский край,регион_ДФО,2023,Year,вертолётостроение,высокая,https://www.kommersant.ru/doc/1049820,qualitative
351,"Приморский край, вертолётостроение: начало выпуска пассажирских вертолётов Ка-62 для нужд ДФО. Значение: факт (план). Период: Plan. Источник: EastRussia.",Приморский край,регион_ДФО,2021,Plan,вертолётостроение,высокая,https://www.eastrussia.ru/news/vertolety-dlya-dalnevostochnoy-aviakompanii-budut-stroit-v-primore/,qualitative
352,"Приморский край, радиоэлектроника: визит вице-премьера Д.Мантурова на завод ""Дальприбор"" (приборы, датчики, измерительная аппаратура). Значение: факт. Период: Year. Источник: Дайджест НИИЭТ (со ссылкой на пресс-службу Правительства РФ).",Приморский край,регион_ДФО,2024,Year,радиоэлектроника,высокая,https://niiet.ru/wp-content/uploads/2024/09/Дайджест_информационных_ресурсов_30_08_06_09_2024_г.pdf,qualitative
353,"Российская Федерация, дроностроение: выпуск гражданских беспилотников в РФ. Значение: ~18000. Период: Year. Источник: Радио Свобода (со ссылкой на В.Шпака, Минпромторг).",Российская Федерация,РФ,2024,Year,дроностроение,высокая,https://www.svoboda.org/a/32558707.html,qualitative
354,"Приморский край, наука/наноэлектроника: создание ИНТЦ ""Русский"" и синхротрона на о. Русский как инфраструктуры для материаловедения/микроэлектроники. Значение: факт (в процессе). Период: Cumulative. Источник: ДВФУ / ИНТиПМ ДВО РАН.",Приморский край,регион_ДФО,2025,Cumulative,наука/наноэлектроника,высокая,https://www.dvfu.ru/the_consortium_integration/documents/ИНТиПМ_ДВО РАН_.pdf,qualitative
355,"Приморский край, робототехника (кадры): открытие направлений подготовки ""Мехатроника и робототехника"" в ДВФУ (бакалавриат/магистратура, совместно с ИАПУ ДВО РАН). Значение: факт. Период: Cumulative. Источник: ДВФУ.",Приморский край,регион_ДФО,2025,Cumulative,робототехника (кадры),высокая,https://postupi.dvfu.ru/upload/medialibrary/586/6twyx5opiv0g0hupapu0tsf3234qrqdq/15.03.06 Мехатроника и робототехника.pdf,qualitative
356,"Приморский край, наука/инфраструктура: принято постановление Правительства РФ №1868 о создании ИНТЦ ""Русский"". Значение: факт (18.11.2020). Период: Year. Источник: ppt.ru (обзор НПА).",Приморский край,регион_ДФО,2020,Year,наука/инфраструктура,высокая,https://ppt.ru/amp/obzory/vstupaet-v-silu/postanovlenie-pravitelstva-rf-15-05-2025-653,qualitative
357,"Приморский край, биомедицина/биотехнологии: анонс создания 4 кластеров ИНТЦ ""Русский"" (Биомедицина, Биотехнологии, Морская инженерия, IT-парк). Значение: факт. Период: Year. Источник: GxP News.",Приморский край,регион_ДФО,2022,Year,биомедицина/биотехнологии,высокая,https://gxpnews.net/2022/08/na-dalnem-vostoke-sozdadut-novyj-biomediczinskij-klaster/,qualitative
358,"Приморский край, биомедицина: первым запускаемым кластером ИНТЦ ""Русский"" объявлена ""Биомедицина"" (клеточные продукты, лазерная микроскопия, виварий). Значение: факт. Период: Year. Источник: GxP News.",Приморский край,регион_ДФО,2022,Year,биомедицина,высокая,https://gxpnews.net/2022/08/na-dalnem-vostoke-sozdadut-novyj-biomediczinskij-klaster/,qualitative
359,"Приморский край, фарма/биомедицина: биомедицина и фармацевтика официально включены в перечень научных направлений ИНТЦ ""Русский"" (постановление №653 от 15.05.2025). Значение: факт. Период: Year. Источник: Фармацевтический вестник.",Приморский край,регион_ДФО,2025,Year,фарма/биомедицина,высокая,https://pharmvestnik.ru/content/news/Biomedicina-i-farmacevtika-vklucheny-v-perechen-nauchnyh-napravlenii-centra-Russkii.html,qualitative
360,"Приморский край, фармацевтика: первые резиденты ИНТЦ ""Русский"" — компании ""Авексима Иннотех"" и ""Авексима Диол"" (запуск на ВЭФ-2025). Значение: факт. Период: Year. Источник: GxP News (со ссылкой на Ю.Трутнева).",Приморский край,регион_ДФО,2025,Year,фармацевтика,высокая,https://gxpnews.net/2025/09/farmaczevticheskie-kompanii-stali-pervymi-rezidentami-innovaczionnogo-czentra-na-ostrove-russkij/,qualitative
361,"Приморский край, фармацевтика: запуск пилотной линии производства препарата ""Димолегина"" (антитромботический, ""Авексима Диол""). Значение: факт. Период: Year. Источник: GxP News.",Приморский край,регион_ДФО,2025,Year,фармацевтика,высокая,https://gxpnews.net/2025/09/farmaczevticheskie-kompanii-stali-pervymi-rezidentami-innovaczionnogo-czentra-na-ostrove-russkij/,qualitative
362,"Приморский край, фармацевтика: инвестиции в пилотный проект ""Авексима Диол"" (лаборатория 500 кв.м + производство). Значение: 150+. Период: Year. Источник: GxP News.",Приморский край,регион_ДФО,2025,Year,фармацевтика,высокая,https://gxpnews.net/2025/09/farmaczevticheskie-kompanii-stali-pervymi-rezidentami-innovaczionnogo-czentra-na-ostrove-russkij/,qualitative
363,"Приморский край, биомедицина: переговоры ИНТЦ ""Русский"" с ""ХимРар"" и ""Р-Фарм"" (лидеры фарм. отрасли РФ) о сотрудничестве. Значение: факт (переговоры, не завершённая сделка). Период: Year. Источник: GxP News.",Приморский край,регион_ДФО,2022,Year,биомедицина,высокая,https://gxpnews.net/2022/08/na-dalnem-vostoke-sozdadut-novyj-biomediczinskij-klaster/,qualitative
364,"Приморский край, наука: создание синхротрона на о. Русский как инфраструктуры для биотехнологий и материаловедения. Значение: факт (в процессе). Период: Cumulative. Источник: ИНТиПМ ДВО РАН / ДВФУ.",Приморский край,регион_ДФО,2025,Cumulative,наука,высокая,https://www.dvfu.ru/the_consortium_integration/documents/ИНТиПМ_ДВО РАН_.pdf,qualitative
365,"Дальневосточный федеральный округ, туризм (инвестиции): заключено инвестсоглашений по туризму (горнолыжки, отели, спа). Значение: ~300. Период: Year. Источник: Минтранс РФ (цитата Н.Запрягаева).",Дальневосточный федеральный округ,округ_ДФО,2025,Year,туризм (инвестиции),высокая,https://www.mintrans.gov.ru/press-center/branch-news/9073,qualitative
366,"Дальневосточный федеральный округ, ВЭФ: итоги ВЭФ-2019. Значение: данные отсутствуют. Период: Year. Источник: источник не указан.",Дальневосточный федеральный округ,округ_ДФО,2019,Year,ВЭФ,низкая,требует проверки — не найдено в этом проходе,qualitative
367,"Дальневосточный федеральный округ, ВЭФ: форум не проводился (пандемия COVID-19). Значение: 0 (форум отменён). Период: Year. Источник: требует проверки. [Данные требуют проверки.]",Дальневосточный федеральный округ,округ_ДФО,2020,Year,ВЭФ,низкая,требует проверки,qualitative
368,"Дальневосточный федеральный округ, ВЭФ: итоги ВЭФ-2021. Значение: данные отсутствуют. Период: Year. Источник: источник не указан.",Дальневосточный федеральный округ,округ_ДФО,2021,Year,ВЭФ,низкая,требует проверки — не найдено в этом проходе,qualitative
369,"Дальневосточный федеральный округ, ВЭФ: итоги ВЭФ-2022. Значение: данные отсутствуют. Период: Year. Источник: источник не указан.",Дальневосточный федеральный округ,округ_ДФО,2022,Year,ВЭФ,низкая,требует проверки — не найдено в этом проходе,qualitative
370,"Дальневосточный федеральный округ, ВЭФ: итоги ВЭФ-2024 — подписано соглашений. Значение: 313 (cdu.ru) / 258 (Трутнев, expert.ru) — расхождение источников. Период: Year. Источник: cdu.ru; expert.ru.",Дальневосточный федеральный округ,округ_ДФО,2024,Year,ВЭФ,низкая,https://www.cdu.ru/tek_russia/articles/3/1303 ; https://expert.ru/news/na-vef-zaklyucheny-soglasheniya-na-rekordnye-5-i-4-trln-rubley,qualitative
371,"Дальневосточный федеральный округ, ВЭФ: итоги ВЭФ-2024 — сумма соглашений. Значение: 5.569 трлн руб. (cdu.ru) / 5.395 трлн руб. (Трутнев, expert.ru) — расхождение источников. Период: Year. Источник: cdu.ru; expert.ru.",Дальневосточный федеральный округ,округ_ДФО,2024,Year,ВЭФ,низкая,https://www.cdu.ru/tek_russia/articles/3/1303 ; https://expert.ru/news/na-vef-zaklyucheny-soglasheniya-na-rekordnye-5-i-4-trln-rubley,qualitative
372,"Дальневосточный федеральный округ, ВЭФ: межрегиональные соглашения 13 регионов РФ на ВЭФ-2024. Значение: 119 соглашений / 724 млрд руб.. Период: Year. Источник: cdu.ru.",Дальневосточный федеральный округ,округ_ДФО,2024,Year,ВЭФ,высокая,https://www.cdu.ru/tek_russia/articles/3/1303,qualitative
373,"Дальневосточный федеральный округ, ВЭФ: итоги ВЭФ-2025 — сумма соглашений. Значение: 6.51 трлн руб. (Finance.Mail) / 6.051 трлн руб. (Expert.ru) — расхождение источников. Период: Year. Источник: Finance.Mail.ru; Expert.ru.",Дальневосточный федеральный округ,округ_ДФО,2025,Year,ВЭФ,низкая,https://finance.mail.ru/article/soglasheniya-6-6-trln-rubley-byli-podpisany-v-ramkah-vef-2025-67767533/ ; https://expert.ru/news/na-vef-podpisali-bolee-350-soglasheniy-na-6-trln-rubley,qualitative
374,"Дальневосточный федеральный округ, ВЭФ: межрегиональные соглашения 15 регионов РФ на ВЭФ-2025. Значение: 153 документа / 2.8 трлн руб.. Период: Year. Источник: Finance.Mail.ru.",Дальневосточный федеральный округ,округ_ДФО,2025,Year,ВЭФ,высокая,https://finance.mail.ru/article/na-vef-15-regionov-rossii-podpisali-153-dokumenta-na-summu-pochti-2-8-trln-rubley-67776859/,qualitative
375,"Дальневосточный федеральный округ, общие инвестиции: плановый объём инвестиций в ДФО (цитата Ю.Трутнева, см. Блок 1). Значение: 3.9. Период: Unknown. Источник: EastRussia.",Дальневосточный федеральный округ,округ_ДФО,,Unknown,общие инвестиции,высокая,https://www.eastrussia.ru/news/trutnev-na-dalniy-vostok-pridet-3-9-trln-rubley-investitsiy/,qualitative
376,"Дальневосточный федеральный округ, демография: целевой показатель стабилизации населения по Концепции демографической политики ДФО (2017 г.). Значение: 8.3. Период: Plan. Источник: Власть и управление на Востоке России.",Дальневосточный федеральный округ,округ_ДФО,2020,Plan,демография,высокая,https://vlastdviu.ranepa.ru/downLoad/rio/j2025-2/3.pdf,qualitative
377,"Дальневосточный федеральный округ, демография: целевой показатель роста населения по Концепции демографической политики ДФО. Значение: 8.6. Период: Plan. Источник: Власть и управление на Востоке России.",Дальневосточный федеральный округ,округ_ДФО,2025,Plan,демография,высокая,https://vlastdviu.ranepa.ru/downLoad/rio/j2025-2/3.pdf,qualitative
378,"Дальневосточный федеральный округ, труд: потребность в кадрах под новые инвестпроекты (цитата замглавы Минвостокразвития С.Качаева, дата статьи не установлена). Значение: 100000. Период: Plan. Источник: EastRussia.",Дальневосточный федеральный округ,округ_ДФО,2025,Plan,труд,высокая,https://www.eastrussia.ru/material/ottok-naseleniya-vykhodit-iz-pod-obyasneniya/,qualitative
379,"Дальневосточный федеральный округ, демография: численность населения по регионам. Значение: данные отсутствуют. Период: Year. Источник: источник не указан.",Дальневосточный федеральный округ,округ_ДФО,2019,Year,демография,низкая,требует проверки — см. блок пробелов,qualitative
380,"Дальневосточный федеральный округ, демография: численность населения по регионам. Значение: данные отсутствуют. Период: Year. Источник: источник не указан.",Дальневосточный федеральный округ,округ_ДФО,2020,Year,демография,низкая,требует проверки — см. блок пробелов,qualitative
381,"Дальневосточный федеральный округ, демография: численность населения по регионам. Значение: данные отсутствуют. Период: Year. Источник: источник не указан.",Дальневосточный федеральный округ,округ_ДФО,2021,Year,демография,низкая,требует проверки — см. блок пробелов,qualitative
382,"Дальневосточный федеральный округ, демография: численность населения по регионам. Значение: данные отсутствуют. Период: Year. Источник: источник не указан.",Дальневосточный федеральный округ,округ_ДФО,2022,Year,демография,низкая,требует проверки — см. блок пробелов,qualitative
383,"Дальневосточный федеральный округ, демография: численность населения по регионам. Значение: данные отсутствуют. Период: Year. Источник: источник не указан.",Дальневосточный федеральный округ,округ_ДФО,2023,Year,демография,низкая,требует проверки — см. блок пробелов,qualitative
384,"Дальневосточный федеральный округ, демография: миграционный прирост/убыль по годам и регионам. Значение: данные отсутствуют. Период: Cumulative. Источник: источник не указан.",Дальневосточный федеральный округ,округ_ДФО,2025,Cumulative,демография,низкая,требует проверки — см. блок пробелов,qualitative
385,"Дальневосточный федеральный округ, труд: средняя заработная плата в абсолютных числах по регионам. Значение: данные отсутствуют. Период: Cumulative. Источник: источник не указан.",Дальневосточный федеральный округ,округ_ДФО,2025,Cumulative,труд,низкая,требует проверки — см. блок пробелов,qualitative
386,"Приморский край, ИИ (кадры): число студентов ДВФУ по направлению ""Искусственный интеллект и анализ данных"". Значение: 100+. Период: Year. Источник: EastRussia (со ссылкой на ДВФУ).",Приморский край,регион_ДФО,2025,Year,ИИ (кадры),высокая,https://www.eastrussia.ru/news/menyayushchie-povsednevnost-tekhnologii-predstavit-sber/,qualitative
387,"Дальневосточный федеральный округ, ИИ (бизнес-применение): качественные примеры внедрения ИИ в бизнес-процессы (анализ звонков, найм, саммаризация встреч) на конференциях с участием ДВ-компаний. Значение: факт (качественно, без региональной статистики). Период: Year. Источник: EastRussia.",Дальневосточный федеральный округ,округ_ДФО,2025,Year,ИИ (бизнес-применение),высокая,https://www.eastrussia.ru/news/menyayushchie-povsednevnost-tekhnologii-predstavit-sber/,qualitative
388,"Приморский край, космический мониторинг: создание Центра космического мониторинга (Спутниковый центр ДВО РАН — ЦКП РСМ ОС ДВО РАН). Значение: факт. Период: Year. Источник: Sovzond / научная статья ДВО РАН.",Приморский край,регион_ДФО,2010,Year,космический мониторинг,высокая,https://sovzond.ru/upload/iblock/c89/9_62-68.pdf,qualitative
389,"Приморский край, космический мониторинг: мониторинг атмосферы и океана в районе АЭС Фукусима-1 силами Спутникового центра ДВО РАН. Значение: факт. Период: Year. Источник: Sovzond.",Приморский край,регион_ДФО,2011,Year,космический мониторинг,высокая,https://sovzond.ru/upload/iblock/c89/9_62-68.pdf,qualitative
390,"Приморский край, космический мониторинг: функции спутникового центра ДВО РАН — мониторинг ЧС и акваторий Японского моря (актуальность на 2023-2025 не подтверждена). Значение: факт (инфраструктура существует, актуальный статус требует проверки). Период: Cumulative. Источник: Sovzond.",Приморский край,регион_ДФО,2025,Cumulative,космический мониторинг,низкая,https://sovzond.ru/upload/iblock/c89/9_62-68.pdf,qualitative
391,"Мир (справочный контекст, не РФ), космический мониторинг: запущено спутников ДЗЗ в мире за год (справочно, для контекста отрасли). Значение: ~300. Период: Year. Источник: научная публикация СГАУ (со ссылкой на Bryce Space and Technology Report).","Мир (справочный контекст, не РФ)",иной,2024,Year,космический мониторинг,высокая,https://ssau.ru/storage/pages/6914/file_69b3ea50a76c84.22339904.pdf,qualitative
392,"Дальневосточный федеральный округ, цифровые платформы: отраслевые цифровые платформы региона (Госуслуги ДВ, платформы КРДВ для резидентов и др.). Значение: данные отсутствуют. Период: Cumulative. Источник: источник не указан.",Дальневосточный федеральный округ,округ_ДФО,2025,Cumulative,цифровые платформы,низкая,требует проверки — не найдено в этом проходе,qualitative
393,"Дальневосточный федеральный округ, ИИ в отраслях: внедрение ИИ в промышленность, добычу, логистику ДФО (конкретные кейсы и объёмы). Значение: данные отсутствуют. Период: Cumulative. Источник: источник не указан.",Дальневосточный федеральный округ,округ_ДФО,2025,Cumulative,ИИ в отраслях,низкая,требует проверки — не найдено в этом проходе,qualitative
394,"Дальневосточный федеральный округ, космический мониторинг: радарное зондирование конкретно для ДФО (Севморпуть, порты, промысел) — проекты и охват. Значение: данные отсутствуют. Период: Cumulative. Источник: источник не указан.",Дальневосточный федеральный округ,округ_ДФО,2025,Cumulative,космический мониторинг,низкая,требует проверки — см. блок пробелов,qualitative
395,"Дальневосточный федеральный округ, демография: численность постоянного населения на 1 января (после присоединения Бурятии и Забайкальского края в 2018 г., рост показателя в 2019 г. — эффект присоединения, не органический рост). Значение: данные отсутствуют. Период: Year. Источник: требует проверки — см. блок «что не удалось найти». [Данные требуют проверки.]",Дальневосточный федеральный округ,округ_ДФО,2019,Year,демография,низкая,,qualitative
396,"Дальневосточный федеральный округ, демография: численность постоянного населения на 1 января. Значение: данные отсутствуют. Период: Year. Источник: требует проверки. [Данные требуют проверки.]",Дальневосточный федеральный округ,округ_ДФО,2020,Year,демография,низкая,,qualitative
397,"Дальневосточный федеральный округ, демография: численность постоянного населения на 1 января (по Росстату, сокращение на 0,5% за 2021 год). Значение: данные отсутствуют. Период: Year. Источник: требует проверки (значение снижения % найдено, абсолютная цифра — нет). [Данные требуют проверки.]",Дальневосточный федеральный округ,округ_ДФО,2021,Year,демография,низкая,https://science.vvsu.ru/files/1EE41846-2439-41AD-B4B3-DC5B24D94B39.pdf,qualitative
398,"Дальневосточный федеральный округ, демография: численность постоянного населения на 1 января. Значение: данные отсутствуют. Период: Year. Источник: требует проверки. [Данные требуют проверки.]",Дальневосточный федеральный округ,округ_ДФО,2022,Year,демография,низкая,,qualitative
399,"Дальневосточный федеральный округ, демография: численность постоянного населения на 1 января. Значение: данные отсутствуют. Период: Year. Источник: требует проверки. [Данные требуют проверки.]",Дальневосточный федеральный округ,округ_ДФО,2023,Year,демография,низкая,,qualitative
400,"Дальневосточный федеральный округ, демография: численность постоянного населения на момент присоединения Бурятии и Забайкальского края (справочная точка отсчёта). Значение: 8200. Период: Cumulative. Источник: Власть и управление на Востоке России (со ссылкой на Росстат).",Дальневосточный федеральный округ,округ_ДФО,2025,Cumulative,демография,высокая,https://vlastdviu.ranepa.ru/downLoad/rio/j2025-2/3.pdf,qualitative
401,"Дальневосточный федеральный округ, демография: снижение численности населения ДФО с начала 2018 г. по 2024 г.. Значение: 3.4. Период: Cumulative. Источник: EastRussia (Бюллетень EastRussia, со ссылкой на Росстат).",Дальневосточный федеральный округ,округ_ДФО,2024,Cumulative,демография,высокая,https://www.eastrussia.ru/material/byulleten-eastrussia-analiticheskiy-obzor-sotsialnoy-sfery-dfo-vesna-2026/,qualitative
402,"Дальневосточный федеральный округ, демография: снижение численности населения макрорегиона с исторического максимума 1991 г.. Значение: 24.6. Период: Cumulative. Источник: EastRussia.",Дальневосточный федеральный округ,округ_ДФО,2024,Cumulative,демография,высокая,https://www.eastrussia.ru/material/byulleten-eastrussia-analiticheskiy-obzor-sotsialnoy-sfery-dfo-vesna-2026/,qualitative
403,"Республика Саха (Якутия), демография: единственный регион ДФО с устойчивым ростом постоянного населения начиная с 2014 г. (качественный факт, без абсолютной цифры по годам). Значение: данные отсутствуют. Период: Year. Источник: Власть и управление на Востоке России (научная статья).",Республика Саха (Якутия),регион_ДФО,2019,Year,демография,низкая,https://vlastdviu.ranepa.ru/downLoad/rio/j2025-2/3.pdf,qualitative
404,"Дальневосточный федеральный округ, демография: целевой показатель численности населения к 2025 г. по демографической стратегии ДФО — НЕ ДОСТИГНУТ. Значение: 8600 (план, не факт). Период: Plan. Источник: EastRussia (Бюллетень EastRussia).",Дальневосточный федеральный округ,округ_ДФО,2025,Plan,демография,высокая,https://www.eastrussia.ru/material/byulleten-eastrussia-analiticheskiy-obzor-sotsialnoy-sfery-dfo-vesna-2026/,qualitative
405,"Дальневосточный федеральный округ, демография: ПРОТИВОРЕЧИЕ: по данным другого интервью (Е.Ли, «Востокгосплан»), в 2024 г. миграционный баланс впервые за долгое время стал ПОЛОЖИТЕЛЬНЫМ — расходится с оценкой М.Кузнецова выше. Значение: требует проверки (два источника одной организации дают разные знаки). Период: Year. Источник: EastRussia (интервью Е.Ли).",Дальневосточный федеральный округ,округ_ДФО,2024,Year,демография,низкая,https://www.eastrussia.ru/material/demografiya-dalnego-vostoka-nas-vse-menshe-no-est-nyuans/,qualitative
406,"Дальневосточный федеральный округ, демография: коэффициент/абсолютное значение миграционного прироста. Значение: данные отсутствуют. Период: Year. Источник: требует проверки — не найдено в этом проходе. [Данные требуют проверки.]",Дальневосточный федеральный округ,округ_ДФО,2025,Year,демография,низкая,,qualitative
407,"Дальневосточный федеральный округ, демография: миграционный прирост/убыль по каждому региону отдельно. Значение: данные отсутствуют. Период: Cumulative. Источник: требует проверки — см. блок «что не удалось найти». [Данные требуют проверки.]",Дальневосточный федеральный округ,округ_ДФО,2025,Cumulative,демография,низкая,,qualitative
